"词条","译文","语言","词类","垂类","来源类型","来源JSON"
"历史","","zh","消费题材","文化；知识；小剧场","平台热词指南；消费内容作者标签","[{""url"":""https://creator.douyin.com/creator-micro/creator-count/vertical-analysis?tabValue=creativity&areaId=624"",""recordId"":""DG-文化-1"",""originalText"":""历史"",""field"":""guide[0].rows[0].keyword"",""sourceType"":""平台热词指南""},{""url"":""https://www.douyin.com/video/7662693254986501382"",""recordId"":""DC-015"",""originalText"":""历史"",""field"":""samples[14].tags[0]"",""sourceType"":""消费内容作者标签""},{""url"":""https://www.douyin.com/video/7662693254986501382"",""recordId"":""DC-015"",""originalText"":""历史"",""field"":""details[6].tags[0]"",""sourceType"":""消费内容作者标签""},{""url"":""https://www.douyin.com/video/7682401440496700699"",""recordId"":""DC-163"",""originalText"":""历史"",""field"":""samples[162].tags[0]"",""sourceType"":""消费内容作者标签""}]"
"文化","","zh","消费题材","文化","平台热词指南","[{""url"":""https://creator.douyin.com/creator-micro/creator-count/vertical-analysis?tabValue=creativity&areaId=624"",""recordId"":""DG-文化-2"",""originalText"":""文化"",""field"":""guide[0].rows[1].keyword"",""sourceType"":""平台热词指南""}]"
"潮汕","","zh","消费题材","文化","平台热词指南","[{""url"":""https://creator.douyin.com/creator-micro/creator-count/vertical-analysis?tabValue=creativity&areaId=624"",""recordId"":""DG-文化-3"",""originalText"":""潮汕"",""field"":""guide[0].rows[2].keyword"",""sourceType"":""平台热词指南""}]"
"民族","","zh","消费题材","文化","平台热词指南","[{""url"":""https://creator.douyin.com/creator-micro/creator-count/vertical-analysis?tabValue=creativity&areaId=624"",""recordId"":""DG-文化-4"",""originalText"":""民族"",""field"":""guide[0].rows[3].keyword"",""sourceType"":""平台热词指南""}]"
"国风","","zh","消费题材","文化","平台热词指南","[{""url"":""https://creator.douyin.com/creator-micro/creator-count/vertical-analysis?tabValue=creativity&areaId=624"",""recordId"":""DG-文化-5"",""originalText"":""国风"",""field"":""guide[0].rows[4].keyword"",""sourceType"":""平台热词指南""}]"
"收藏","","zh","消费题材","文化","平台热词指南","[{""url"":""https://creator.douyin.com/creator-micro/creator-count/vertical-analysis?tabValue=creativity&areaId=624"",""recordId"":""DG-文化-6"",""originalText"":""收藏"",""field"":""guide[0].rows[5].keyword"",""sourceType"":""平台热词指南""}]"
"戏曲","","zh","消费题材","文化","平台热词指南","[{""url"":""https://creator.douyin.com/creator-micro/creator-count/vertical-analysis?tabValue=creativity&areaId=624"",""recordId"":""DG-文化-8"",""originalText"":""戏曲"",""field"":""guide[0].rows[7].keyword"",""sourceType"":""平台热词指南""}]"
"非遗","","zh","消费题材","文化","平台热词指南","[{""url"":""https://creator.douyin.com/creator-micro/creator-count/vertical-analysis?tabValue=creativity&areaId=624"",""recordId"":""DG-文化-9"",""originalText"":""非遗"",""field"":""guide[0].rows[8].keyword"",""sourceType"":""平台热词指南""}]"
"诗词","","zh","消费题材","文化","平台热词指南","[{""url"":""https://creator.douyin.com/creator-micro/creator-count/vertical-analysis?tabValue=creativity&areaId=624"",""recordId"":""DG-文化-10"",""originalText"":""诗词"",""field"":""guide[0].rows[9].keyword"",""sourceType"":""平台热词指南""}]"
"剧团","","zh","消费题材","文化","平台热词指南","[{""url"":""https://creator.douyin.com/creator-micro/creator-count/vertical-analysis?tabValue=creativity&areaId=624"",""recordId"":""DG-文化-11"",""originalText"":""剧团"",""field"":""guide[1].rows[0].keyword"",""sourceType"":""平台热词指南""}]"
"习俗","","zh","消费题材","文化","平台热词指南","[{""url"":""https://creator.douyin.com/creator-micro/creator-count/vertical-analysis?tabValue=creativity&areaId=624"",""recordId"":""DG-文化-12"",""originalText"":""习俗"",""field"":""guide[1].rows[1].keyword"",""sourceType"":""平台热词指南""}]"
"民俗","","zh","消费题材","文化","平台热词指南","[{""url"":""https://creator.douyin.com/creator-micro/creator-count/vertical-analysis?tabValue=creativity&areaId=624"",""recordId"":""DG-文化-13"",""originalText"":""民俗"",""field"":""guide[1].rows[2].keyword"",""sourceType"":""平台热词指南""}]"
"豫剧","","zh","消费题材","文化","平台热词指南","[{""url"":""https://creator.douyin.com/creator-micro/creator-count/vertical-analysis?tabValue=creativity&areaId=624"",""recordId"":""DG-文化-14"",""originalText"":""豫剧"",""field"":""guide[1].rows[3].keyword"",""sourceType"":""平台热词指南""}]"
"越剧","","zh","消费题材","文化","平台热词指南","[{""url"":""https://creator.douyin.com/creator-micro/creator-count/vertical-analysis?tabValue=creativity&areaId=624"",""recordId"":""DG-文化-15"",""originalText"":""越剧"",""field"":""guide[1].rows[4].keyword"",""sourceType"":""平台热词指南""}]"
"唱段","","zh","消费题材","文化","平台热词指南","[{""url"":""https://creator.douyin.com/creator-micro/creator-count/vertical-analysis?tabValue=creativity&areaId=624"",""recordId"":""DG-文化-16"",""originalText"":""唱段"",""field"":""guide[1].rows[5].keyword"",""sourceType"":""平台热词指南""}]"
"古人","","zh","消费题材","文化","平台热词指南","[{""url"":""https://creator.douyin.com/creator-micro/creator-count/vertical-analysis?tabValue=creativity&areaId=624"",""recordId"":""DG-文化-17"",""originalText"":""古人"",""field"":""guide[1].rows[6].keyword"",""sourceType"":""平台热词指南""}]"
"秦腔","","zh","消费题材","文化","平台热词指南","[{""url"":""https://creator.douyin.com/creator-micro/creator-count/vertical-analysis?tabValue=creativity&areaId=624"",""recordId"":""DG-文化-18"",""originalText"":""秦腔"",""field"":""guide[1].rows[7].keyword"",""sourceType"":""平台热词指南""}]"
"舞狮","","zh","消费题材","文化","平台热词指南","[{""url"":""https://creator.douyin.com/creator-micro/creator-count/vertical-analysis?tabValue=creativity&areaId=624"",""recordId"":""DG-文化-19"",""originalText"":""舞狮"",""field"":""guide[1].rows[8].keyword"",""sourceType"":""平台热词指南""}]"
"古玩","","zh","消费题材","文化","平台热词指南","[{""url"":""https://creator.douyin.com/creator-micro/creator-count/vertical-analysis?tabValue=creativity&areaId=624"",""recordId"":""DG-文化-20"",""originalText"":""古玩"",""field"":""guide[1].rows[9].keyword"",""sourceType"":""平台热词指南""}]"
"手机","","zh","消费题材","科技","平台热词指南","[{""url"":""https://creator.douyin.com/creator-micro/creator-count/vertical-analysis?tabValue=creativity&areaId=615"",""recordId"":""DG-科技-1"",""originalText"":""手机"",""field"":""guide[2].rows[0].keyword"",""sourceType"":""平台热词指南""}]"
"苹果","","zh","消费题材","科技；生活vlog","平台热词指南；消费内容作者标签","[{""url"":""https://creator.douyin.com/creator-micro/creator-count/vertical-analysis?tabValue=creativity&areaId=615"",""recordId"":""DG-科技-2"",""originalText"":""苹果"",""field"":""guide[2].rows[1].keyword"",""sourceType"":""平台热词指南""},{""url"":""https://www.douyin.com/video/7653127455598710059"",""recordId"":""DC-135"",""originalText"":""苹果"",""field"":""samples[134].tags[2]"",""sourceType"":""消费内容作者标签""}]"
"小米","","zh","消费题材","科技；汽车","平台热词指南；消费内容作者标签","[{""url"":""https://creator.douyin.com/creator-micro/creator-count/vertical-analysis?tabValue=creativity&areaId=615"",""recordId"":""DG-科技-3"",""originalText"":""小米"",""field"":""guide[2].rows[2].keyword"",""sourceType"":""平台热词指南""},{""url"":""https://www.douyin.com/video/7668305147985956139"",""recordId"":""DC-295"",""originalText"":""小米"",""field"":""samples[294].tags[0]"",""sourceType"":""消费内容作者标签""}]"
"华为","","zh","消费题材","科技","平台热词指南","[{""url"":""https://creator.douyin.com/creator-micro/creator-count/vertical-analysis?tabValue=creativity&areaId=615"",""recordId"":""DG-科技-4"",""originalText"":""华为"",""field"":""guide[2].rows[3].keyword"",""sourceType"":""平台热词指南""}]"
"电脑","","zh","消费题材","科技","平台热词指南","[{""url"":""https://creator.douyin.com/creator-micro/creator-count/vertical-analysis?tabValue=creativity&areaId=615"",""recordId"":""DG-科技-6"",""originalText"":""电脑"",""field"":""guide[2].rows[5].keyword"",""sourceType"":""平台热词指南""}]"
"维修","","zh","消费题材","科技","平台热词指南","[{""url"":""https://creator.douyin.com/creator-micro/creator-count/vertical-analysis?tabValue=creativity&areaId=615"",""recordId"":""DG-科技-7"",""originalText"":""维修"",""field"":""guide[2].rows[6].keyword"",""sourceType"":""平台热词指南""}]"
"电池","","zh","消费题材","科技","平台热词指南","[{""url"":""https://creator.douyin.com/creator-micro/creator-count/vertical-analysis?tabValue=creativity&areaId=615"",""recordId"":""DG-科技-9"",""originalText"":""电池"",""field"":""guide[2].rows[8].keyword"",""sourceType"":""平台热词指南""}]"
"飞机","","zh","消费题材","科技","平台热词指南","[{""url"":""https://creator.douyin.com/creator-micro/creator-count/vertical-analysis?tabValue=creativity&areaId=615"",""recordId"":""DG-科技-10"",""originalText"":""飞机"",""field"":""guide[2].rows[9].keyword"",""sourceType"":""平台热词指南""}]"
"耳机","","zh","消费题材","科技","平台热词指南","[{""url"":""https://creator.douyin.com/creator-micro/creator-count/vertical-analysis?tabValue=creativity&areaId=615"",""recordId"":""DG-科技-11"",""originalText"":""耳机"",""field"":""guide[3].rows[0].keyword"",""sourceType"":""平台热词指南""}]"
"空调","","zh","消费题材","科技","平台热词指南","[{""url"":""https://creator.douyin.com/creator-micro/creator-count/vertical-analysis?tabValue=creativity&areaId=615"",""recordId"":""DG-科技-13"",""originalText"":""空调"",""field"":""guide[3].rows[2].keyword"",""sourceType"":""平台热词指南""}]"
"软件","","zh","消费题材","科技","平台热词指南","[{""url"":""https://creator.douyin.com/creator-micro/creator-count/vertical-analysis?tabValue=creativity&areaId=615"",""recordId"":""DG-科技-14"",""originalText"":""软件"",""field"":""guide[3].rows[3].keyword"",""sourceType"":""平台热词指南""}]"
"冰箱","","zh","消费题材","科技","平台热词指南","[{""url"":""https://creator.douyin.com/creator-micro/creator-count/vertical-analysis?tabValue=creativity&areaId=615"",""recordId"":""DG-科技-15"",""originalText"":""冰箱"",""field"":""guide[3].rows[4].keyword"",""sourceType"":""平台热词指南""}]"
"苹果手机","","zh","工具","科技","平台热词指南","[{""url"":""https://creator.douyin.com/creator-micro/creator-count/vertical-analysis?tabValue=creativity&areaId=615"",""recordId"":""DG-科技-19"",""originalText"":""苹果手机"",""field"":""guide[3].rows[8].keyword"",""sourceType"":""平台热词指南""}]"
"高铁","","zh","消费题材","科技","平台热词指南","[{""url"":""https://creator.douyin.com/creator-micro/creator-count/vertical-analysis?tabValue=creativity&areaId=615"",""recordId"":""DG-科技-20"",""originalText"":""高铁"",""field"":""guide[3].rows[9].keyword"",""sourceType"":""平台热词指南""}]"
"大学","","zh","消费题材","教育校园","平台热词指南","[{""url"":""https://creator.douyin.com/creator-micro/creator-count/vertical-analysis?tabValue=creativity&areaId=626"",""recordId"":""DG-教育校园-1"",""originalText"":""大学"",""field"":""guide[4].rows[0].keyword"",""sourceType"":""平台热词指南""}]"
"英语","","zh","消费题材","教育校园","平台热词指南","[{""url"":""https://creator.douyin.com/creator-micro/creator-count/vertical-analysis?tabValue=creativity&areaId=626"",""recordId"":""DG-教育校园-2"",""originalText"":""英语"",""field"":""guide[4].rows[1].keyword"",""sourceType"":""平台热词指南""}]"
"学习","","zh","消费题材","教育校园","平台热词指南","[{""url"":""https://creator.douyin.com/creator-micro/creator-count/vertical-analysis?tabValue=creativity&areaId=626"",""recordId"":""DG-教育校园-4"",""originalText"":""学习"",""field"":""guide[4].rows[3].keyword"",""sourceType"":""平台热词指南""}]"
"小学","","zh","消费题材","教育校园","平台热词指南","[{""url"":""https://creator.douyin.com/creator-micro/creator-count/vertical-analysis?tabValue=creativity&areaId=626"",""recordId"":""DG-教育校园-5"",""originalText"":""小学"",""field"":""guide[4].rows[4].keyword"",""sourceType"":""平台热词指南""}]"
"数学","","zh","消费题材","教育校园","平台热词指南","[{""url"":""https://creator.douyin.com/creator-micro/creator-count/vertical-analysis?tabValue=creativity&areaId=626"",""recordId"":""DG-教育校园-7"",""originalText"":""数学"",""field"":""guide[4].rows[6].keyword"",""sourceType"":""平台热词指南""}]"
"高中","","zh","消费题材","教育校园","平台热词指南","[{""url"":""https://creator.douyin.com/creator-micro/creator-count/vertical-analysis?tabValue=creativity&areaId=626"",""recordId"":""DG-教育校园-8"",""originalText"":""高中"",""field"":""guide[4].rows[7].keyword"",""sourceType"":""平台热词指南""}]"
"语文","","zh","消费题材","教育校园","平台热词指南","[{""url"":""https://creator.douyin.com/creator-micro/creator-count/vertical-analysis?tabValue=creativity&areaId=626"",""recordId"":""DG-教育校园-9"",""originalText"":""语文"",""field"":""guide[4].rows[8].keyword"",""sourceType"":""平台热词指南""}]"
"考试","","zh","消费题材","教育校园","平台热词指南","[{""url"":""https://creator.douyin.com/creator-micro/creator-count/vertical-analysis?tabValue=creativity&areaId=626"",""recordId"":""DG-教育校园-10"",""originalText"":""考试"",""field"":""guide[4].rows[9].keyword"",""sourceType"":""平台热词指南""}]"
"作文","","zh","消费题材","教育校园","平台热词指南","[{""url"":""https://creator.douyin.com/creator-micro/creator-count/vertical-analysis?tabValue=creativity&areaId=626"",""recordId"":""DG-教育校园-11"",""originalText"":""作文"",""field"":""guide[5].rows[0].keyword"",""sourceType"":""平台热词指南""}]"
"英文","","zh","消费题材","教育校园","平台热词指南","[{""url"":""https://creator.douyin.com/creator-micro/creator-count/vertical-analysis?tabValue=creativity&areaId=626"",""recordId"":""DG-教育校园-12"",""originalText"":""英文"",""field"":""guide[5].rows[1].keyword"",""sourceType"":""平台热词指南""}]"
"高考","","zh","消费题材","教育校园","平台热词指南","[{""url"":""https://creator.douyin.com/creator-micro/creator-count/vertical-analysis?tabValue=creativity&areaId=626"",""recordId"":""DG-教育校园-13"",""originalText"":""高考"",""field"":""guide[5].rows[2].keyword"",""sourceType"":""平台热词指南""}]"
"课堂","","zh","消费题材","教育校园","平台热词指南","[{""url"":""https://creator.douyin.com/creator-micro/creator-count/vertical-analysis?tabValue=creativity&areaId=626"",""recordId"":""DG-教育校园-14"",""originalText"":""课堂"",""field"":""guide[5].rows[3].keyword"",""sourceType"":""平台热词指南""}]"
"成绩","","zh","消费题材","教育校园","平台热词指南","[{""url"":""https://creator.douyin.com/creator-micro/creator-count/vertical-analysis?tabValue=creativity&areaId=626"",""recordId"":""DG-教育校园-16"",""originalText"":""成绩"",""field"":""guide[5].rows[5].keyword"",""sourceType"":""平台热词指南""}]"
"考研","","zh","消费题材","教育校园","平台热词指南","[{""url"":""https://creator.douyin.com/creator-micro/creator-count/vertical-analysis?tabValue=creativity&areaId=626"",""recordId"":""DG-教育校园-17"",""originalText"":""考研"",""field"":""guide[5].rows[6].keyword"",""sourceType"":""平台热词指南""}]"
"单词","","zh","消费题材","教育校园","平台热词指南","[{""url"":""https://creator.douyin.com/creator-micro/creator-count/vertical-analysis?tabValue=creativity&areaId=626"",""recordId"":""DG-教育校园-18"",""originalText"":""单词"",""field"":""guide[5].rows[7].keyword"",""sourceType"":""平台热词指南""}]"
"中考","","zh","消费题材","教育校园","平台热词指南","[{""url"":""https://creator.douyin.com/creator-micro/creator-count/vertical-analysis?tabValue=creativity&areaId=626"",""recordId"":""DG-教育校园-19"",""originalText"":""中考"",""field"":""guide[5].rows[8].keyword"",""sourceType"":""平台热词指南""}]"
"研究生","","zh","消费题材","教育校园；公开课","平台热词指南；消费内容作者标签","[{""url"":""https://creator.douyin.com/creator-micro/creator-count/vertical-analysis?tabValue=creativity&areaId=626"",""recordId"":""DG-教育校园-20"",""originalText"":""研究生"",""field"":""guide[5].rows[9].keyword"",""sourceType"":""平台热词指南""},{""url"":""https://www.douyin.com/video/7520550712514759955"",""recordId"":""DC-040"",""originalText"":""研究生"",""field"":""samples[39].tags[4]"",""sourceType"":""消费内容作者标签""}]"
"搞笑","","zh","消费题材","剧情；影视；小剧场","平台热词指南；消费内容作者标签","[{""url"":""https://creator.douyin.com/creator-micro/creator-count/vertical-analysis?tabValue=creativity&areaId=601"",""recordId"":""DG-剧情-2"",""originalText"":""搞笑"",""field"":""guide[6].rows[1].keyword"",""sourceType"":""平台热词指南""},{""url"":""https://www.douyin.com/video/7675666914512882971"",""recordId"":""DC-054"",""originalText"":""搞笑"",""field"":""samples[53].tags[1]"",""sourceType"":""消费内容作者标签""},{""url"":""https://www.douyin.com/video/7673502094384549172"",""recordId"":""DC-164"",""originalText"":""搞笑"",""field"":""samples[163].tags[2]"",""sourceType"":""消费内容作者标签""}]"
"搞笑视频","","zh","消费题材","剧情","平台热词指南","[{""url"":""https://creator.douyin.com/creator-micro/creator-count/vertical-analysis?tabValue=creativity&areaId=601"",""recordId"":""DG-剧情-3"",""originalText"":""搞笑视频"",""field"":""guide[6].rows[2].keyword"",""sourceType"":""平台热词指南""}]"
"反转","","zh","消费题材","剧情","平台热词指南","[{""url"":""https://creator.douyin.com/creator-micro/creator-count/vertical-analysis?tabValue=creativity&areaId=601"",""recordId"":""DG-剧情-5"",""originalText"":""反转"",""field"":""guide[6].rows[4].keyword"",""sourceType"":""平台热词指南""}]"
"配音","","zh","创作任务","剧情","平台热词指南","[{""url"":""https://creator.douyin.com/creator-micro/creator-count/vertical-analysis?tabValue=creativity&areaId=601"",""recordId"":""DG-剧情-6"",""originalText"":""配音"",""field"":""guide[6].rows[5].keyword"",""sourceType"":""平台热词指南""}]"
"段子","","zh","消费题材","剧情","平台热词指南","[{""url"":""https://creator.douyin.com/creator-micro/creator-count/vertical-analysis?tabValue=creativity&areaId=601"",""recordId"":""DG-剧情-8"",""originalText"":""段子"",""field"":""guide[6].rows[7].keyword"",""sourceType"":""平台热词指南""}]"
"小品","","zh","消费题材","剧情","平台热词指南","[{""url"":""https://creator.douyin.com/creator-micro/creator-count/vertical-analysis?tabValue=creativity&areaId=601"",""recordId"":""DG-剧情-10"",""originalText"":""小品"",""field"":""guide[6].rows[9].keyword"",""sourceType"":""平台热词指南""}]"
"恶搞","","zh","消费题材","剧情","平台热词指南","[{""url"":""https://creator.douyin.com/creator-micro/creator-count/vertical-analysis?tabValue=creativity&areaId=601"",""recordId"":""DG-剧情-13"",""originalText"":""恶搞"",""field"":""guide[7].rows[2].keyword"",""sourceType"":""平台热词指南""}]"
"幽默","","zh","消费题材","剧情","平台热词指南","[{""url"":""https://creator.douyin.com/creator-micro/creator-count/vertical-analysis?tabValue=creativity&areaId=601"",""recordId"":""DG-剧情-15"",""originalText"":""幽默"",""field"":""guide[7].rows[4].keyword"",""sourceType"":""平台热词指南""}]"
"赵本山","","zh","消费题材","剧情","平台热词指南","[{""url"":""https://creator.douyin.com/creator-micro/creator-count/vertical-analysis?tabValue=creativity&areaId=601"",""recordId"":""DG-剧情-16"",""originalText"":""赵本山"",""field"":""guide[7].rows[5].keyword"",""sourceType"":""平台热词指南""}]"
"剧本","","zh","创作任务","剧情","平台热词指南","[{""url"":""https://creator.douyin.com/creator-micro/creator-count/vertical-analysis?tabValue=creativity&areaId=601"",""recordId"":""DG-剧情-18"",""originalText"":""剧本"",""field"":""guide[7].rows[7].keyword"",""sourceType"":""平台热词指南""}]"
"喜剧","","zh","消费题材","剧情","平台热词指南","[{""url"":""https://creator.douyin.com/creator-micro/creator-count/vertical-analysis?tabValue=creativity&areaId=601"",""recordId"":""DG-剧情-20"",""originalText"":""喜剧"",""field"":""guide[7].rows[9].keyword"",""sourceType"":""平台热词指南""}]"
"小说","","zh","消费题材","二次元","平台热词指南","[{""url"":""https://creator.douyin.com/creator-micro/creator-count/vertical-analysis?tabValue=creativity&areaId=607"",""recordId"":""DG-二次元-1"",""originalText"":""小说"",""field"":""guide[8].rows[0].keyword"",""sourceType"":""平台热词指南""}]"
"动漫","","zh","消费题材","二次元；小剧场；叙事与分镜","平台热词指南；消费内容作者标签；竞品作者用词","[{""url"":""https://tusi.cn/template/927966263844578246"",""recordId"":""cn-tusi-01"",""originalText"":""动漫"",""field"":""terms[5].sources[0].sourceExcerpt"",""sourceType"":""竞品作者用词""},{""url"":""https://creator.douyin.com/creator-micro/creator-count/vertical-analysis?tabValue=creativity&areaId=607"",""recordId"":""DG-二次元-3"",""originalText"":""动漫"",""field"":""guide[8].rows[2].keyword"",""sourceType"":""平台热词指南""},{""url"":""https://www.douyin.com/video/7669609973059456310"",""recordId"":""DC-072"",""originalText"":""动漫"",""field"":""samples[71].tags[0]"",""sourceType"":""消费内容作者标签""},{""url"":""https://www.douyin.com/video/7654897449135279401"",""recordId"":""DC-088"",""originalText"":""动漫"",""field"":""samples[87].tags[3]"",""sourceType"":""消费内容作者标签""},{""url"":""https://www.douyin.com/video/7669276188178812166"",""recordId"":""DC-175"",""originalText"":""动漫"",""field"":""samples[174].tags[1]"",""sourceType"":""消费内容作者标签""}]"
"穿越","","zh","消费题材","二次元","平台热词指南","[{""url"":""https://creator.douyin.com/creator-micro/creator-count/vertical-analysis?tabValue=creativity&areaId=607"",""recordId"":""DG-二次元-5"",""originalText"":""穿越"",""field"":""guide[8].rows[4].keyword"",""sourceType"":""平台热词指南""}]"
"漫画","","zh","消费题材","二次元","平台热词指南","[{""url"":""https://creator.douyin.com/creator-micro/creator-count/vertical-analysis?tabValue=creativity&areaId=607"",""recordId"":""DG-二次元-8"",""originalText"":""漫画"",""field"":""guide[8].rows[7].keyword"",""sourceType"":""平台热词指南""}]"
"修仙","","zh","消费题材","二次元","平台热词指南","[{""url"":""https://creator.douyin.com/creator-micro/creator-count/vertical-analysis?tabValue=creativity&areaId=607"",""recordId"":""DG-二次元-9"",""originalText"":""修仙"",""field"":""guide[8].rows[8].keyword"",""sourceType"":""平台热词指南""}]"
"爽文","","zh","消费题材","二次元","平台热词指南","[{""url"":""https://creator.douyin.com/creator-micro/creator-count/vertical-analysis?tabValue=creativity&areaId=607"",""recordId"":""DG-二次元-10"",""originalText"":""爽文"",""field"":""guide[8].rows[9].keyword"",""sourceType"":""平台热词指南""}]"
"二次元","","zh","消费题材","二次元；音乐","平台热词指南；消费内容作者标签","[{""url"":""https://creator.douyin.com/creator-micro/creator-count/vertical-analysis?tabValue=creativity&areaId=607"",""recordId"":""DG-二次元-12"",""originalText"":""二次元"",""field"":""guide[9].rows[1].keyword"",""sourceType"":""平台热词指南""},{""url"":""https://www.douyin.com/video/7669609973059456310"",""recordId"":""DC-072"",""originalText"":""二次元"",""field"":""samples[71].tags[1]"",""sourceType"":""消费内容作者标签""},{""url"":""https://www.douyin.com/video/7661985885109357874"",""recordId"":""DC-099"",""originalText"":""二次元"",""field"":""samples[98].tags[2]"",""sourceType"":""消费内容作者标签""}]"
"蜘蛛侠","","zh","消费题材","二次元","平台热词指南","[{""url"":""https://creator.douyin.com/creator-micro/creator-count/vertical-analysis?tabValue=creativity&areaId=607"",""recordId"":""DG-二次元-14"",""originalText"":""蜘蛛侠"",""field"":""guide[9].rows[3].keyword"",""sourceType"":""平台热词指南""}]"
"手办","","zh","消费题材","二次元","平台热词指南","[{""url"":""https://creator.douyin.com/creator-micro/creator-count/vertical-analysis?tabValue=creativity&areaId=607"",""recordId"":""DG-二次元-19"",""originalText"":""手办"",""field"":""guide[9].rows[8].keyword"",""sourceType"":""平台热词指南""}]"
"假面骑士","","zh","消费题材","二次元","平台热词指南","[{""url"":""https://creator.douyin.com/creator-micro/creator-count/vertical-analysis?tabValue=creativity&areaId=607"",""recordId"":""DG-二次元-20"",""originalText"":""假面骑士"",""field"":""guide[9].rows[9].keyword"",""sourceType"":""平台热词指南""}]"
"照片","","zh","消费题材","摄影摄像","平台热词指南","[{""url"":""https://creator.douyin.com/creator-micro/creator-count/vertical-analysis?tabValue=creativity&areaId=627"",""recordId"":""DG-摄影摄像-1"",""originalText"":""照片"",""field"":""guide[10].rows[0].keyword"",""sourceType"":""平台热词指南""}]"
"拍照","","zh","创作任务","摄影摄像","平台热词指南","[{""url"":""https://creator.douyin.com/creator-micro/creator-count/vertical-analysis?tabValue=creativity&areaId=627"",""recordId"":""DG-摄影摄像-2"",""originalText"":""拍照"",""field"":""guide[10].rows[1].keyword"",""sourceType"":""平台热词指南""}]"
"剪辑","","zh","创作任务","摄影摄像","平台热词指南","[{""url"":""https://creator.douyin.com/creator-micro/creator-count/vertical-analysis?tabValue=creativity&areaId=627"",""recordId"":""DG-摄影摄像-3"",""originalText"":""剪辑"",""field"":""guide[10].rows[2].keyword"",""sourceType"":""平台热词指南""}]"
"摄影","","zh","创作任务","摄影摄像","平台热词指南","[{""url"":""https://creator.douyin.com/creator-micro/creator-count/vertical-analysis?tabValue=creativity&areaId=627"",""recordId"":""DG-摄影摄像-4"",""originalText"":""摄影"",""field"":""guide[10].rows[3].keyword"",""sourceType"":""平台热词指南""}]"
"出片","","zh","创作任务","摄影摄像","平台热词指南","[{""url"":""https://creator.douyin.com/creator-micro/creator-count/vertical-analysis?tabValue=creativity&areaId=627"",""recordId"":""DG-摄影摄像-5"",""originalText"":""出片"",""field"":""guide[10].rows[4].keyword"",""sourceType"":""平台热词指南""}]"
"镜头","","zh","创作任务","摄影摄像","平台热词指南","[{""url"":""https://creator.douyin.com/creator-micro/creator-count/vertical-analysis?tabValue=creativity&areaId=627"",""recordId"":""DG-摄影摄像-6"",""originalText"":""镜头"",""field"":""guide[10].rows[5].keyword"",""sourceType"":""平台热词指南""}]"
"剪映","","zh","工具","摄影摄像","平台热词指南","[{""url"":""https://creator.douyin.com/creator-micro/creator-count/vertical-analysis?tabValue=creativity&areaId=627"",""recordId"":""DG-摄影摄像-7"",""originalText"":""剪映"",""field"":""guide[10].rows[6].keyword"",""sourceType"":""平台热词指南""}]"
"素材","","zh","创作任务","摄影摄像","平台热词指南","[{""url"":""https://creator.douyin.com/creator-micro/creator-count/vertical-analysis?tabValue=creativity&areaId=627"",""recordId"":""DG-摄影摄像-8"",""originalText"":""素材"",""field"":""guide[10].rows[7].keyword"",""sourceType"":""平台热词指南""}]"
"相机","","zh","消费题材","摄影摄像","平台热词指南","[{""url"":""https://creator.douyin.com/creator-micro/creator-count/vertical-analysis?tabValue=creativity&areaId=627"",""recordId"":""DG-摄影摄像-9"",""originalText"":""相机"",""field"":""guide[10].rows[8].keyword"",""sourceType"":""平台热词指南""}]"
"随拍","","zh","创作任务","摄影摄像；生活vlog","平台热词指南；消费内容作者标签","[{""url"":""https://creator.douyin.com/creator-micro/creator-count/vertical-analysis?tabValue=creativity&areaId=627"",""recordId"":""DG-摄影摄像-11"",""originalText"":""随拍"",""field"":""guide[11].rows[0].keyword"",""sourceType"":""平台热词指南""},{""url"":""https://www.douyin.com/video/7677068475923172658"",""recordId"":""DC-132"",""originalText"":""随拍"",""field"":""samples[131].tags[2]"",""sourceType"":""消费内容作者标签""}]"
"自拍","","zh","创作任务","摄影摄像","平台热词指南","[{""url"":""https://creator.douyin.com/creator-micro/creator-count/vertical-analysis?tabValue=creativity&areaId=627"",""recordId"":""DG-摄影摄像-13"",""originalText"":""自拍"",""field"":""guide[11].rows[2].keyword"",""sourceType"":""平台热词指南""}]"
"星空","","zh","消费题材","摄影摄像","平台热词指南","[{""url"":""https://creator.douyin.com/creator-micro/creator-count/vertical-analysis?tabValue=creativity&areaId=627"",""recordId"":""DG-摄影摄像-14"",""originalText"":""星空"",""field"":""guide[11].rows[3].keyword"",""sourceType"":""平台热词指南""}]"
"转场","","zh","创作任务","摄影摄像","平台热词指南","[{""url"":""https://creator.douyin.com/creator-micro/creator-count/vertical-analysis?tabValue=creativity&areaId=627"",""recordId"":""DG-摄影摄像-15"",""originalText"":""转场"",""field"":""guide[11].rows[4].keyword"",""sourceType"":""平台热词指南""}]"
"夜景","","zh","消费题材","摄影摄像","平台热词指南","[{""url"":""https://creator.douyin.com/creator-micro/creator-count/vertical-analysis?tabValue=creativity&areaId=627"",""recordId"":""DG-摄影摄像-16"",""originalText"":""夜景"",""field"":""guide[11].rows[5].keyword"",""sourceType"":""平台热词指南""}]"
"滤镜","","zh","创作任务","摄影摄像","平台热词指南","[{""url"":""https://creator.douyin.com/creator-micro/creator-count/vertical-analysis?tabValue=creativity&areaId=627"",""recordId"":""DG-摄影摄像-17"",""originalText"":""滤镜"",""field"":""guide[11].rows[6].keyword"",""sourceType"":""平台热词指南""}]"
"拍照姿势","","zh","创作任务","摄影摄像","平台热词指南","[{""url"":""https://creator.douyin.com/creator-micro/creator-count/vertical-analysis?tabValue=creativity&areaId=627"",""recordId"":""DG-摄影摄像-18"",""originalText"":""拍照姿势"",""field"":""guide[11].rows[7].keyword"",""sourceType"":""平台热词指南""}]"
"日落","","zh","消费题材","摄影摄像","平台热词指南","[{""url"":""https://creator.douyin.com/creator-micro/creator-count/vertical-analysis?tabValue=creativity&areaId=627"",""recordId"":""DG-摄影摄像-19"",""originalText"":""日落"",""field"":""guide[11].rows[8].keyword"",""sourceType"":""平台热词指南""}]"
"音乐","","zh","消费题材","音乐","平台热词指南；消费内容作者标签","[{""url"":""https://creator.douyin.com/creator-micro/creator-count/vertical-analysis?tabValue=creativity&areaId=606"",""recordId"":""DG-音乐-1"",""originalText"":""音乐"",""field"":""guide[12].rows[0].keyword"",""sourceType"":""平台热词指南""},{""url"":""https://www.douyin.com/video/7678608837619879214"",""recordId"":""DC-101"",""originalText"":""音乐"",""field"":""samples[100].tags[1]"",""sourceType"":""消费内容作者标签""},{""url"":""https://www.douyin.com/video/7655711897913186213"",""recordId"":""DC-107"",""originalText"":""音乐"",""field"":""samples[106].tags[3]"",""sourceType"":""消费内容作者标签""}]"
"歌曲","","zh","消费题材","音乐","平台热词指南","[{""url"":""https://creator.douyin.com/creator-micro/creator-count/vertical-analysis?tabValue=creativity&areaId=606"",""recordId"":""DG-音乐-2"",""originalText"":""歌曲"",""field"":""guide[12].rows[1].keyword"",""sourceType"":""平台热词指南""}]"
"演唱","","zh","创作任务","音乐","平台热词指南","[{""url"":""https://creator.douyin.com/creator-micro/creator-count/vertical-analysis?tabValue=creativity&areaId=606"",""recordId"":""DG-音乐-3"",""originalText"":""演唱"",""field"":""guide[12].rows[2].keyword"",""sourceType"":""平台热词指南""}]"
"演唱会","","zh","消费题材","音乐","平台热词指南","[{""url"":""https://creator.douyin.com/creator-micro/creator-count/vertical-analysis?tabValue=creativity&areaId=606"",""recordId"":""DG-音乐-5"",""originalText"":""演唱会"",""field"":""guide[12].rows[4].keyword"",""sourceType"":""平台热词指南""}]"
"唱歌","","zh","创作任务","音乐","平台热词指南","[{""url"":""https://creator.douyin.com/creator-micro/creator-count/vertical-analysis?tabValue=creativity&areaId=606"",""recordId"":""DG-音乐-7"",""originalText"":""唱歌"",""field"":""guide[12].rows[6].keyword"",""sourceType"":""平台热词指南""}]"
"伴奏","","zh","创作任务","音乐","平台热词指南","[{""url"":""https://creator.douyin.com/creator-micro/creator-count/vertical-analysis?tabValue=creativity&areaId=606"",""recordId"":""DG-音乐-9"",""originalText"":""伴奏"",""field"":""guide[12].rows[8].keyword"",""sourceType"":""平台热词指南""}]"
"原唱","","zh","消费题材","音乐","平台热词指南","[{""url"":""https://creator.douyin.com/creator-micro/creator-count/vertical-analysis?tabValue=creativity&areaId=606"",""recordId"":""DG-音乐-10"",""originalText"":""原唱"",""field"":""guide[12].rows[9].keyword"",""sourceType"":""平台热词指南""}]"
"歌词","","zh","创作任务","音乐","平台热词指南","[{""url"":""https://creator.douyin.com/creator-micro/creator-count/vertical-analysis?tabValue=creativity&areaId=606"",""recordId"":""DG-音乐-12"",""originalText"":""歌词"",""field"":""guide[13].rows[1].keyword"",""sourceType"":""平台热词指南""}]"
"翻唱","","zh","创作任务","音乐","平台热词指南","[{""url"":""https://creator.douyin.com/creator-micro/creator-count/vertical-analysis?tabValue=creativity&areaId=606"",""recordId"":""DG-音乐-13"",""originalText"":""翻唱"",""field"":""guide[13].rows[2].keyword"",""sourceType"":""平台热词指南""}]"
"老歌","","zh","消费题材","音乐","平台热词指南","[{""url"":""https://creator.douyin.com/creator-micro/creator-count/vertical-analysis?tabValue=creativity&areaId=606"",""recordId"":""DG-音乐-14"",""originalText"":""老歌"",""field"":""guide[13].rows[3].keyword"",""sourceType"":""平台热词指南""}]"
"山歌","","zh","消费题材","音乐","平台热词指南","[{""url"":""https://creator.douyin.com/creator-micro/creator-count/vertical-analysis?tabValue=creativity&areaId=606"",""recordId"":""DG-音乐-16"",""originalText"":""山歌"",""field"":""guide[13].rows[5].keyword"",""sourceType"":""平台热词指南""}]"
"听歌","","zh","消费题材","音乐","平台热词指南","[{""url"":""https://creator.douyin.com/creator-micro/creator-count/vertical-analysis?tabValue=creativity&areaId=606"",""recordId"":""DG-音乐-17"",""originalText"":""听歌"",""field"":""guide[13].rows[6].keyword"",""sourceType"":""平台热词指南""}]"
"合唱","","zh","创作任务","音乐","平台热词指南；消费内容作者标签","[{""url"":""https://creator.douyin.com/creator-micro/creator-count/vertical-analysis?tabValue=creativity&areaId=606"",""recordId"":""DG-音乐-18"",""originalText"":""合唱"",""field"":""guide[13].rows[7].keyword"",""sourceType"":""平台热词指南""},{""url"":""https://www.douyin.com/video/7672671768754146560"",""recordId"":""DC-111"",""originalText"":""合唱"",""field"":""samples[110].tags[4]"",""sourceType"":""消费内容作者标签""}]"
"情歌","","zh","消费题材","音乐","平台热词指南","[{""url"":""https://creator.douyin.com/creator-micro/creator-count/vertical-analysis?tabValue=creativity&areaId=606"",""recordId"":""DG-音乐-20"",""originalText"":""情歌"",""field"":""guide[13].rows[9].keyword"",""sourceType"":""平台热词指南""}]"
"教程","","zh","创作任务","职场；公开课","平台热词指南；消费内容作者标签","[{""url"":""https://creator.douyin.com/creator-micro/creator-count/vertical-analysis?tabValue=creativity&areaId=625"",""recordId"":""DG-职场-2"",""originalText"":""教程"",""field"":""guide[14].rows[1].keyword"",""sourceType"":""平台热词指南""},{""url"":""https://www.douyin.com/video/7476789346587151651"",""recordId"":""DC-033"",""originalText"":""教程"",""field"":""samples[32].tags[2]"",""sourceType"":""消费内容作者标签""}]"
"短视频","","zh","消费题材","职场","平台热词指南","[{""url"":""https://creator.douyin.com/creator-micro/creator-count/vertical-analysis?tabValue=creativity&areaId=625"",""recordId"":""DG-职场-5"",""originalText"":""短视频"",""field"":""guide[14].rows[4].keyword"",""sourceType"":""平台热词指南""}]"
"流量","","zh","运营热词","职场","平台热词指南","[{""url"":""https://creator.douyin.com/creator-micro/creator-count/vertical-analysis?tabValue=creativity&areaId=625"",""recordId"":""DG-职场-6"",""originalText"":""流量"",""field"":""guide[14].rows[5].keyword"",""sourceType"":""平台热词指南""}]"
"简历","","zh","消费题材","职场","平台热词指南","[{""url"":""https://creator.douyin.com/creator-micro/creator-count/vertical-analysis?tabValue=creativity&areaId=625"",""recordId"":""DG-职场-11"",""originalText"":""简历"",""field"":""guide[15].rows[0].keyword"",""sourceType"":""平台热词指南""}]"
"创作灵感","","zh","运营热词","职场","平台热词指南","[{""url"":""https://creator.douyin.com/creator-micro/creator-count/vertical-analysis?tabValue=creativity&areaId=625"",""recordId"":""DG-职场-12"",""originalText"":""创作灵感"",""field"":""guide[15].rows[1].keyword"",""sourceType"":""平台热词指南""}]"
"职场","","zh","消费题材","职场","平台热词指南","[{""url"":""https://creator.douyin.com/creator-micro/creator-count/vertical-analysis?tabValue=creativity&areaId=625"",""recordId"":""DG-职场-13"",""originalText"":""职场"",""field"":""guide[15].rows[2].keyword"",""sourceType"":""平台热词指南""}]"
"销售","","zh","消费题材","职场","平台热词指南","[{""url"":""https://creator.douyin.com/creator-micro/creator-count/vertical-analysis?tabValue=creativity&areaId=625"",""recordId"":""DG-职场-17"",""originalText"":""销售"",""field"":""guide[15].rows[6].keyword"",""sourceType"":""平台热词指南""}]"
"公式","","zh","消费题材","职场","平台热词指南","[{""url"":""https://creator.douyin.com/creator-micro/creator-count/vertical-analysis?tabValue=creativity&areaId=625"",""recordId"":""DG-职场-18"",""originalText"":""公式"",""field"":""guide[15].rows[7].keyword"",""sourceType"":""平台热词指南""}]"
"面试","","zh","消费题材","职场","平台热词指南","[{""url"":""https://creator.douyin.com/creator-micro/creator-count/vertical-analysis?tabValue=creativity&areaId=625"",""recordId"":""DG-职场-19"",""originalText"":""面试"",""field"":""guide[15].rows[8].keyword"",""sourceType"":""平台热词指南""}]"
"儿童","","zh","消费题材","母婴","平台热词指南","[{""url"":""https://creator.douyin.com/creator-micro/creator-count/vertical-analysis?tabValue=creativity&areaId=617"",""recordId"":""DG-母婴-1"",""originalText"":""儿童"",""field"":""guide[16].rows[0].keyword"",""sourceType"":""平台热词指南""}]"
"孩子","","zh","消费题材","母婴","平台热词指南","[{""url"":""https://creator.douyin.com/creator-micro/creator-count/vertical-analysis?tabValue=creativity&areaId=617"",""recordId"":""DG-母婴-2"",""originalText"":""孩子"",""field"":""guide[16].rows[1].keyword"",""sourceType"":""平台热词指南""}]"
"早教","","zh","消费题材","母婴","平台热词指南","[{""url"":""https://creator.douyin.com/creator-micro/creator-count/vertical-analysis?tabValue=creativity&areaId=617"",""recordId"":""DG-母婴-3"",""originalText"":""早教"",""field"":""guide[16].rows[2].keyword"",""sourceType"":""平台热词指南""}]"
"幼儿","","zh","消费题材","母婴","平台热词指南","[{""url"":""https://creator.douyin.com/creator-micro/creator-count/vertical-analysis?tabValue=creativity&areaId=617"",""recordId"":""DG-母婴-4"",""originalText"":""幼儿"",""field"":""guide[16].rows[3].keyword"",""sourceType"":""平台热词指南""}]"
"0-3岁","","zh","消费题材","母婴","平台热词指南","[{""url"":""https://creator.douyin.com/creator-micro/creator-count/vertical-analysis?tabValue=creativity&areaId=617"",""recordId"":""DG-母婴-5"",""originalText"":""0-3岁"",""field"":""guide[16].rows[4].keyword"",""sourceType"":""平台热词指南""}]"
"3-6岁","","zh","消费题材","母婴","平台热词指南","[{""url"":""https://creator.douyin.com/creator-micro/creator-count/vertical-analysis?tabValue=creativity&areaId=617"",""recordId"":""DG-母婴-6"",""originalText"":""3-6岁"",""field"":""guide[16].rows[5].keyword"",""sourceType"":""平台热词指南""}]"
"动画片","","zh","消费题材","母婴","平台热词指南","[{""url"":""https://creator.douyin.com/creator-micro/creator-count/vertical-analysis?tabValue=creativity&areaId=617"",""recordId"":""DG-母婴-7"",""originalText"":""动画片"",""field"":""guide[16].rows[6].keyword"",""sourceType"":""平台热词指南""}]"
"婴儿","","zh","消费题材","母婴","平台热词指南","[{""url"":""https://creator.douyin.com/creator-micro/creator-count/vertical-analysis?tabValue=creativity&areaId=617"",""recordId"":""DG-母婴-8"",""originalText"":""婴儿"",""field"":""guide[16].rows[7].keyword"",""sourceType"":""平台热词指南""}]"
"启蒙","","zh","消费题材","母婴","平台热词指南","[{""url"":""https://creator.douyin.com/creator-micro/creator-count/vertical-analysis?tabValue=creativity&areaId=617"",""recordId"":""DG-母婴-9"",""originalText"":""启蒙"",""field"":""guide[16].rows[8].keyword"",""sourceType"":""平台热词指南""}]"
"幼儿园","","zh","消费题材","母婴","平台热词指南","[{""url"":""https://creator.douyin.com/creator-micro/creator-count/vertical-analysis?tabValue=creativity&areaId=617"",""recordId"":""DG-母婴-10"",""originalText"":""幼儿园"",""field"":""guide[16].rows[9].keyword"",""sourceType"":""平台热词指南""}]"
"教育","","zh","消费题材","母婴","平台热词指南","[{""url"":""https://creator.douyin.com/creator-micro/creator-count/vertical-analysis?tabValue=creativity&areaId=617"",""recordId"":""DG-母婴-11"",""originalText"":""教育"",""field"":""guide[17].rows[0].keyword"",""sourceType"":""平台热词指南""}]"
"孕妇","","zh","消费题材","母婴","平台热词指南","[{""url"":""https://creator.douyin.com/creator-micro/creator-count/vertical-analysis?tabValue=creativity&areaId=617"",""recordId"":""DG-母婴-13"",""originalText"":""孕妇"",""field"":""guide[17].rows[2].keyword"",""sourceType"":""平台热词指南""}]"
"亲子","","zh","消费题材","母婴；旅游与亲子活动","平台热词指南；竞品作者用词","[{""url"":""https://jimeng.jianying.com/ai-tool/work-detail/7614104058302860571?itemType=9&workDetailType=Image"",""recordId"":""cn-jimeng-05"",""originalText"":""亲子"",""field"":""terms[120].sources[0].sourceExcerpt"",""sourceType"":""竞品作者用词""},{""url"":""https://creator.douyin.com/creator-micro/creator-count/vertical-analysis?tabValue=creativity&areaId=617"",""recordId"":""DG-母婴-14"",""originalText"":""亲子"",""field"":""guide[17].rows[3].keyword"",""sourceType"":""平台热词指南""}]"
"带娃","","zh","消费题材","母婴","平台热词指南","[{""url"":""https://creator.douyin.com/creator-micro/creator-count/vertical-analysis?tabValue=creativity&areaId=617"",""recordId"":""DG-母婴-15"",""originalText"":""带娃"",""field"":""guide[17].rows[4].keyword"",""sourceType"":""平台热词指南""}]"
"奶粉","","zh","消费题材","母婴","平台热词指南","[{""url"":""https://creator.douyin.com/creator-micro/creator-count/vertical-analysis?tabValue=creativity&areaId=617"",""recordId"":""DG-母婴-16"",""originalText"":""奶粉"",""field"":""guide[17].rows[5].keyword"",""sourceType"":""平台热词指南""}]"
"宝妈","","zh","消费题材","母婴","平台热词指南","[{""url"":""https://creator.douyin.com/creator-micro/creator-count/vertical-analysis?tabValue=creativity&areaId=617"",""recordId"":""DG-母婴-17"",""originalText"":""宝妈"",""field"":""guide[17].rows[6].keyword"",""sourceType"":""平台热词指南""}]"
"儿童动画","","zh","消费题材","母婴","平台热词指南","[{""url"":""https://creator.douyin.com/creator-micro/creator-count/vertical-analysis?tabValue=creativity&areaId=617"",""recordId"":""DG-母婴-18"",""originalText"":""儿童动画"",""field"":""guide[17].rows[7].keyword"",""sourceType"":""平台热词指南""}]"
"儿童启蒙","","zh","消费题材","母婴","平台热词指南","[{""url"":""https://creator.douyin.com/creator-micro/creator-count/vertical-analysis?tabValue=creativity&areaId=617"",""recordId"":""DG-母婴-19"",""originalText"":""儿童启蒙"",""field"":""guide[17].rows[8].keyword"",""sourceType"":""平台热词指南""}]"
"新生儿","","zh","消费题材","母婴","平台热词指南","[{""url"":""https://creator.douyin.com/creator-micro/creator-count/vertical-analysis?tabValue=creativity&areaId=617"",""recordId"":""DG-母婴-20"",""originalText"":""新生儿"",""field"":""guide[17].rows[9].keyword"",""sourceType"":""平台热词指南""}]"
"厨房","","zh","消费题材","生活家居","平台热词指南","[{""url"":""https://creator.douyin.com/creator-micro/creator-count/vertical-analysis?tabValue=creativity&areaId=619"",""recordId"":""DG-生活家居-1"",""originalText"":""厨房"",""field"":""guide[18].rows[0].keyword"",""sourceType"":""平台热词指南""}]"
"设计","","zh","消费题材","生活家居；美妆穿搭","平台热词指南；消费内容作者标签","[{""url"":""https://creator.douyin.com/creator-micro/creator-count/vertical-analysis?tabValue=creativity&areaId=619"",""recordId"":""DG-生活家居-2"",""originalText"":""设计"",""field"":""guide[18].rows[1].keyword"",""sourceType"":""平台热词指南""},{""url"":""https://www.douyin.com/video/7654557240607366474"",""recordId"":""DC-257"",""originalText"":""设计"",""field"":""samples[256].tags[2]"",""sourceType"":""消费内容作者标签""}]"
"装修","","zh","消费题材","生活家居；生活vlog","平台热词指南；消费内容作者标签","[{""url"":""https://creator.douyin.com/creator-micro/creator-count/vertical-analysis?tabValue=creativity&areaId=619"",""recordId"":""DG-生活家居-4"",""originalText"":""装修"",""field"":""guide[18].rows[3].keyword"",""sourceType"":""平台热词指南""},{""url"":""https://www.douyin.com/video/7653429616396209443"",""recordId"":""DC-130"",""originalText"":""装修"",""field"":""samples[129].tags[0]"",""sourceType"":""消费内容作者标签""}]"
"玻璃","","zh","消费题材","生活家居","平台热词指南","[{""url"":""https://creator.douyin.com/creator-micro/creator-count/vertical-analysis?tabValue=creativity&areaId=619"",""recordId"":""DG-生活家居-5"",""originalText"":""玻璃"",""field"":""guide[18].rows[4].keyword"",""sourceType"":""平台热词指南""}]"
"安装","","zh","创作任务","生活家居","平台热词指南","[{""url"":""https://creator.douyin.com/creator-micro/creator-count/vertical-analysis?tabValue=creativity&areaId=619"",""recordId"":""DG-生活家居-6"",""originalText"":""安装"",""field"":""guide[18].rows[5].keyword"",""sourceType"":""平台热词指南""}]"
"收纳","","zh","消费题材","生活家居","平台热词指南","[{""url"":""https://creator.douyin.com/creator-micro/creator-count/vertical-analysis?tabValue=creativity&areaId=619"",""recordId"":""DG-生活家居-7"",""originalText"":""收纳"",""field"":""guide[18].rows[6].keyword"",""sourceType"":""平台热词指南""}]"
"防水","","zh","消费题材","生活家居","平台热词指南","[{""url"":""https://creator.douyin.com/creator-micro/creator-count/vertical-analysis?tabValue=creativity&areaId=619"",""recordId"":""DG-生活家居-8"",""originalText"":""防水"",""field"":""guide[18].rows[7].keyword"",""sourceType"":""平台热词指南""}]"
"定制","","zh","消费题材","生活家居","平台热词指南","[{""url"":""https://creator.douyin.com/creator-micro/creator-count/vertical-analysis?tabValue=creativity&areaId=619"",""recordId"":""DG-生活家居-9"",""originalText"":""定制"",""field"":""guide[18].rows[8].keyword"",""sourceType"":""平台热词指南""}]"
"卫生间","","zh","消费题材","生活家居","平台热词指南","[{""url"":""https://creator.douyin.com/creator-micro/creator-count/vertical-analysis?tabValue=creativity&areaId=619"",""recordId"":""DG-生活家居-10"",""originalText"":""卫生间"",""field"":""guide[18].rows[9].keyword"",""sourceType"":""平台热词指南""}]"
"马桶","","zh","消费题材","生活家居","平台热词指南","[{""url"":""https://creator.douyin.com/creator-micro/creator-count/vertical-analysis?tabValue=creativity&areaId=619"",""recordId"":""DG-生活家居-11"",""originalText"":""马桶"",""field"":""guide[19].rows[0].keyword"",""sourceType"":""平台热词指南""}]"
"沙发","","zh","消费题材","生活家居","平台热词指南","[{""url"":""https://creator.douyin.com/creator-micro/creator-count/vertical-analysis?tabValue=creativity&areaId=619"",""recordId"":""DG-生活家居-12"",""originalText"":""沙发"",""field"":""guide[19].rows[1].keyword"",""sourceType"":""平台热词指南""}]"
"家居","","zh","消费题材","生活家居","平台热词指南","[{""url"":""https://creator.douyin.com/creator-micro/creator-count/vertical-analysis?tabValue=creativity&areaId=619"",""recordId"":""DG-生活家居-13"",""originalText"":""家居"",""field"":""guide[19].rows[2].keyword"",""sourceType"":""平台热词指南""}]"
"装饰","","zh","消费题材","生活家居","平台热词指南","[{""url"":""https://creator.douyin.com/creator-micro/creator-count/vertical-analysis?tabValue=creativity&areaId=619"",""recordId"":""DG-生活家居-14"",""originalText"":""装饰"",""field"":""guide[19].rows[3].keyword"",""sourceType"":""平台热词指南""}]"
"家具","","zh","消费题材","生活家居","平台热词指南","[{""url"":""https://creator.douyin.com/creator-micro/creator-count/vertical-analysis?tabValue=creativity&areaId=619"",""recordId"":""DG-生活家居-15"",""originalText"":""家具"",""field"":""guide[19].rows[4].keyword"",""sourceType"":""平台热词指南""}]"
"客厅","","zh","消费题材","生活家居","平台热词指南","[{""url"":""https://creator.douyin.com/creator-micro/creator-count/vertical-analysis?tabValue=creativity&areaId=619"",""recordId"":""DG-生活家居-16"",""originalText"":""客厅"",""field"":""guide[19].rows[5].keyword"",""sourceType"":""平台热词指南""}]"
"自建房","","zh","消费题材","生活家居；生活vlog","平台热词指南；消费内容作者标签","[{""url"":""https://creator.douyin.com/creator-micro/creator-count/vertical-analysis?tabValue=creativity&areaId=619"",""recordId"":""DG-生活家居-17"",""originalText"":""自建房"",""field"":""guide[19].rows[6].keyword"",""sourceType"":""平台热词指南""},{""url"":""https://www.douyin.com/video/7660466608942370102"",""recordId"":""DC-120"",""originalText"":""自建房"",""field"":""samples[119].tags[0]"",""sourceType"":""消费内容作者标签""}]"
"别墅","","zh","消费题材","生活家居","平台热词指南","[{""url"":""https://creator.douyin.com/creator-micro/creator-count/vertical-analysis?tabValue=creativity&areaId=619"",""recordId"":""DG-生活家居-18"",""originalText"":""别墅"",""field"":""guide[19].rows[7].keyword"",""sourceType"":""平台热词指南""}]"
"阳台","","zh","消费题材","生活家居","平台热词指南","[{""url"":""https://creator.douyin.com/creator-micro/creator-count/vertical-analysis?tabValue=creativity&areaId=619"",""recordId"":""DG-生活家居-19"",""originalText"":""阳台"",""field"":""guide[19].rows[8].keyword"",""sourceType"":""平台热词指南""}]"
"卧室","","zh","消费题材","生活家居","平台热词指南","[{""url"":""https://creator.douyin.com/creator-micro/creator-count/vertical-analysis?tabValue=creativity&areaId=619"",""recordId"":""DG-生活家居-20"",""originalText"":""卧室"",""field"":""guide[19].rows[9].keyword"",""sourceType"":""平台热词指南""}]"
"皮肤","","zh","消费题材","医疗健康","平台热词指南","[{""url"":""https://creator.douyin.com/creator-micro/creator-count/vertical-analysis?tabValue=creativity&areaId=621"",""recordId"":""DG-医疗健康-1"",""originalText"":""皮肤"",""field"":""guide[20].rows[0].keyword"",""sourceType"":""平台热词指南""}]"
"营养","","zh","消费题材","医疗健康","平台热词指南","[{""url"":""https://creator.douyin.com/creator-micro/creator-count/vertical-analysis?tabValue=creativity&areaId=621"",""recordId"":""DG-医疗健康-2"",""originalText"":""营养"",""field"":""guide[20].rows[1].keyword"",""sourceType"":""平台热词指南""}]"
"症状","","zh","消费题材","医疗健康","平台热词指南","[{""url"":""https://creator.douyin.com/creator-micro/creator-count/vertical-analysis?tabValue=creativity&areaId=621"",""recordId"":""DG-医疗健康-3"",""originalText"":""症状"",""field"":""guide[20].rows[2].keyword"",""sourceType"":""平台热词指南""}]"
"手术","","zh","消费题材","医疗健康","平台热词指南","[{""url"":""https://creator.douyin.com/creator-micro/creator-count/vertical-analysis?tabValue=creativity&areaId=621"",""recordId"":""DG-医疗健康-4"",""originalText"":""手术"",""field"":""guide[20].rows[3].keyword"",""sourceType"":""平台热词指南""}]"
"养生","","zh","消费题材","医疗健康","平台热词指南","[{""url"":""https://creator.douyin.com/creator-micro/creator-count/vertical-analysis?tabValue=creativity&areaId=621"",""recordId"":""DG-医疗健康-5"",""originalText"":""养生"",""field"":""guide[20].rows[4].keyword"",""sourceType"":""平台热词指南""}]"
"中医","","zh","消费题材","医疗健康","平台热词指南","[{""url"":""https://creator.douyin.com/creator-micro/creator-count/vertical-analysis?tabValue=creativity&areaId=621"",""recordId"":""DG-医疗健康-6"",""originalText"":""中医"",""field"":""guide[20].rows[5].keyword"",""sourceType"":""平台热词指南""}]"
"腰椎","","zh","消费题材","医疗健康","平台热词指南","[{""url"":""https://creator.douyin.com/creator-micro/creator-count/vertical-analysis?tabValue=creativity&areaId=621"",""recordId"":""DG-医疗健康-7"",""originalText"":""腰椎"",""field"":""guide[20].rows[6].keyword"",""sourceType"":""平台热词指南""}]"
"口腔","","zh","消费题材","医疗健康","平台热词指南","[{""url"":""https://creator.douyin.com/creator-micro/creator-count/vertical-analysis?tabValue=creativity&areaId=621"",""recordId"":""DG-医疗健康-8"",""originalText"":""口腔"",""field"":""guide[20].rows[7].keyword"",""sourceType"":""平台热词指南""}]"
"牙齿","","zh","消费题材","医疗健康","平台热词指南","[{""url"":""https://creator.douyin.com/creator-micro/creator-count/vertical-analysis?tabValue=creativity&areaId=621"",""recordId"":""DG-医疗健康-9"",""originalText"":""牙齿"",""field"":""guide[20].rows[8].keyword"",""sourceType"":""平台热词指南""}]"
"疼痛","","zh","消费题材","医疗健康","平台热词指南","[{""url"":""https://creator.douyin.com/creator-micro/creator-count/vertical-analysis?tabValue=creativity&areaId=621"",""recordId"":""DG-医疗健康-10"",""originalText"":""疼痛"",""field"":""guide[20].rows[9].keyword"",""sourceType"":""平台热词指南""}]"
"维生素","","zh","消费题材","医疗健康","平台热词指南","[{""url"":""https://creator.douyin.com/creator-micro/creator-count/vertical-analysis?tabValue=creativity&areaId=621"",""recordId"":""DG-医疗健康-11"",""originalText"":""维生素"",""field"":""guide[21].rows[0].keyword"",""sourceType"":""平台热词指南""}]"
"饮食","","zh","消费题材","医疗健康","平台热词指南","[{""url"":""https://creator.douyin.com/creator-micro/creator-count/vertical-analysis?tabValue=creativity&areaId=621"",""recordId"":""DG-医疗健康-12"",""originalText"":""饮食"",""field"":""guide[21].rows[1].keyword"",""sourceType"":""平台热词指南""}]"
"关节","","zh","消费题材","医疗健康","平台热词指南","[{""url"":""https://creator.douyin.com/creator-micro/creator-count/vertical-analysis?tabValue=creativity&areaId=621"",""recordId"":""DG-医疗健康-13"",""originalText"":""关节"",""field"":""guide[21].rows[2].keyword"",""sourceType"":""平台热词指南""}]"
"血糖","","zh","消费题材","医疗健康","平台热词指南","[{""url"":""https://creator.douyin.com/creator-micro/creator-count/vertical-analysis?tabValue=creativity&areaId=621"",""recordId"":""DG-医疗健康-14"",""originalText"":""血糖"",""field"":""guide[21].rows[3].keyword"",""sourceType"":""平台热词指南""}]"
"孕期","","zh","消费题材","医疗健康","平台热词指南","[{""url"":""https://creator.douyin.com/creator-micro/creator-count/vertical-analysis?tabValue=creativity&areaId=621"",""recordId"":""DG-医疗健康-15"",""originalText"":""孕期"",""field"":""guide[21].rows[4].keyword"",""sourceType"":""平台热词指南""}]"
"颈椎","","zh","消费题材","医疗健康","平台热词指南","[{""url"":""https://creator.douyin.com/creator-micro/creator-count/vertical-analysis?tabValue=creativity&areaId=621"",""recordId"":""DG-医疗健康-16"",""originalText"":""颈椎"",""field"":""guide[21].rows[5].keyword"",""sourceType"":""平台热词指南""}]"
"膝盖","","zh","消费题材","医疗健康","平台热词指南","[{""url"":""https://creator.douyin.com/creator-micro/creator-count/vertical-analysis?tabValue=creativity&areaId=621"",""recordId"":""DG-医疗健康-17"",""originalText"":""膝盖"",""field"":""guide[21].rows[6].keyword"",""sourceType"":""平台热词指南""}]"
"心脏","","zh","消费题材","医疗健康","平台热词指南","[{""url"":""https://creator.douyin.com/creator-micro/creator-count/vertical-analysis?tabValue=creativity&areaId=621"",""recordId"":""DG-医疗健康-18"",""originalText"":""心脏"",""field"":""guide[21].rows[7].keyword"",""sourceType"":""平台热词指南""}]"
"康复","","zh","消费题材","医疗健康","平台热词指南","[{""url"":""https://creator.douyin.com/creator-micro/creator-count/vertical-analysis?tabValue=creativity&areaId=621"",""recordId"":""DG-医疗健康-19"",""originalText"":""康复"",""field"":""guide[21].rows[8].keyword"",""sourceType"":""平台热词指南""}]"
"益生菌","","zh","消费题材","医疗健康","平台热词指南","[{""url"":""https://creator.douyin.com/creator-micro/creator-count/vertical-analysis?tabValue=creativity&areaId=621"",""recordId"":""DG-医疗健康-20"",""originalText"":""益生菌"",""field"":""guide[21].rows[9].keyword"",""sourceType"":""平台热词指南""}]"
"火锅","","zh","消费题材","美食","平台热词指南","[{""url"":""https://creator.douyin.com/creator-micro/creator-count/vertical-analysis?tabValue=creativity&areaId=628"",""recordId"":""DG-美食-2"",""originalText"":""火锅"",""field"":""guide[22].rows[1].keyword"",""sourceType"":""平台热词指南""}]"
"咖啡","","zh","消费题材","美食","平台热词指南","[{""url"":""https://creator.douyin.com/creator-micro/creator-count/vertical-analysis?tabValue=creativity&areaId=628"",""recordId"":""DG-美食-3"",""originalText"":""咖啡"",""field"":""guide[22].rows[2].keyword"",""sourceType"":""平台热词指南""}]"
"牛肉","","zh","消费题材","美食","平台热词指南","[{""url"":""https://creator.douyin.com/creator-micro/creator-count/vertical-analysis?tabValue=creativity&areaId=628"",""recordId"":""DG-美食-4"",""originalText"":""牛肉"",""field"":""guide[22].rows[3].keyword"",""sourceType"":""平台热词指南""}]"
"月饼","","zh","消费题材","美食","平台热词指南","[{""url"":""https://creator.douyin.com/creator-micro/creator-count/vertical-analysis?tabValue=creativity&areaId=628"",""recordId"":""DG-美食-5"",""originalText"":""月饼"",""field"":""guide[22].rows[4].keyword"",""sourceType"":""平台热词指南""}]"
"鸡蛋","","zh","消费题材","美食","平台热词指南","[{""url"":""https://creator.douyin.com/creator-micro/creator-count/vertical-analysis?tabValue=creativity&areaId=628"",""recordId"":""DG-美食-6"",""originalText"":""鸡蛋"",""field"":""guide[22].rows[5].keyword"",""sourceType"":""平台热词指南""}]"
"蛋糕","","zh","消费题材","美食","平台热词指南","[{""url"":""https://creator.douyin.com/creator-micro/creator-count/vertical-analysis?tabValue=creativity&areaId=628"",""recordId"":""DG-美食-7"",""originalText"":""蛋糕"",""field"":""guide[22].rows[6].keyword"",""sourceType"":""平台热词指南""}]"
"零食","","zh","消费题材","美食","平台热词指南","[{""url"":""https://creator.douyin.com/creator-micro/creator-count/vertical-analysis?tabValue=creativity&areaId=628"",""recordId"":""DG-美食-8"",""originalText"":""零食"",""field"":""guide[22].rows[7].keyword"",""sourceType"":""平台热词指南""}]"
"水果","","zh","消费题材","美食","平台热词指南；消费内容作者标签","[{""url"":""https://creator.douyin.com/creator-micro/creator-count/vertical-analysis?tabValue=creativity&areaId=628"",""recordId"":""DG-美食-9"",""originalText"":""水果"",""field"":""guide[22].rows[8].keyword"",""sourceType"":""平台热词指南""},{""url"":""https://www.douyin.com/video/7668646555003538739"",""recordId"":""DC-268"",""originalText"":""水果"",""field"":""samples[267].tags[1]"",""sourceType"":""消费内容作者标签""}]"
"面包","","zh","消费题材","美食","平台热词指南","[{""url"":""https://creator.douyin.com/creator-micro/creator-count/vertical-analysis?tabValue=creativity&areaId=628"",""recordId"":""DG-美食-10"",""originalText"":""面包"",""field"":""guide[22].rows[9].keyword"",""sourceType"":""平台热词指南""}]"
"烧烤","","zh","消费题材","美食","平台热词指南；消费内容作者标签","[{""url"":""https://creator.douyin.com/creator-micro/creator-count/vertical-analysis?tabValue=creativity&areaId=628"",""recordId"":""DG-美食-11"",""originalText"":""烧烤"",""field"":""guide[23].rows[0].keyword"",""sourceType"":""平台热词指南""},{""url"":""https://www.douyin.com/video/7654977505878740278"",""recordId"":""DC-267"",""originalText"":""烧烤"",""field"":""samples[266].tags[2]"",""sourceType"":""消费内容作者标签""}]"
"海鲜","","zh","消费题材","美食","平台热词指南","[{""url"":""https://creator.douyin.com/creator-micro/creator-count/vertical-analysis?tabValue=creativity&areaId=628"",""recordId"":""DG-美食-12"",""originalText"":""海鲜"",""field"":""guide[23].rows[1].keyword"",""sourceType"":""平台热词指南""}]"
"辣椒","","zh","消费题材","美食","平台热词指南","[{""url"":""https://creator.douyin.com/creator-micro/creator-count/vertical-analysis?tabValue=creativity&areaId=628"",""recordId"":""DG-美食-13"",""originalText"":""辣椒"",""field"":""guide[23].rows[2].keyword"",""sourceType"":""平台热词指南""}]"
"牛奶","","zh","消费题材","美食","平台热词指南","[{""url"":""https://creator.douyin.com/creator-micro/creator-count/vertical-analysis?tabValue=creativity&areaId=628"",""recordId"":""DG-美食-14"",""originalText"":""牛奶"",""field"":""guide[23].rows[3].keyword"",""sourceType"":""平台热词指南""}]"
"早餐","","zh","消费题材","美食","平台热词指南","[{""url"":""https://creator.douyin.com/creator-micro/creator-count/vertical-analysis?tabValue=creativity&areaId=628"",""recordId"":""DG-美食-15"",""originalText"":""早餐"",""field"":""guide[23].rows[4].keyword"",""sourceType"":""平台热词指南""}]"
"烤肉","","zh","消费题材","美食","平台热词指南","[{""url"":""https://creator.douyin.com/creator-micro/creator-count/vertical-analysis?tabValue=creativity&areaId=628"",""recordId"":""DG-美食-16"",""originalText"":""烤肉"",""field"":""guide[23].rows[5].keyword"",""sourceType"":""平台热词指南""}]"
"豆腐","","zh","消费题材","美食","平台热词指南","[{""url"":""https://creator.douyin.com/creator-micro/creator-count/vertical-analysis?tabValue=creativity&areaId=628"",""recordId"":""DG-美食-17"",""originalText"":""豆腐"",""field"":""guide[23].rows[6].keyword"",""sourceType"":""平台热词指南""}]"
"奶茶","","zh","消费题材","美食","平台热词指南","[{""url"":""https://creator.douyin.com/creator-micro/creator-count/vertical-analysis?tabValue=creativity&areaId=628"",""recordId"":""DG-美食-18"",""originalText"":""奶茶"",""field"":""guide[23].rows[7].keyword"",""sourceType"":""平台热词指南""}]"
"榴莲","","zh","消费题材","美食","平台热词指南；消费内容作者标签","[{""url"":""https://creator.douyin.com/creator-micro/creator-count/vertical-analysis?tabValue=creativity&areaId=628"",""recordId"":""DG-美食-20"",""originalText"":""榴莲"",""field"":""guide[23].rows[9].keyword"",""sourceType"":""平台热词指南""},{""url"":""https://www.douyin.com/video/7668646555003538739"",""recordId"":""DC-268"",""originalText"":""榴莲"",""field"":""samples[267].tags[0]"",""sourceType"":""消费内容作者标签""}]"
"酒店","","zh","消费题材","旅行","平台热词指南","[{""url"":""https://creator.douyin.com/creator-micro/creator-count/vertical-analysis?tabValue=creativity&areaId=629"",""recordId"":""DG-旅行-1"",""originalText"":""酒店"",""field"":""guide[24].rows[0].keyword"",""sourceType"":""平台热词指南""}]"
"北京","","zh","消费题材","旅行；旅游文化与兴趣创作","平台热词指南；竞品作者用词","[{""url"":""https://jimeng.jianying.com/ai-tool/work-detail/7555101692467973414?itemType=9&workDetailType=Image"",""recordId"":""cn-jimeng-07"",""originalText"":""北京"",""field"":""terms[126].sources[0].sourceExcerpt"",""sourceType"":""竞品作者用词""},{""url"":""https://creator.douyin.com/creator-micro/creator-count/vertical-analysis?tabValue=creativity&areaId=629"",""recordId"":""DG-旅行-2"",""originalText"":""北京"",""field"":""guide[24].rows[1].keyword"",""sourceType"":""平台热词指南""}]"
"旅游","","zh","消费题材","旅行","平台热词指南；消费内容作者标签","[{""url"":""https://creator.douyin.com/creator-micro/creator-count/vertical-analysis?tabValue=creativity&areaId=629"",""recordId"":""DG-旅行-3"",""originalText"":""旅游"",""field"":""guide[24].rows[2].keyword"",""sourceType"":""平台热词指南""},{""url"":""https://www.douyin.com/video/7655597562543541519"",""recordId"":""DC-139"",""originalText"":""旅游"",""field"":""samples[138].tags[0]"",""sourceType"":""消费内容作者标签""},{""url"":""https://www.douyin.com/video/7676260880027241754"",""recordId"":""DC-145"",""originalText"":""旅游"",""field"":""samples[144].tags[3]"",""sourceType"":""消费内容作者标签""}]"
"西安","","zh","消费题材","旅行；美食","平台热词指南；消费内容作者标签","[{""url"":""https://creator.douyin.com/creator-micro/creator-count/vertical-analysis?tabValue=creativity&areaId=629"",""recordId"":""DG-旅行-4"",""originalText"":""西安"",""field"":""guide[24].rows[3].keyword"",""sourceType"":""平台热词指南""},{""url"":""https://www.douyin.com/video/7656266795284767342"",""recordId"":""DC-158"",""originalText"":""西安"",""field"":""samples[157].tags[4]"",""sourceType"":""消费内容作者标签""},{""url"":""https://www.douyin.com/video/7667898075892976939"",""recordId"":""DC-271"",""originalText"":""西安"",""field"":""samples[270].tags[1]"",""sourceType"":""消费内容作者标签""}]"
"云南","","zh","消费题材","旅行；三农","平台热词指南；消费内容作者标签","[{""url"":""https://creator.douyin.com/creator-micro/creator-count/vertical-analysis?tabValue=creativity&areaId=629"",""recordId"":""DG-旅行-6"",""originalText"":""云南"",""field"":""guide[24].rows[5].keyword"",""sourceType"":""平台热词指南""},{""url"":""https://www.douyin.com/video/7681330150369201442"",""recordId"":""DC-202"",""originalText"":""云南"",""field"":""samples[201].tags[1]"",""sourceType"":""消费内容作者标签""}]"
"贵州","","zh","消费题材","旅行","平台热词指南","[{""url"":""https://creator.douyin.com/creator-micro/creator-count/vertical-analysis?tabValue=creativity&areaId=629"",""recordId"":""DG-旅行-7"",""originalText"":""贵州"",""field"":""guide[24].rows[6].keyword"",""sourceType"":""平台热词指南""}]"
"旅行","","zh","消费题材","旅行","平台热词指南；消费内容作者标签","[{""url"":""https://creator.douyin.com/creator-micro/creator-count/vertical-analysis?tabValue=creativity&areaId=629"",""recordId"":""DG-旅行-8"",""originalText"":""旅行"",""field"":""guide[24].rows[7].keyword"",""sourceType"":""平台热词指南""},{""url"":""https://www.douyin.com/video/7670161131427728681"",""recordId"":""DC-143"",""originalText"":""旅行"",""field"":""samples[142].tags[2]"",""sourceType"":""消费内容作者标签""},{""url"":""https://www.douyin.com/video/7677160492598578475"",""recordId"":""DC-154"",""originalText"":""旅行"",""field"":""samples[153].tags[2]"",""sourceType"":""消费内容作者标签""}]"
"公园","","zh","消费题材","旅行","平台热词指南","[{""url"":""https://creator.douyin.com/creator-micro/creator-count/vertical-analysis?tabValue=creativity&areaId=629"",""recordId"":""DG-旅行-9"",""originalText"":""公园"",""field"":""guide[24].rows[8].keyword"",""sourceType"":""平台热词指南""}]"
"青岛","","zh","消费题材","旅行","平台热词指南","[{""url"":""https://creator.douyin.com/creator-micro/creator-count/vertical-analysis?tabValue=creativity&areaId=629"",""recordId"":""DG-旅行-10"",""originalText"":""青岛"",""field"":""guide[24].rows[9].keyword"",""sourceType"":""平台热词指南""}]"
"景区","","zh","消费题材","旅行","平台热词指南","[{""url"":""https://creator.douyin.com/creator-micro/creator-count/vertical-analysis?tabValue=creativity&areaId=629"",""recordId"":""DG-旅行-11"",""originalText"":""景区"",""field"":""guide[25].rows[0].keyword"",""sourceType"":""平台热词指南""}]"
"西藏","","zh","消费题材","旅行","平台热词指南","[{""url"":""https://creator.douyin.com/creator-micro/creator-count/vertical-analysis?tabValue=creativity&areaId=629"",""recordId"":""DG-旅行-12"",""originalText"":""西藏"",""field"":""guide[25].rows[1].keyword"",""sourceType"":""平台热词指南""}]"
"海边","","zh","消费题材","旅行","平台热词指南","[{""url"":""https://creator.douyin.com/creator-micro/creator-count/vertical-analysis?tabValue=creativity&areaId=629"",""recordId"":""DG-旅行-13"",""originalText"":""海边"",""field"":""guide[25].rows[2].keyword"",""sourceType"":""平台热词指南""}]"
"民宿","","zh","消费题材","旅行","平台热词指南","[{""url"":""https://creator.douyin.com/creator-micro/creator-count/vertical-analysis?tabValue=creativity&areaId=629"",""recordId"":""DG-旅行-14"",""originalText"":""民宿"",""field"":""guide[25].rows[3].keyword"",""sourceType"":""平台热词指南""}]"
"徒步","","zh","消费题材","旅行；知识","平台热词指南；消费内容作者标签","[{""url"":""https://creator.douyin.com/creator-micro/creator-count/vertical-analysis?tabValue=creativity&areaId=629"",""recordId"":""DG-旅行-15"",""originalText"":""徒步"",""field"":""guide[25].rows[4].keyword"",""sourceType"":""平台热词指南""},{""url"":""https://www.douyin.com/video/7656438487805185332"",""recordId"":""DC-012"",""originalText"":""徒步"",""field"":""samples[11].tags[4]"",""sourceType"":""消费内容作者标签""}]"
"草原","","zh","消费题材","旅行","平台热词指南","[{""url"":""https://creator.douyin.com/creator-micro/creator-count/vertical-analysis?tabValue=creativity&areaId=629"",""recordId"":""DG-旅行-16"",""originalText"":""草原"",""field"":""guide[25].rows[5].keyword"",""sourceType"":""平台热词指南""}]"
"露营","","zh","消费题材","旅行","平台热词指南","[{""url"":""https://creator.douyin.com/creator-micro/creator-count/vertical-analysis?tabValue=creativity&areaId=629"",""recordId"":""DG-旅行-17"",""originalText"":""露营"",""field"":""guide[25].rows[6].keyword"",""sourceType"":""平台热词指南""}]"
"大理","","zh","消费题材","旅行","平台热词指南；消费内容作者标签","[{""url"":""https://creator.douyin.com/creator-micro/creator-count/vertical-analysis?tabValue=creativity&areaId=629"",""recordId"":""DG-旅行-18"",""originalText"":""大理"",""field"":""guide[25].rows[7].keyword"",""sourceType"":""平台热词指南""},{""url"":""https://www.douyin.com/video/7676260880027241754"",""recordId"":""DC-145"",""originalText"":""大理"",""field"":""samples[144].tags[0]"",""sourceType"":""消费内容作者标签""}]"
"景点","","zh","消费题材","旅行","平台热词指南","[{""url"":""https://creator.douyin.com/creator-micro/creator-count/vertical-analysis?tabValue=creativity&areaId=629"",""recordId"":""DG-旅行-19"",""originalText"":""景点"",""field"":""guide[25].rows[8].keyword"",""sourceType"":""平台热词指南""}]"
"古城","","zh","消费题材","旅行","平台热词指南","[{""url"":""https://creator.douyin.com/creator-micro/creator-count/vertical-analysis?tabValue=creativity&areaId=629"",""recordId"":""DG-旅行-20"",""originalText"":""古城"",""field"":""guide[25].rows[9].keyword"",""sourceType"":""平台热词指南""}]"
"农村","","zh","消费题材","三农","平台热词指南","[{""url"":""https://creator.douyin.com/creator-micro/creator-count/vertical-analysis?tabValue=creativity&areaId=614"",""recordId"":""DG-三农-1"",""originalText"":""农村"",""field"":""guide[26].rows[0].keyword"",""sourceType"":""平台热词指南""}]"
"乡村","","zh","消费题材","三农","平台热词指南","[{""url"":""https://creator.douyin.com/creator-micro/creator-count/vertical-analysis?tabValue=creativity&areaId=614"",""recordId"":""DG-三农-2"",""originalText"":""乡村"",""field"":""guide[26].rows[1].keyword"",""sourceType"":""平台热词指南""}]"
"葡萄","","zh","消费题材","三农","平台热词指南","[{""url"":""https://creator.douyin.com/creator-micro/creator-count/vertical-analysis?tabValue=creativity&areaId=614"",""recordId"":""DG-三农-3"",""originalText"":""葡萄"",""field"":""guide[26].rows[2].keyword"",""sourceType"":""平台热词指南""}]"
"种植","","zh","消费题材","三农","平台热词指南","[{""url"":""https://creator.douyin.com/creator-micro/creator-count/vertical-analysis?tabValue=creativity&areaId=614"",""recordId"":""DG-三农-4"",""originalText"":""种植"",""field"":""guide[26].rows[3].keyword"",""sourceType"":""平台热词指南""}]"
"农村生活","","zh","消费题材","三农","平台热词指南；消费内容作者标签","[{""url"":""https://creator.douyin.com/creator-micro/creator-count/vertical-analysis?tabValue=creativity&areaId=614"",""recordId"":""DG-三农-5"",""originalText"":""农村生活"",""field"":""guide[26].rows[4].keyword"",""sourceType"":""平台热词指南""},{""url"":""https://www.douyin.com/video/7675292382107077894"",""recordId"":""DC-190"",""originalText"":""农村生活"",""field"":""samples[189].tags[2]"",""sourceType"":""消费内容作者标签""},{""url"":""https://www.douyin.com/video/7681576674132217594"",""recordId"":""DC-198"",""originalText"":""农村生活"",""field"":""samples[197].tags[4]"",""sourceType"":""消费内容作者标签""}]"
"农业","","zh","消费题材","三农","平台热词指南","[{""url"":""https://creator.douyin.com/creator-micro/creator-count/vertical-analysis?tabValue=creativity&areaId=614"",""recordId"":""DG-三农-6"",""originalText"":""农业"",""field"":""guide[26].rows[5].keyword"",""sourceType"":""平台热词指南""}]"
"种子","","zh","消费题材","三农","平台热词指南","[{""url"":""https://creator.douyin.com/creator-micro/creator-count/vertical-analysis?tabValue=creativity&areaId=614"",""recordId"":""DG-三农-7"",""originalText"":""种子"",""field"":""guide[26].rows[6].keyword"",""sourceType"":""平台热词指南""}]"
"养殖","","zh","消费题材","三农","平台热词指南","[{""url"":""https://creator.douyin.com/creator-micro/creator-count/vertical-analysis?tabValue=creativity&areaId=614"",""recordId"":""DG-三农-8"",""originalText"":""养殖"",""field"":""guide[26].rows[7].keyword"",""sourceType"":""平台热词指南""}]"
"乡村生活","","zh","消费题材","三农","平台热词指南","[{""url"":""https://creator.douyin.com/creator-micro/creator-count/vertical-analysis?tabValue=creativity&areaId=614"",""recordId"":""DG-三农-9"",""originalText"":""乡村生活"",""field"":""guide[26].rows[8].keyword"",""sourceType"":""平台热词指南""}]"
"田园","","zh","消费题材","三农","平台热词指南","[{""url"":""https://creator.douyin.com/creator-micro/creator-count/vertical-analysis?tabValue=creativity&areaId=614"",""recordId"":""DG-三农-11"",""originalText"":""田园"",""field"":""guide[27].rows[0].keyword"",""sourceType"":""平台热词指南""}]"
"三农","","zh","消费题材","三农；生活vlog","平台热词指南；消费内容作者标签","[{""url"":""https://creator.douyin.com/creator-micro/creator-count/vertical-analysis?tabValue=creativity&areaId=614"",""recordId"":""DG-三农-12"",""originalText"":""三农"",""field"":""guide[27].rows[1].keyword"",""sourceType"":""平台热词指南""},{""url"":""https://www.douyin.com/video/7677068475923172658"",""recordId"":""DC-132"",""originalText"":""三农"",""field"":""samples[131].tags[1]"",""sourceType"":""消费内容作者标签""}]"
"果园","","zh","消费题材","三农","平台热词指南","[{""url"":""https://creator.douyin.com/creator-micro/creator-count/vertical-analysis?tabValue=creativity&areaId=614"",""recordId"":""DG-三农-13"",""originalText"":""果园"",""field"":""guide[27].rows[2].keyword"",""sourceType"":""平台热词指南""}]"
"粮食","","zh","消费题材","三农","平台热词指南","[{""url"":""https://creator.douyin.com/creator-micro/creator-count/vertical-analysis?tabValue=creativity&areaId=614"",""recordId"":""DG-三农-14"",""originalText"":""粮食"",""field"":""guide[27].rows[3].keyword"",""sourceType"":""平台热词指南""}]"
"小麦","","zh","消费题材","三农","平台热词指南","[{""url"":""https://creator.douyin.com/creator-micro/creator-count/vertical-analysis?tabValue=creativity&areaId=614"",""recordId"":""DG-三农-15"",""originalText"":""小麦"",""field"":""guide[27].rows[4].keyword"",""sourceType"":""平台热词指南""}]"
"丰收","","zh","消费题材","三农","平台热词指南","[{""url"":""https://creator.douyin.com/creator-micro/creator-count/vertical-analysis?tabValue=creativity&areaId=614"",""recordId"":""DG-三农-16"",""originalText"":""丰收"",""field"":""guide[27].rows[5].keyword"",""sourceType"":""平台热词指南""}]"
"种菜","","zh","消费题材","三农","平台热词指南","[{""url"":""https://creator.douyin.com/creator-micro/creator-count/vertical-analysis?tabValue=creativity&areaId=614"",""recordId"":""DG-三农-17"",""originalText"":""种菜"",""field"":""guide[27].rows[6].keyword"",""sourceType"":""平台热词指南""}]"
"新农人","","zh","消费题材","三农","平台热词指南","[{""url"":""https://creator.douyin.com/creator-micro/creator-count/vertical-analysis?tabValue=creativity&areaId=614"",""recordId"":""DG-三农-18"",""originalText"":""新农人"",""field"":""guide[27].rows[7].keyword"",""sourceType"":""平台热词指南""}]"
"菜园","","zh","消费题材","三农","平台热词指南","[{""url"":""https://creator.douyin.com/creator-micro/creator-count/vertical-analysis?tabValue=creativity&areaId=614"",""recordId"":""DG-三农-19"",""originalText"":""菜园"",""field"":""guide[27].rows[8].keyword"",""sourceType"":""平台热词指南""}]"
"采摘","","zh","消费题材","三农","平台热词指南","[{""url"":""https://creator.douyin.com/creator-micro/creator-count/vertical-analysis?tabValue=creativity&areaId=614"",""recordId"":""DG-三农-20"",""originalText"":""采摘"",""field"":""guide[27].rows[9].keyword"",""sourceType"":""平台热词指南""}]"
"运动","","zh","消费题材","体育","平台热词指南","[{""url"":""https://creator.douyin.com/creator-micro/creator-count/vertical-analysis?tabValue=creativity&areaId=633"",""recordId"":""DG-体育-1"",""originalText"":""运动"",""field"":""guide[28].rows[0].keyword"",""sourceType"":""平台热词指南""}]"
"健身","","zh","消费题材","体育","平台热词指南","[{""url"":""https://creator.douyin.com/creator-micro/creator-count/vertical-analysis?tabValue=creativity&areaId=633"",""recordId"":""DG-体育-2"",""originalText"":""健身"",""field"":""guide[28].rows[1].keyword"",""sourceType"":""平台热词指南""}]"
"训练","","zh","消费题材","体育","平台热词指南","[{""url"":""https://creator.douyin.com/creator-micro/creator-count/vertical-analysis?tabValue=creativity&areaId=633"",""recordId"":""DG-体育-3"",""originalText"":""训练"",""field"":""guide[28].rows[2].keyword"",""sourceType"":""平台热词指南""}]"
"减肥","","zh","消费题材","体育","平台热词指南；消费内容作者标签","[{""url"":""https://creator.douyin.com/creator-micro/creator-count/vertical-analysis?tabValue=creativity&areaId=633"",""recordId"":""DG-体育-5"",""originalText"":""减肥"",""field"":""guide[28].rows[4].keyword"",""sourceType"":""平台热词指南""},{""url"":""https://www.douyin.com/video/7668984762966510890"",""recordId"":""DC-324"",""originalText"":""减肥"",""field"":""samples[323].tags[2]"",""sourceType"":""消费内容作者标签""},{""url"":""https://www.douyin.com/video/7676775579236167587"",""recordId"":""DC-330"",""originalText"":""减肥"",""field"":""samples[329].tags[0]"",""sourceType"":""消费内容作者标签""}]"
"台球","","zh","消费题材","体育","平台热词指南；消费内容作者标签","[{""url"":""https://creator.douyin.com/creator-micro/creator-count/vertical-analysis?tabValue=creativity&areaId=633"",""recordId"":""DG-体育-6"",""originalText"":""台球"",""field"":""guide[28].rows[5].keyword"",""sourceType"":""平台热词指南""},{""url"":""https://www.douyin.com/video/7670122064245738787"",""recordId"":""DC-328"",""originalText"":""台球"",""field"":""samples[327].tags[0]"",""sourceType"":""消费内容作者标签""},{""url"":""https://www.douyin.com/video/7675304627532860726"",""recordId"":""DC-343"",""originalText"":""台球"",""field"":""samples[342].tags[0]"",""sourceType"":""消费内容作者标签""}]"
"足球","","zh","消费题材","体育","平台热词指南","[{""url"":""https://creator.douyin.com/creator-micro/creator-count/vertical-analysis?tabValue=creativity&areaId=633"",""recordId"":""DG-体育-7"",""originalText"":""足球"",""field"":""guide[28].rows[6].keyword"",""sourceType"":""平台热词指南""}]"
"体育","","zh","消费题材","体育","平台热词指南","[{""url"":""https://creator.douyin.com/creator-micro/creator-count/vertical-analysis?tabValue=creativity&areaId=633"",""recordId"":""DG-体育-8"",""originalText"":""体育"",""field"":""guide[28].rows[7].keyword"",""sourceType"":""平台热词指南""}]"
"跑步","","zh","消费题材","体育","平台热词指南","[{""url"":""https://creator.douyin.com/creator-micro/creator-count/vertical-analysis?tabValue=creativity&areaId=633"",""recordId"":""DG-体育-9"",""originalText"":""跑步"",""field"":""guide[28].rows[8].keyword"",""sourceType"":""平台热词指南""}]"
"减脂","","zh","消费题材","体育","平台热词指南","[{""url"":""https://creator.douyin.com/creator-micro/creator-count/vertical-analysis?tabValue=creativity&areaId=633"",""recordId"":""DG-体育-10"",""originalText"":""减脂"",""field"":""guide[28].rows[9].keyword"",""sourceType"":""平台热词指南""}]"
"游泳","","zh","消费题材","体育","平台热词指南","[{""url"":""https://creator.douyin.com/creator-micro/creator-count/vertical-analysis?tabValue=creativity&areaId=633"",""recordId"":""DG-体育-11"",""originalText"":""游泳"",""field"":""guide[29].rows[0].keyword"",""sourceType"":""平台热词指南""}]"
"瑜伽","","zh","消费题材","体育","平台热词指南","[{""url"":""https://creator.douyin.com/creator-micro/creator-count/vertical-analysis?tabValue=creativity&areaId=633"",""recordId"":""DG-体育-12"",""originalText"":""瑜伽"",""field"":""guide[29].rows[1].keyword"",""sourceType"":""平台热词指南""}]"
"锻炼","","zh","消费题材","体育","平台热词指南","[{""url"":""https://creator.douyin.com/creator-micro/creator-count/vertical-analysis?tabValue=creativity&areaId=633"",""recordId"":""DG-体育-13"",""originalText"":""锻炼"",""field"":""guide[29].rows[2].keyword"",""sourceType"":""平台热词指南""}]"
"骑行","","zh","消费题材","体育","平台热词指南；消费内容作者标签","[{""url"":""https://creator.douyin.com/creator-micro/creator-count/vertical-analysis?tabValue=creativity&areaId=633"",""recordId"":""DG-体育-14"",""originalText"":""骑行"",""field"":""guide[29].rows[3].keyword"",""sourceType"":""平台热词指南""},{""url"":""https://www.douyin.com/video/7661817644668013865"",""recordId"":""DC-341"",""originalText"":""骑行"",""field"":""samples[340].tags[3]"",""sourceType"":""消费内容作者标签""}]"
"健身房","","zh","消费题材","体育","平台热词指南","[{""url"":""https://creator.douyin.com/creator-micro/creator-count/vertical-analysis?tabValue=creativity&areaId=633"",""recordId"":""DG-体育-15"",""originalText"":""健身房"",""field"":""guide[29].rows[4].keyword"",""sourceType"":""平台热词指南""}]"
"羽毛球","","zh","消费题材","体育","平台热词指南","[{""url"":""https://creator.douyin.com/creator-micro/creator-count/vertical-analysis?tabValue=creativity&areaId=633"",""recordId"":""DG-体育-16"",""originalText"":""羽毛球"",""field"":""guide[29].rows[5].keyword"",""sourceType"":""平台热词指南""}]"
"肌肉","","zh","消费题材","体育","平台热词指南","[{""url"":""https://creator.douyin.com/creator-micro/creator-count/vertical-analysis?tabValue=creativity&areaId=633"",""recordId"":""DG-体育-17"",""originalText"":""肌肉"",""field"":""guide[29].rows[6].keyword"",""sourceType"":""平台热词指南""}]"
"运动员","","zh","消费题材","体育","平台热词指南","[{""url"":""https://creator.douyin.com/creator-micro/creator-count/vertical-analysis?tabValue=creativity&areaId=633"",""recordId"":""DG-体育-18"",""originalText"":""运动员"",""field"":""guide[29].rows[7].keyword"",""sourceType"":""平台热词指南""}]"
"乒乓球","","zh","消费题材","体育","平台热词指南；消费内容作者标签","[{""url"":""https://creator.douyin.com/creator-micro/creator-count/vertical-analysis?tabValue=creativity&areaId=633"",""recordId"":""DG-体育-19"",""originalText"":""乒乓球"",""field"":""guide[29].rows[8].keyword"",""sourceType"":""平台热词指南""},{""url"":""https://www.douyin.com/video/7671241321608252682"",""recordId"":""DC-336"",""originalText"":""乒乓球"",""field"":""samples[335].tags[2]"",""sourceType"":""消费内容作者标签""}]"
"网球","","zh","消费题材","体育","平台热词指南","[{""url"":""https://creator.douyin.com/creator-micro/creator-count/vertical-analysis?tabValue=creativity&areaId=633"",""recordId"":""DG-体育-20"",""originalText"":""网球"",""field"":""guide[29].rows[9].keyword"",""sourceType"":""平台热词指南""}]"
"游戏","","zh","消费题材","游戏；影视；亲子","平台热词指南；消费内容作者标签","[{""url"":""https://creator.douyin.com/creator-micro/creator-count/vertical-analysis?tabValue=creativity&areaId=608"",""recordId"":""DG-游戏-1"",""originalText"":""游戏"",""field"":""guide[30].rows[0].keyword"",""sourceType"":""平台热词指南""},{""url"":""https://www.douyin.com/video/7670065046751415602"",""recordId"":""DC-066"",""originalText"":""游戏"",""field"":""samples[65].tags[2]"",""sourceType"":""消费内容作者标签""},{""url"":""https://www.douyin.com/video/7683744319107960104"",""recordId"":""DC-230"",""originalText"":""游戏"",""field"":""samples[229].tags[4]"",""sourceType"":""消费内容作者标签""},{""url"":""https://www.douyin.com/video/7669329783167192355"",""recordId"":""DC-321"",""originalText"":""游戏"",""field"":""samples[320].tags[0]"",""sourceType"":""消费内容作者标签""}]"
"手游","","zh","消费题材","游戏","平台热词指南","[{""url"":""https://creator.douyin.com/creator-micro/creator-count/vertical-analysis?tabValue=creativity&areaId=608"",""recordId"":""DG-游戏-4"",""originalText"":""手游"",""field"":""guide[30].rows[3].keyword"",""sourceType"":""平台热词指南""}]"
"和平精英","","zh","消费题材","游戏","平台热词指南","[{""url"":""https://creator.douyin.com/creator-micro/creator-count/vertical-analysis?tabValue=creativity&areaId=608"",""recordId"":""DG-游戏-5"",""originalText"":""和平精英"",""field"":""guide[30].rows[4].keyword"",""sourceType"":""平台热词指南""}]"
"小游戏","","zh","消费题材","游戏","平台热词指南","[{""url"":""https://creator.douyin.com/creator-micro/creator-count/vertical-analysis?tabValue=creativity&areaId=608"",""recordId"":""DG-游戏-6"",""originalText"":""小游戏"",""field"":""guide[30].rows[5].keyword"",""sourceType"":""平台热词指南""}]"
"赛季","","zh","消费题材","游戏","平台热词指南","[{""url"":""https://creator.douyin.com/creator-micro/creator-count/vertical-analysis?tabValue=creativity&areaId=608"",""recordId"":""DG-游戏-7"",""originalText"":""赛季"",""field"":""guide[30].rows[6].keyword"",""sourceType"":""平台热词指南""}]"
"我的世界","","zh","消费题材","游戏","平台热词指南","[{""url"":""https://creator.douyin.com/creator-micro/creator-count/vertical-analysis?tabValue=creativity&areaId=608"",""recordId"":""DG-游戏-8"",""originalText"":""我的世界"",""field"":""guide[30].rows[7].keyword"",""sourceType"":""平台热词指南""}]"
"战神","","zh","消费题材","游戏","平台热词指南","[{""url"":""https://creator.douyin.com/creator-micro/creator-count/vertical-analysis?tabValue=creativity&areaId=608"",""recordId"":""DG-游戏-9"",""originalText"":""战神"",""field"":""guide[30].rows[8].keyword"",""sourceType"":""平台热词指南""}]"
"第五人格","","zh","消费题材","游戏","平台热词指南","[{""url"":""https://creator.douyin.com/creator-micro/creator-count/vertical-analysis?tabValue=creativity&areaId=608"",""recordId"":""DG-游戏-10"",""originalText"":""第五人格"",""field"":""guide[30].rows[9].keyword"",""sourceType"":""平台热词指南""}]"
"光遇","","zh","消费题材","游戏","平台热词指南","[{""url"":""https://creator.douyin.com/creator-micro/creator-count/vertical-analysis?tabValue=creativity&areaId=608"",""recordId"":""DG-游戏-11"",""originalText"":""光遇"",""field"":""guide[31].rows[0].keyword"",""sourceType"":""平台热词指南""}]"
"原神","","zh","消费题材","游戏","平台热词指南","[{""url"":""https://creator.douyin.com/creator-micro/creator-count/vertical-analysis?tabValue=creativity&areaId=608"",""recordId"":""DG-游戏-12"",""originalText"":""原神"",""field"":""guide[31].rows[1].keyword"",""sourceType"":""平台热词指南""}]"
"梦幻西游","","zh","消费题材","游戏","平台热词指南","[{""url"":""https://creator.douyin.com/creator-micro/creator-count/vertical-analysis?tabValue=creativity&areaId=608"",""recordId"":""DG-游戏-15"",""originalText"":""梦幻西游"",""field"":""guide[31].rows[4].keyword"",""sourceType"":""平台热词指南""}]"
"模拟器","","zh","工具","游戏","平台热词指南","[{""url"":""https://creator.douyin.com/creator-micro/creator-count/vertical-analysis?tabValue=creativity&areaId=608"",""recordId"":""DG-游戏-16"",""originalText"":""模拟器"",""field"":""guide[31].rows[5].keyword"",""sourceType"":""平台热词指南""}]"
"洛克王国","","zh","消费题材","游戏","平台热词指南","[{""url"":""https://creator.douyin.com/creator-micro/creator-count/vertical-analysis?tabValue=creativity&areaId=608"",""recordId"":""DG-游戏-17"",""originalText"":""洛克王国"",""field"":""guide[31].rows[6].keyword"",""sourceType"":""平台热词指南""}]"
"植物大战僵尸","","zh","消费题材","游戏；二次元；亲子","平台热词指南；消费内容作者标签","[{""url"":""https://creator.douyin.com/creator-micro/creator-count/vertical-analysis?tabValue=creativity&areaId=608"",""recordId"":""DG-游戏-20"",""originalText"":""植物大战僵尸"",""field"":""guide[31].rows[9].keyword"",""sourceType"":""平台热词指南""},{""url"":""https://www.douyin.com/video/7670078048380669222"",""recordId"":""DC-070"",""originalText"":""植物大战僵尸"",""field"":""samples[69].tags[0]"",""sourceType"":""消费内容作者标签""},{""url"":""https://www.douyin.com/video/7673806472909137125"",""recordId"":""DC-227"",""originalText"":""植物大战僵尸"",""field"":""samples[226].tags[0]"",""sourceType"":""消费内容作者标签""}]"
"黄金","","zh","消费题材","财经","平台热词指南","[{""url"":""https://creator.douyin.com/creator-micro/creator-count/vertical-analysis?tabValue=creativity&areaId=616"",""recordId"":""DG-财经-1"",""originalText"":""黄金"",""field"":""guide[32].rows[0].keyword"",""sourceType"":""平台热词指南""}]"
"金价","","zh","消费题材","财经","平台热词指南","[{""url"":""https://creator.douyin.com/creator-micro/creator-count/vertical-analysis?tabValue=creativity&areaId=616"",""recordId"":""DG-财经-2"",""originalText"":""金价"",""field"":""guide[32].rows[1].keyword"",""sourceType"":""平台热词指南""}]"
"今日金价","","zh","消费题材","财经","平台热词指南","[{""url"":""https://creator.douyin.com/creator-micro/creator-count/vertical-analysis?tabValue=creativity&areaId=616"",""recordId"":""DG-财经-4"",""originalText"":""今日金价"",""field"":""guide[32].rows[3].keyword"",""sourceType"":""平台热词指南""}]"
"股票","","zh","消费题材","财经；公开课","平台热词指南；消费内容作者标签","[{""url"":""https://creator.douyin.com/creator-micro/creator-count/vertical-analysis?tabValue=creativity&areaId=616"",""recordId"":""DG-财经-5"",""originalText"":""股票"",""field"":""guide[32].rows[4].keyword"",""sourceType"":""平台热词指南""},{""url"":""https://www.douyin.com/video/7535444782592625958"",""recordId"":""DC-032"",""originalText"":""股票"",""field"":""samples[31].tags[4]"",""sourceType"":""消费内容作者标签""}]"
"银行","","zh","消费题材","财经","平台热词指南","[{""url"":""https://creator.douyin.com/creator-micro/creator-count/vertical-analysis?tabValue=creativity&areaId=616"",""recordId"":""DG-财经-6"",""originalText"":""银行"",""field"":""guide[32].rows[5].keyword"",""sourceType"":""平台热词指南""}]"
"保险","","zh","消费题材","财经","平台热词指南","[{""url"":""https://creator.douyin.com/creator-micro/creator-count/vertical-analysis?tabValue=creativity&areaId=616"",""recordId"":""DG-财经-9"",""originalText"":""保险"",""field"":""guide[32].rows[8].keyword"",""sourceType"":""平台热词指南""}]"
"门店","","zh","消费题材","财经","平台热词指南","[{""url"":""https://creator.douyin.com/creator-micro/creator-count/vertical-analysis?tabValue=creativity&areaId=616"",""recordId"":""DG-财经-10"",""originalText"":""门店"",""field"":""guide[32].rows[9].keyword"",""sourceType"":""平台热词指南""}]"
"创业","","zh","消费题材","财经；知识；生活vlog","平台热词指南；消费内容作者标签","[{""url"":""https://creator.douyin.com/creator-micro/creator-count/vertical-analysis?tabValue=creativity&areaId=616"",""recordId"":""DG-财经-11"",""originalText"":""创业"",""field"":""guide[33].rows[0].keyword"",""sourceType"":""平台热词指南""},{""url"":""https://www.douyin.com/video/7651563399670795539"",""recordId"":""DC-014"",""originalText"":""创业"",""field"":""samples[13].tags[2]"",""sourceType"":""消费内容作者标签""},{""url"":""https://www.douyin.com/video/7663868605183954203"",""recordId"":""DC-122"",""originalText"":""创业"",""field"":""samples[121].tags[2]"",""sourceType"":""消费内容作者标签""}]"
"店铺","","zh","消费题材","财经","平台热词指南","[{""url"":""https://creator.douyin.com/creator-micro/creator-count/vertical-analysis?tabValue=creativity&areaId=616"",""recordId"":""DG-财经-12"",""originalText"":""店铺"",""field"":""guide[33].rows[1].keyword"",""sourceType"":""平台热词指南""}]"
"财经","","zh","消费题材","财经","平台热词指南","[{""url"":""https://creator.douyin.com/creator-micro/creator-count/vertical-analysis?tabValue=creativity&areaId=616"",""recordId"":""DG-财经-13"",""originalText"":""财经"",""field"":""guide[33].rows[2].keyword"",""sourceType"":""平台热词指南""}]"
"行情","","zh","消费题材","财经","平台热词指南","[{""url"":""https://creator.douyin.com/creator-micro/creator-count/vertical-analysis?tabValue=creativity&areaId=616"",""recordId"":""DG-财经-15"",""originalText"":""行情"",""field"":""guide[33].rows[4].keyword"",""sourceType"":""平台热词指南""}]"
"二手房","","zh","消费题材","财经","平台热词指南","[{""url"":""https://creator.douyin.com/creator-micro/creator-count/vertical-analysis?tabValue=creativity&areaId=616"",""recordId"":""DG-财经-16"",""originalText"":""二手房"",""field"":""guide[33].rows[5].keyword"",""sourceType"":""平台热词指南""}]"
"餐饮","","zh","消费题材","财经","平台热词指南","[{""url"":""https://creator.douyin.com/creator-micro/creator-count/vertical-analysis?tabValue=creativity&areaId=616"",""recordId"":""DG-财经-18"",""originalText"":""餐饮"",""field"":""guide[33].rows[7].keyword"",""sourceType"":""平台热词指南""}]"
"贷款","","zh","消费题材","财经","平台热词指南","[{""url"":""https://creator.douyin.com/creator-micro/creator-count/vertical-analysis?tabValue=creativity&areaId=616"",""recordId"":""DG-财经-20"",""originalText"":""贷款"",""field"":""guide[33].rows[9].keyword"",""sourceType"":""平台热词指南""}]"
"爱情","","zh","消费题材","情感","平台热词指南","[{""url"":""https://creator.douyin.com/creator-micro/creator-count/vertical-analysis?tabValue=creativity&areaId=623"",""recordId"":""DG-情感-4"",""originalText"":""爱情"",""field"":""guide[34].rows[3].keyword"",""sourceType"":""平台热词指南""}]"
"聊天","","zh","消费题材","情感","平台热词指南","[{""url"":""https://creator.douyin.com/creator-micro/creator-count/vertical-analysis?tabValue=creativity&areaId=623"",""recordId"":""DG-情感-6"",""originalText"":""聊天"",""field"":""guide[34].rows[5].keyword"",""sourceType"":""平台热词指南""}]"
"人心","","zh","消费题材","情感","平台热词指南","[{""url"":""https://creator.douyin.com/creator-micro/creator-count/vertical-analysis?tabValue=creativity&areaId=623"",""recordId"":""DG-情感-14"",""originalText"":""人心"",""field"":""guide[35].rows[3].keyword"",""sourceType"":""平台热词指南""}]"
"命运","","zh","消费题材","情感","平台热词指南","[{""url"":""https://creator.douyin.com/creator-micro/creator-count/vertical-analysis?tabValue=creativity&areaId=623"",""recordId"":""DG-情感-15"",""originalText"":""命运"",""field"":""guide[35].rows[4].keyword"",""sourceType"":""平台热词指南""}]"
"性格","","zh","消费题材","情感","平台热词指南","[{""url"":""https://creator.douyin.com/creator-micro/creator-count/vertical-analysis?tabValue=creativity&areaId=623"",""recordId"":""DG-情感-16"",""originalText"":""性格"",""field"":""guide[35].rows[5].keyword"",""sourceType"":""平台热词指南""}]"
"语录","","zh","消费题材","情感","平台热词指南","[{""url"":""https://creator.douyin.com/creator-micro/creator-count/vertical-analysis?tabValue=creativity&areaId=623"",""recordId"":""DG-情感-17"",""originalText"":""语录"",""field"":""guide[35].rows[6].keyword"",""sourceType"":""平台热词指南""}]"
"烦恼","","zh","消费题材","情感","平台热词指南","[{""url"":""https://creator.douyin.com/creator-micro/creator-count/vertical-analysis?tabValue=creativity&areaId=623"",""recordId"":""DG-情感-18"",""originalText"":""烦恼"",""field"":""guide[35].rows[7].keyword"",""sourceType"":""平台热词指南""}]"
"中年","","zh","消费题材","情感","平台热词指南","[{""url"":""https://creator.douyin.com/creator-micro/creator-count/vertical-analysis?tabValue=creativity&areaId=623"",""recordId"":""DG-情感-19"",""originalText"":""中年"",""field"":""guide[35].rows[8].keyword"",""sourceType"":""平台热词指南""}]"
"演员","","zh","消费题材","明星","平台热词指南","[{""url"":""https://creator.douyin.com/creator-micro/creator-count/vertical-analysis?tabValue=creativity&areaId=602"",""recordId"":""DG-明星-1"",""originalText"":""演员"",""field"":""guide[36].rows[0].keyword"",""sourceType"":""平台热词指南""}]"
"明星","","zh","消费题材","明星","平台热词指南","[{""url"":""https://creator.douyin.com/creator-micro/creator-count/vertical-analysis?tabValue=creativity&areaId=602"",""recordId"":""DG-明星-2"",""originalText"":""明星"",""field"":""guide[36].rows[1].keyword"",""sourceType"":""平台热词指南""}]"
"白鹿","","zh","消费题材","明星","平台热词指南","[{""url"":""https://creator.douyin.com/creator-micro/creator-count/vertical-analysis?tabValue=creativity&areaId=602"",""recordId"":""DG-明星-3"",""originalText"":""白鹿"",""field"":""guide[36].rows[2].keyword"",""sourceType"":""平台热词指南""}]"
"薛之谦","","zh","消费题材","明星","平台热词指南","[{""url"":""https://creator.douyin.com/creator-micro/creator-count/vertical-analysis?tabValue=creativity&areaId=602"",""recordId"":""DG-明星-5"",""originalText"":""薛之谦"",""field"":""guide[36].rows[4].keyword"",""sourceType"":""平台热词指南""}]"
"赵露思","","zh","消费题材","明星","平台热词指南","[{""url"":""https://creator.douyin.com/creator-micro/creator-count/vertical-analysis?tabValue=creativity&areaId=602"",""recordId"":""DG-明星-6"",""originalText"":""赵露思"",""field"":""guide[36].rows[5].keyword"",""sourceType"":""平台热词指南""}]"
"刘德华","","zh","消费题材","明星","平台热词指南","[{""url"":""https://creator.douyin.com/creator-micro/creator-count/vertical-analysis?tabValue=creativity&areaId=602"",""recordId"":""DG-明星-7"",""originalText"":""刘德华"",""field"":""guide[36].rows[6].keyword"",""sourceType"":""平台热词指南""}]"
"虞书欣","","zh","消费题材","明星","平台热词指南","[{""url"":""https://creator.douyin.com/creator-micro/creator-count/vertical-analysis?tabValue=creativity&areaId=602"",""recordId"":""DG-明星-10"",""originalText"":""虞书欣"",""field"":""guide[36].rows[9].keyword"",""sourceType"":""平台热词指南""}]"
"周杰伦","","zh","消费题材","明星；音乐","平台热词指南；消费内容作者标签","[{""url"":""https://creator.douyin.com/creator-micro/creator-count/vertical-analysis?tabValue=creativity&areaId=602"",""recordId"":""DG-明星-11"",""originalText"":""周杰伦"",""field"":""guide[37].rows[0].keyword"",""sourceType"":""平台热词指南""},{""url"":""https://www.douyin.com/video/7661193258881600804"",""recordId"":""DC-093"",""originalText"":""周杰伦"",""field"":""samples[92].tags[0]"",""sourceType"":""消费内容作者标签""},{""url"":""https://www.douyin.com/video/7655711897913186213"",""recordId"":""DC-107"",""originalText"":""周杰伦"",""field"":""samples[106].tags[0]"",""sourceType"":""消费内容作者标签""}]"
"导演","","zh","消费题材","明星","平台热词指南","[{""url"":""https://creator.douyin.com/creator-micro/creator-count/vertical-analysis?tabValue=creativity&areaId=602"",""recordId"":""DG-明星-12"",""originalText"":""导演"",""field"":""guide[37].rows[1].keyword"",""sourceType"":""平台热词指南""}]"
"王一博","","zh","消费题材","明星","平台热词指南","[{""url"":""https://creator.douyin.com/creator-micro/creator-count/vertical-analysis?tabValue=creativity&areaId=602"",""recordId"":""DG-明星-13"",""originalText"":""王一博"",""field"":""guide[37].rows[2].keyword"",""sourceType"":""平台热词指南""}]"
"蔡徐坤","","zh","消费题材","明星","平台热词指南","[{""url"":""https://creator.douyin.com/creator-micro/creator-count/vertical-analysis?tabValue=creativity&areaId=602"",""recordId"":""DG-明星-14"",""originalText"":""蔡徐坤"",""field"":""guide[37].rows[3].keyword"",""sourceType"":""平台热词指南""}]"
"歌手","","zh","消费题材","明星","平台热词指南","[{""url"":""https://creator.douyin.com/creator-micro/creator-count/vertical-analysis?tabValue=creativity&areaId=602"",""recordId"":""DG-明星-15"",""originalText"":""歌手"",""field"":""guide[37].rows[4].keyword"",""sourceType"":""平台热词指南""}]"
"演出","","zh","消费题材","明星","平台热词指南","[{""url"":""https://creator.douyin.com/creator-micro/creator-count/vertical-analysis?tabValue=creativity&areaId=602"",""recordId"":""DG-明星-16"",""originalText"":""演出"",""field"":""guide[37].rows[5].keyword"",""sourceType"":""平台热词指南""}]"
"刘亦菲","","zh","消费题材","明星","平台热词指南","[{""url"":""https://creator.douyin.com/creator-micro/creator-count/vertical-analysis?tabValue=creativity&areaId=602"",""recordId"":""DG-明星-17"",""originalText"":""刘亦菲"",""field"":""guide[37].rows[6].keyword"",""sourceType"":""平台热词指南""}]"
"鞠婧祎","","zh","消费题材","明星","平台热词指南","[{""url"":""https://creator.douyin.com/creator-micro/creator-count/vertical-analysis?tabValue=creativity&areaId=602"",""recordId"":""DG-明星-18"",""originalText"":""鞠婧祎"",""field"":""guide[37].rows[7].keyword"",""sourceType"":""平台热词指南""}]"
"张元英","","zh","消费题材","明星","平台热词指南","[{""url"":""https://creator.douyin.com/creator-micro/creator-count/vertical-analysis?tabValue=creativity&areaId=602"",""recordId"":""DG-明星-19"",""originalText"":""张元英"",""field"":""guide[37].rows[8].keyword"",""sourceType"":""平台热词指南""}]"
"肖战","","zh","消费题材","明星","平台热词指南","[{""url"":""https://creator.douyin.com/creator-micro/creator-count/vertical-analysis?tabValue=creativity&areaId=602"",""recordId"":""DG-明星-20"",""originalText"":""肖战"",""field"":""guide[37].rows[9].keyword"",""sourceType"":""平台热词指南""}]"
"舞蹈","","zh","消费题材","舞蹈","平台热词指南","[{""url"":""https://creator.douyin.com/creator-micro/creator-count/vertical-analysis?tabValue=creativity&areaId=612"",""recordId"":""DG-舞蹈-1"",""originalText"":""舞蹈"",""field"":""guide[38].rows[0].keyword"",""sourceType"":""平台热词指南""}]"
"跳舞","","zh","消费题材","舞蹈；娱乐与动作视频","平台热词指南；竞品作者用词","[{""url"":""https://www.runninghub.cn/post/1933077979956215810"",""recordId"":""cn-runninghub-05"",""originalText"":""跳舞"",""field"":""terms[90].sources[0].sourceExcerpt"",""sourceType"":""竞品作者用词""},{""url"":""https://creator.douyin.com/creator-micro/creator-count/vertical-analysis?tabValue=creativity&areaId=612"",""recordId"":""DG-舞蹈-2"",""originalText"":""跳舞"",""field"":""guide[38].rows[1].keyword"",""sourceType"":""平台热词指南""}]"
"手势舞","","zh","消费题材","舞蹈","平台热词指南","[{""url"":""https://creator.douyin.com/creator-micro/creator-count/vertical-analysis?tabValue=creativity&areaId=612"",""recordId"":""DG-舞蹈-4"",""originalText"":""手势舞"",""field"":""guide[38].rows[3].keyword"",""sourceType"":""平台热词指南""}]"
"舞台","","zh","消费题材","舞蹈","平台热词指南","[{""url"":""https://creator.douyin.com/creator-micro/creator-count/vertical-analysis?tabValue=creativity&areaId=612"",""recordId"":""DG-舞蹈-5"",""originalText"":""舞台"",""field"":""guide[38].rows[4].keyword"",""sourceType"":""平台热词指南""}]"
"广场舞","","zh","消费题材","舞蹈","平台热词指南","[{""url"":""https://creator.douyin.com/creator-micro/creator-count/vertical-analysis?tabValue=creativity&areaId=612"",""recordId"":""DG-舞蹈-6"",""originalText"":""广场舞"",""field"":""guide[38].rows[5].keyword"",""sourceType"":""平台热词指南""}]"
"女团","","zh","消费题材","舞蹈","平台热词指南","[{""url"":""https://creator.douyin.com/creator-micro/creator-count/vertical-analysis?tabValue=creativity&areaId=612"",""recordId"":""DG-舞蹈-10"",""originalText"":""女团"",""field"":""guide[38].rows[9].keyword"",""sourceType"":""平台热词指南""}]"
"编舞","","zh","创作任务","舞蹈","平台热词指南","[{""url"":""https://creator.douyin.com/creator-micro/creator-count/vertical-analysis?tabValue=creativity&areaId=612"",""recordId"":""DG-舞蹈-11"",""originalText"":""编舞"",""field"":""guide[39].rows[0].keyword"",""sourceType"":""平台热词指南""}]"
"舞蹈教学","","zh","创作任务","舞蹈","平台热词指南","[{""url"":""https://creator.douyin.com/creator-micro/creator-count/vertical-analysis?tabValue=creativity&areaId=612"",""recordId"":""DG-舞蹈-12"",""originalText"":""舞蹈教学"",""field"":""guide[39].rows[1].keyword"",""sourceType"":""平台热词指南""}]"
"舞团","","zh","消费题材","舞蹈","平台热词指南","[{""url"":""https://creator.douyin.com/creator-micro/creator-count/vertical-analysis?tabValue=creativity&areaId=612"",""recordId"":""DG-舞蹈-13"",""originalText"":""舞团"",""field"":""guide[39].rows[2].keyword"",""sourceType"":""平台热词指南""}]"
"拉丁","","zh","消费题材","舞蹈","平台热词指南","[{""url"":""https://creator.douyin.com/creator-micro/creator-count/vertical-analysis?tabValue=creativity&areaId=612"",""recordId"":""DG-舞蹈-14"",""originalText"":""拉丁"",""field"":""guide[39].rows[3].keyword"",""sourceType"":""平台热词指南""}]"
"律动","","zh","消费题材","舞蹈","平台热词指南","[{""url"":""https://creator.douyin.com/creator-micro/creator-count/vertical-analysis?tabValue=creativity&areaId=612"",""recordId"":""DG-舞蹈-15"",""originalText"":""律动"",""field"":""guide[39].rows[4].keyword"",""sourceType"":""平台热词指南""}]"
"蹦迪","","zh","消费题材","舞蹈","平台热词指南","[{""url"":""https://creator.douyin.com/creator-micro/creator-count/vertical-analysis?tabValue=creativity&areaId=612"",""recordId"":""DG-舞蹈-16"",""originalText"":""蹦迪"",""field"":""guide[39].rows[5].keyword"",""sourceType"":""平台热词指南""}]"
"街舞","","zh","消费题材","舞蹈","平台热词指南","[{""url"":""https://creator.douyin.com/creator-micro/creator-count/vertical-analysis?tabValue=creativity&areaId=612"",""recordId"":""DG-舞蹈-17"",""originalText"":""街舞"",""field"":""guide[39].rows[6].keyword"",""sourceType"":""平台热词指南""}]"
"舞蹈生","","zh","创作任务","舞蹈","平台热词指南","[{""url"":""https://creator.douyin.com/creator-micro/creator-count/vertical-analysis?tabValue=creativity&areaId=612"",""recordId"":""DG-舞蹈-18"",""originalText"":""舞蹈生"",""field"":""guide[39].rows[7].keyword"",""sourceType"":""平台热词指南""}]"
"基本功","","zh","创作任务","舞蹈","平台热词指南","[{""url"":""https://creator.douyin.com/creator-micro/creator-count/vertical-analysis?tabValue=creativity&areaId=612"",""recordId"":""DG-舞蹈-19"",""originalText"":""基本功"",""field"":""guide[39].rows[8].keyword"",""sourceType"":""平台热词指南""}]"
"拉丁舞","","zh","消费题材","舞蹈","平台热词指南","[{""url"":""https://creator.douyin.com/creator-micro/creator-count/vertical-analysis?tabValue=creativity&areaId=612"",""recordId"":""DG-舞蹈-20"",""originalText"":""拉丁舞"",""field"":""guide[39].rows[9].keyword"",""sourceType"":""平台热词指南""}]"
"天气","","zh","消费题材","社会时政","平台热词指南","[{""url"":""https://creator.douyin.com/creator-micro/creator-count/vertical-analysis?tabValue=creativity&areaId=609"",""recordId"":""DG-社会时政-2"",""originalText"":""天气"",""field"":""guide[40].rows[1].keyword"",""sourceType"":""平台热词指南""}]"
"医生","","zh","消费题材","社会时政","平台热词指南","[{""url"":""https://creator.douyin.com/creator-micro/creator-count/vertical-analysis?tabValue=creativity&areaId=609"",""recordId"":""DG-社会时政-3"",""originalText"":""医生"",""field"":""guide[40].rows[2].keyword"",""sourceType"":""平台热词指南""}]"
"香港","","zh","消费题材","社会时政","平台热词指南","[{""url"":""https://creator.douyin.com/creator-micro/creator-count/vertical-analysis?tabValue=creativity&areaId=609"",""recordId"":""DG-社会时政-4"",""originalText"":""香港"",""field"":""guide[40].rows[3].keyword"",""sourceType"":""平台热词指南""}]"
"美国","","zh","消费题材","社会时政；生活vlog","平台热词指南；消费内容作者标签","[{""url"":""https://creator.douyin.com/creator-micro/creator-count/vertical-analysis?tabValue=creativity&areaId=609"",""recordId"":""DG-社会时政-5"",""originalText"":""美国"",""field"":""guide[40].rows[4].keyword"",""sourceType"":""平台热词指南""},{""url"":""https://www.douyin.com/video/7655652129280986418"",""recordId"":""DC-117"",""originalText"":""美国"",""field"":""samples[116].tags[1]"",""sourceType"":""消费内容作者标签""}]"
"韩国","","zh","消费题材","社会时政","平台热词指南","[{""url"":""https://creator.douyin.com/creator-micro/creator-count/vertical-analysis?tabValue=creativity&areaId=609"",""recordId"":""DG-社会时政-6"",""originalText"":""韩国"",""field"":""guide[40].rows[5].keyword"",""sourceType"":""平台热词指南""}]"
"日本","","zh","消费题材","社会时政","平台热词指南","[{""url"":""https://creator.douyin.com/creator-micro/creator-count/vertical-analysis?tabValue=creativity&areaId=609"",""recordId"":""DG-社会时政-7"",""originalText"":""日本"",""field"":""guide[40].rows[6].keyword"",""sourceType"":""平台热词指南""}]"
"司机","","zh","消费题材","社会时政","平台热词指南","[{""url"":""https://creator.douyin.com/creator-micro/creator-count/vertical-analysis?tabValue=creativity&areaId=609"",""recordId"":""DG-社会时政-8"",""originalText"":""司机"",""field"":""guide[40].rows[7].keyword"",""sourceType"":""平台热词指南""}]"
"事故","","zh","消费题材","社会时政","平台热词指南","[{""url"":""https://creator.douyin.com/creator-micro/creator-count/vertical-analysis?tabValue=creativity&areaId=609"",""recordId"":""DG-社会时政-9"",""originalText"":""事故"",""field"":""guide[40].rows[8].keyword"",""sourceType"":""平台热词指南""}]"
"警察","","zh","消费题材","社会时政","平台热词指南","[{""url"":""https://creator.douyin.com/creator-micro/creator-count/vertical-analysis?tabValue=creativity&areaId=609"",""recordId"":""DG-社会时政-12"",""originalText"":""警察"",""field"":""guide[41].rows[1].keyword"",""sourceType"":""平台热词指南""}]"
"印度","","zh","消费题材","社会时政","平台热词指南","[{""url"":""https://creator.douyin.com/creator-micro/creator-count/vertical-analysis?tabValue=creativity&areaId=609"",""recordId"":""DG-社会时政-13"",""originalText"":""印度"",""field"":""guide[41].rows[2].keyword"",""sourceType"":""平台热词指南""}]"
"伊朗","","zh","消费题材","社会时政；旅行","平台热词指南；消费内容作者标签","[{""url"":""https://creator.douyin.com/creator-micro/creator-count/vertical-analysis?tabValue=creativity&areaId=609"",""recordId"":""DG-社会时政-15"",""originalText"":""伊朗"",""field"":""guide[41].rows[4].keyword"",""sourceType"":""平台热词指南""},{""url"":""https://www.douyin.com/video/7657498293727022346"",""recordId"":""DC-155"",""originalText"":""伊朗"",""field"":""samples[154].tags[0]"",""sourceType"":""消费内容作者标签""}]"
"新闻","","zh","消费题材","社会时政","平台热词指南","[{""url"":""https://creator.douyin.com/creator-micro/creator-count/vertical-analysis?tabValue=creativity&areaId=609"",""recordId"":""DG-社会时政-16"",""originalText"":""新闻"",""field"":""guide[41].rows[5].keyword"",""sourceType"":""平台热词指南""}]"
"地震","","zh","消费题材","社会时政","平台热词指南","[{""url"":""https://creator.douyin.com/creator-micro/creator-count/vertical-analysis?tabValue=creativity&areaId=609"",""recordId"":""DG-社会时政-17"",""originalText"":""地震"",""field"":""guide[41].rows[6].keyword"",""sourceType"":""平台热词指南""}]"
"交通","","zh","消费题材","社会时政","平台热词指南","[{""url"":""https://creator.douyin.com/creator-micro/creator-count/vertical-analysis?tabValue=creativity&areaId=609"",""recordId"":""DG-社会时政-18"",""originalText"":""交通"",""field"":""guide[41].rows[7].keyword"",""sourceType"":""平台热词指南""}]"
"英国","","zh","消费题材","社会时政","平台热词指南","[{""url"":""https://creator.douyin.com/creator-micro/creator-count/vertical-analysis?tabValue=creativity&areaId=609"",""recordId"":""DG-社会时政-19"",""originalText"":""英国"",""field"":""guide[41].rows[8].keyword"",""sourceType"":""平台热词指南""}]"
"案件","","zh","消费题材","社会时政","平台热词指南","[{""url"":""https://creator.douyin.com/creator-micro/creator-count/vertical-analysis?tabValue=creativity&areaId=609"",""recordId"":""DG-社会时政-20"",""originalText"":""案件"",""field"":""guide[41].rows[9].keyword"",""sourceType"":""平台热词指南""}]"
"穿搭","","zh","消费题材","时尚；美妆穿搭","平台热词指南；消费内容作者标签","[{""url"":""https://creator.douyin.com/creator-micro/creator-count/vertical-analysis?tabValue=creativity&areaId=631"",""recordId"":""DG-时尚-1"",""originalText"":""穿搭"",""field"":""guide[42].rows[0].keyword"",""sourceType"":""平台热词指南""},{""url"":""https://www.douyin.com/video/7679786735651392777"",""recordId"":""DC-248"",""originalText"":""穿搭"",""field"":""samples[247].tags[2]"",""sourceType"":""消费内容作者标签""}]"
"衣服","","zh","消费题材","时尚","平台热词指南","[{""url"":""https://creator.douyin.com/creator-micro/creator-count/vertical-analysis?tabValue=creativity&areaId=631"",""recordId"":""DG-时尚-2"",""originalText"":""衣服"",""field"":""guide[42].rows[1].keyword"",""sourceType"":""平台热词指南""}]"
"外套","","zh","消费题材","时尚","平台热词指南","[{""url"":""https://creator.douyin.com/creator-micro/creator-count/vertical-analysis?tabValue=creativity&areaId=631"",""recordId"":""DG-时尚-3"",""originalText"":""外套"",""field"":""guide[42].rows[2].keyword"",""sourceType"":""平台热词指南""}]"
"女装","","zh","消费题材","时尚；美妆穿搭","平台热词指南；消费内容作者标签","[{""url"":""https://creator.douyin.com/creator-micro/creator-count/vertical-analysis?tabValue=creativity&areaId=631"",""recordId"":""DG-时尚-4"",""originalText"":""女装"",""field"":""guide[42].rows[3].keyword"",""sourceType"":""平台热词指南""},{""url"":""https://www.douyin.com/video/7679420547230403890"",""recordId"":""DC-247"",""originalText"":""女装"",""field"":""samples[246].tags[4]"",""sourceType"":""消费内容作者标签""}]"
"裤子","","zh","消费题材","时尚","平台热词指南","[{""url"":""https://creator.douyin.com/creator-micro/creator-count/vertical-analysis?tabValue=creativity&areaId=631"",""recordId"":""DG-时尚-5"",""originalText"":""裤子"",""field"":""guide[42].rows[4].keyword"",""sourceType"":""平台热词指南""}]"
"套装","","zh","消费题材","时尚；美妆穿搭","平台热词指南；消费内容作者标签","[{""url"":""https://creator.douyin.com/creator-micro/creator-count/vertical-analysis?tabValue=creativity&areaId=631"",""recordId"":""DG-时尚-6"",""originalText"":""套装"",""field"":""guide[42].rows[5].keyword"",""sourceType"":""平台热词指南""},{""url"":""https://www.douyin.com/video/7659374254936333029"",""recordId"":""DC-255"",""originalText"":""套装"",""field"":""samples[254].tags[3]"",""sourceType"":""消费内容作者标签""}]"
"上衣","","zh","消费题材","时尚","平台热词指南","[{""url"":""https://creator.douyin.com/creator-micro/creator-count/vertical-analysis?tabValue=creativity&areaId=631"",""recordId"":""DG-时尚-9"",""originalText"":""上衣"",""field"":""guide[42].rows[8].keyword"",""sourceType"":""平台热词指南""}]"
"搭配","","zh","消费题材","时尚","平台热词指南","[{""url"":""https://creator.douyin.com/creator-micro/creator-count/vertical-analysis?tabValue=creativity&areaId=631"",""recordId"":""DG-时尚-10"",""originalText"":""搭配"",""field"":""guide[42].rows[9].keyword"",""sourceType"":""平台热词指南""}]"
"美甲","","zh","消费题材","时尚","平台热词指南","[{""url"":""https://creator.douyin.com/creator-micro/creator-count/vertical-analysis?tabValue=creativity&areaId=631"",""recordId"":""DG-时尚-12"",""originalText"":""美甲"",""field"":""guide[43].rows[1].keyword"",""sourceType"":""平台热词指南""}]"
"牛仔裤","","zh","消费题材","时尚","平台热词指南","[{""url"":""https://creator.douyin.com/creator-micro/creator-count/vertical-analysis?tabValue=creativity&areaId=631"",""recordId"":""DG-时尚-14"",""originalText"":""牛仔裤"",""field"":""guide[43].rows[3].keyword"",""sourceType"":""平台热词指南""}]"
"显瘦","","zh","消费题材","时尚","平台热词指南","[{""url"":""https://creator.douyin.com/creator-micro/creator-count/vertical-analysis?tabValue=creativity&areaId=631"",""recordId"":""DG-时尚-15"",""originalText"":""显瘦"",""field"":""guide[43].rows[4].keyword"",""sourceType"":""平台热词指南""}]"
"头发","","zh","消费题材","时尚","平台热词指南","[{""url"":""https://creator.douyin.com/creator-micro/creator-count/vertical-analysis?tabValue=creativity&areaId=631"",""recordId"":""DG-时尚-16"",""originalText"":""头发"",""field"":""guide[43].rows[5].keyword"",""sourceType"":""平台热词指南""}]"
"时尚","","zh","消费题材","时尚；美妆穿搭","平台热词指南；消费内容作者标签","[{""url"":""https://creator.douyin.com/creator-micro/creator-count/vertical-analysis?tabValue=creativity&areaId=631"",""recordId"":""DG-时尚-17"",""originalText"":""时尚"",""field"":""guide[43].rows[6].keyword"",""sourceType"":""平台热词指南""},{""url"":""https://www.douyin.com/video/7654108051036704040"",""recordId"":""DC-252"",""originalText"":""时尚"",""field"":""samples[251].tags[4]"",""sourceType"":""消费内容作者标签""},{""url"":""https://www.douyin.com/video/7683740388837821711"",""recordId"":""DC-258"",""originalText"":""时尚"",""field"":""samples[257].tags[0]"",""sourceType"":""消费内容作者标签""},{""url"":""https://www.douyin.com/video/7676353737157365055"",""recordId"":""DC-264"",""originalText"":""时尚"",""field"":""samples[263].tags[3]"",""sourceType"":""消费内容作者标签""}]"
"男装","","zh","消费题材","时尚","平台热词指南","[{""url"":""https://creator.douyin.com/creator-micro/creator-count/vertical-analysis?tabValue=creativity&areaId=631"",""recordId"":""DG-时尚-18"",""originalText"":""男装"",""field"":""guide[43].rows[7].keyword"",""sourceType"":""平台热词指南""}]"
"服装","","zh","消费题材","时尚","平台热词指南","[{""url"":""https://creator.douyin.com/creator-micro/creator-count/vertical-analysis?tabValue=creativity&areaId=631"",""recordId"":""DG-时尚-19"",""originalText"":""服装"",""field"":""guide[43].rows[8].keyword"",""sourceType"":""平台热词指南""}]"
"发型","","zh","消费题材","时尚","平台热词指南","[{""url"":""https://creator.douyin.com/creator-micro/creator-count/vertical-analysis?tabValue=creativity&areaId=631"",""recordId"":""DG-时尚-20"",""originalText"":""发型"",""field"":""guide[43].rows[9].keyword"",""sourceType"":""平台热词指南""}]"
"电影","","zh","消费题材","休闲娱乐；叙事与分镜","平台热词指南；竞品作者用词","[{""url"":""https://tusi.cn/template/927966263844578246"",""recordId"":""cn-tusi-01"",""originalText"":""电影"",""field"":""terms[3].sources[0].sourceExcerpt"",""sourceType"":""竞品作者用词""},{""url"":""https://creator.douyin.com/creator-micro/creator-count/vertical-analysis?tabValue=creativity&areaId=634"",""recordId"":""DG-休闲娱乐-1"",""originalText"":""电影"",""field"":""guide[44].rows[0].keyword"",""sourceType"":""平台热词指南""}]"
"名场面","","zh","消费题材","休闲娱乐；体育","平台热词指南；消费内容作者标签","[{""url"":""https://creator.douyin.com/creator-micro/creator-count/vertical-analysis?tabValue=creativity&areaId=634"",""recordId"":""DG-休闲娱乐-2"",""originalText"":""名场面"",""field"":""guide[44].rows[1].keyword"",""sourceType"":""平台热词指南""},{""url"":""https://www.douyin.com/video/7670122064245738787"",""recordId"":""DC-328"",""originalText"":""名场面"",""field"":""samples[327].tags[4]"",""sourceType"":""消费内容作者标签""}]"
"电竞","","zh","消费题材","休闲娱乐","平台热词指南","[{""url"":""https://creator.douyin.com/creator-micro/creator-count/vertical-analysis?tabValue=creativity&areaId=634"",""recordId"":""DG-休闲娱乐-3"",""originalText"":""电竞"",""field"":""guide[44].rows[2].keyword"",""sourceType"":""平台热词指南""}]"
"重生","","zh","消费题材","休闲娱乐","平台热词指南","[{""url"":""https://creator.douyin.com/creator-micro/creator-count/vertical-analysis?tabValue=creativity&areaId=634"",""recordId"":""DG-休闲娱乐-4"",""originalText"":""重生"",""field"":""guide[44].rows[3].keyword"",""sourceType"":""平台热词指南""}]"
"功夫","","zh","消费题材","休闲娱乐","平台热词指南","[{""url"":""https://creator.douyin.com/creator-micro/creator-count/vertical-analysis?tabValue=creativity&areaId=634"",""recordId"":""DG-休闲娱乐-5"",""originalText"":""功夫"",""field"":""guide[44].rows[4].keyword"",""sourceType"":""平台热词指南""}]"
"模仿","","zh","消费题材","休闲娱乐","平台热词指南","[{""url"":""https://creator.douyin.com/creator-micro/creator-count/vertical-analysis?tabValue=creativity&areaId=634"",""recordId"":""DG-休闲娱乐-6"",""originalText"":""模仿"",""field"":""guide[44].rows[5].keyword"",""sourceType"":""平台热词指南""}]"
"影视","","zh","消费题材","休闲娱乐；小剧场","平台热词指南；消费内容作者标签","[{""url"":""https://creator.douyin.com/creator-micro/creator-count/vertical-analysis?tabValue=creativity&areaId=634"",""recordId"":""DG-休闲娱乐-7"",""originalText"":""影视"",""field"":""guide[44].rows[6].keyword"",""sourceType"":""平台热词指南""},{""url"":""https://www.douyin.com/video/7682982319455538486"",""recordId"":""DC-167"",""originalText"":""影视"",""field"":""samples[166].tags[4]"",""sourceType"":""消费内容作者标签""}]"
"追剧","","zh","消费题材","休闲娱乐","平台热词指南","[{""url"":""https://creator.douyin.com/creator-micro/creator-count/vertical-analysis?tabValue=creativity&areaId=634"",""recordId"":""DG-休闲娱乐-8"",""originalText"":""追剧"",""field"":""guide[44].rows[7].keyword"",""sourceType"":""平台热词指南""}]"
"封神","","zh","消费题材","休闲娱乐","平台热词指南","[{""url"":""https://creator.douyin.com/creator-micro/creator-count/vertical-analysis?tabValue=creativity&areaId=634"",""recordId"":""DG-休闲娱乐-9"",""originalText"":""封神"",""field"":""guide[44].rows[8].keyword"",""sourceType"":""平台热词指南""}]"
"综艺","","zh","消费题材","休闲娱乐","平台热词指南","[{""url"":""https://creator.douyin.com/creator-micro/creator-count/vertical-analysis?tabValue=creativity&areaId=634"",""recordId"":""DG-休闲娱乐-11"",""originalText"":""综艺"",""field"":""guide[45].rows[0].keyword"",""sourceType"":""平台热词指南""}]"
"花絮","","zh","消费题材","休闲娱乐","平台热词指南","[{""url"":""https://creator.douyin.com/creator-micro/creator-count/vertical-analysis?tabValue=creativity&areaId=634"",""recordId"":""DG-休闲娱乐-12"",""originalText"":""花絮"",""field"":""guide[45].rows[1].keyword"",""sourceType"":""平台热词指南""}]"
"剧场","","zh","消费题材","休闲娱乐","平台热词指南","[{""url"":""https://creator.douyin.com/creator-micro/creator-count/vertical-analysis?tabValue=creativity&areaId=634"",""recordId"":""DG-休闲娱乐-13"",""originalText"":""剧场"",""field"":""guide[45].rows[2].keyword"",""sourceType"":""平台热词指南""}]"
"魔术","","zh","消费题材","休闲娱乐","平台热词指南","[{""url"":""https://creator.douyin.com/creator-micro/creator-count/vertical-analysis?tabValue=creativity&areaId=634"",""recordId"":""DG-休闲娱乐-14"",""originalText"":""魔术"",""field"":""guide[45].rows[3].keyword"",""sourceType"":""平台热词指南""}]"
"魔法","","zh","消费题材","休闲娱乐","平台热词指南","[{""url"":""https://creator.douyin.com/creator-micro/creator-count/vertical-analysis?tabValue=creativity&areaId=634"",""recordId"":""DG-休闲娱乐-15"",""originalText"":""魔法"",""field"":""guide[45].rows[4].keyword"",""sourceType"":""平台热词指南""}]"
"西游记","","zh","消费题材","休闲娱乐；二次元；游戏","平台热词指南；消费内容作者标签","[{""url"":""https://creator.douyin.com/creator-micro/creator-count/vertical-analysis?tabValue=creativity&areaId=634"",""recordId"":""DG-休闲娱乐-16"",""originalText"":""西游记"",""field"":""guide[45].rows[5].keyword"",""sourceType"":""平台热词指南""},{""url"":""https://www.douyin.com/video/7677494680468065571"",""recordId"":""DC-084"",""originalText"":""西游记"",""field"":""samples[83].tags[0]"",""sourceType"":""消费内容作者标签""},{""url"":""https://www.douyin.com/video/7668645197584043274"",""recordId"":""DC-311"",""originalText"":""西游记"",""field"":""samples[310].tags[3]"",""sourceType"":""消费内容作者标签""}]"
"观影","","zh","消费题材","休闲娱乐","平台热词指南","[{""url"":""https://creator.douyin.com/creator-micro/creator-count/vertical-analysis?tabValue=creativity&areaId=634"",""recordId"":""DG-休闲娱乐-17"",""originalText"":""观影"",""field"":""guide[45].rows[6].keyword"",""sourceType"":""平台热词指南""}]"
"影院","","zh","消费题材","休闲娱乐","平台热词指南","[{""url"":""https://creator.douyin.com/creator-micro/creator-count/vertical-analysis?tabValue=creativity&areaId=634"",""recordId"":""DG-休闲娱乐-20"",""originalText"":""影院"",""field"":""guide[45].rows[9].keyword"",""sourceType"":""平台热词指南""}]"
"汽车","","zh","消费题材","汽车","平台热词指南","[{""url"":""https://creator.douyin.com/creator-micro/creator-count/vertical-analysis?tabValue=creativity&areaId=635"",""recordId"":""DG-汽车-2"",""originalText"":""汽车"",""field"":""guide[46].rows[1].keyword"",""sourceType"":""平台热词指南""}]"
"摩托","","zh","消费题材","汽车","平台热词指南","[{""url"":""https://creator.douyin.com/creator-micro/creator-count/vertical-analysis?tabValue=creativity&areaId=635"",""recordId"":""DG-汽车-3"",""originalText"":""摩托"",""field"":""guide[46].rows[2].keyword"",""sourceType"":""平台热词指南""}]"
"摩托车","","zh","消费题材","汽车","平台热词指南","[{""url"":""https://creator.douyin.com/creator-micro/creator-count/vertical-analysis?tabValue=creativity&areaId=635"",""recordId"":""DG-汽车-4"",""originalText"":""摩托车"",""field"":""guide[46].rows[3].keyword"",""sourceType"":""平台热词指南""}]"
"宝马","","zh","消费题材","汽车","平台热词指南","[{""url"":""https://creator.douyin.com/creator-micro/creator-count/vertical-analysis?tabValue=creativity&areaId=635"",""recordId"":""DG-汽车-5"",""originalText"":""宝马"",""field"":""guide[46].rows[4].keyword"",""sourceType"":""平台热词指南""}]"
"奔驰","","zh","消费题材","汽车","平台热词指南","[{""url"":""https://creator.douyin.com/creator-micro/creator-count/vertical-analysis?tabValue=creativity&areaId=635"",""recordId"":""DG-汽车-6"",""originalText"":""奔驰"",""field"":""guide[46].rows[5].keyword"",""sourceType"":""平台热词指南""}]"
"奥迪","","zh","消费题材","汽车","平台热词指南","[{""url"":""https://creator.douyin.com/creator-micro/creator-count/vertical-analysis?tabValue=creativity&areaId=635"",""recordId"":""DG-汽车-7"",""originalText"":""奥迪"",""field"":""guide[46].rows[6].keyword"",""sourceType"":""平台热词指南""}]"
"二手车","","zh","消费题材","汽车","平台热词指南","[{""url"":""https://creator.douyin.com/creator-micro/creator-count/vertical-analysis?tabValue=creativity&areaId=635"",""recordId"":""DG-汽车-8"",""originalText"":""二手车"",""field"":""guide[46].rows[7].keyword"",""sourceType"":""平台热词指南""}]"
"大众","","zh","消费题材","汽车","平台热词指南","[{""url"":""https://creator.douyin.com/creator-micro/creator-count/vertical-analysis?tabValue=creativity&areaId=635"",""recordId"":""DG-汽车-9"",""originalText"":""大众"",""field"":""guide[46].rows[8].keyword"",""sourceType"":""平台热词指南""}]"
"租车","","zh","消费题材","汽车","平台热词指南","[{""url"":""https://creator.douyin.com/creator-micro/creator-count/vertical-analysis?tabValue=creativity&areaId=635"",""recordId"":""DG-汽车-10"",""originalText"":""租车"",""field"":""guide[46].rows[9].keyword"",""sourceType"":""平台热词指南""}]"
"比亚迪","","zh","消费题材","汽车；知识","平台热词指南；消费内容作者标签","[{""url"":""https://creator.douyin.com/creator-micro/creator-count/vertical-analysis?tabValue=creativity&areaId=635"",""recordId"":""DG-汽车-11"",""originalText"":""比亚迪"",""field"":""guide[47].rows[0].keyword"",""sourceType"":""平台热词指南""},{""url"":""https://www.douyin.com/video/7668650707410554150"",""recordId"":""DC-005"",""originalText"":""比亚迪"",""field"":""samples[4].tags[2]"",""sourceType"":""消费内容作者标签""},{""url"":""https://www.douyin.com/video/7656159828724747566"",""recordId"":""DC-284"",""originalText"":""比亚迪"",""field"":""samples[283].tags[0]"",""sourceType"":""消费内容作者标签""},{""url"":""https://www.douyin.com/video/7681254179062517011"",""recordId"":""DC-290"",""originalText"":""比亚迪"",""field"":""samples[289].tags[0]"",""sourceType"":""消费内容作者标签""}]"
"三轮车","","zh","消费题材","汽车","平台热词指南","[{""url"":""https://creator.douyin.com/creator-micro/creator-count/vertical-analysis?tabValue=creativity&areaId=635"",""recordId"":""DG-汽车-12"",""originalText"":""三轮车"",""field"":""guide[47].rows[1].keyword"",""sourceType"":""平台热词指南""}]"
"特斯拉","","zh","消费题材","汽车","平台热词指南","[{""url"":""https://creator.douyin.com/creator-micro/creator-count/vertical-analysis?tabValue=creativity&areaId=635"",""recordId"":""DG-汽车-13"",""originalText"":""特斯拉"",""field"":""guide[47].rows[2].keyword"",""sourceType"":""平台热词指南""}]"
"机车","","zh","消费题材","汽车","平台热词指南","[{""url"":""https://creator.douyin.com/creator-micro/creator-count/vertical-analysis?tabValue=creativity&areaId=635"",""recordId"":""DG-汽车-14"",""originalText"":""机车"",""field"":""guide[47].rows[3].keyword"",""sourceType"":""平台热词指南""}]"
"吉利","","zh","消费题材","汽车","平台热词指南","[{""url"":""https://creator.douyin.com/creator-micro/creator-count/vertical-analysis?tabValue=creativity&areaId=635"",""recordId"":""DG-汽车-15"",""originalText"":""吉利"",""field"":""guide[47].rows[4].keyword"",""sourceType"":""平台热词指南""}]"
"本田","","zh","消费题材","汽车","平台热词指南","[{""url"":""https://creator.douyin.com/creator-micro/creator-count/vertical-analysis?tabValue=creativity&areaId=635"",""recordId"":""DG-汽车-16"",""originalText"":""本田"",""field"":""guide[47].rows[5].keyword"",""sourceType"":""平台热词指南""}]"
"丰田","","zh","消费题材","汽车","平台热词指南","[{""url"":""https://creator.douyin.com/creator-micro/creator-count/vertical-analysis?tabValue=creativity&areaId=635"",""recordId"":""DG-汽车-17"",""originalText"":""丰田"",""field"":""guide[47].rows[6].keyword"",""sourceType"":""平台热词指南""}]"
"电车","","zh","消费题材","汽车","平台热词指南","[{""url"":""https://creator.douyin.com/creator-micro/creator-count/vertical-analysis?tabValue=creativity&areaId=635"",""recordId"":""DG-汽车-18"",""originalText"":""电车"",""field"":""guide[47].rows[7].keyword"",""sourceType"":""平台热词指南""}]"
"新能源","","zh","消费题材","汽车","平台热词指南","[{""url"":""https://creator.douyin.com/creator-micro/creator-count/vertical-analysis?tabValue=creativity&areaId=635"",""recordId"":""DG-汽车-19"",""originalText"":""新能源"",""field"":""guide[47].rows[8].keyword"",""sourceType"":""平台热词指南""}]"
"雅迪","","zh","消费题材","汽车","平台热词指南","[{""url"":""https://creator.douyin.com/creator-micro/creator-count/vertical-analysis?tabValue=creativity&areaId=635"",""recordId"":""DG-汽车-20"",""originalText"":""雅迪"",""field"":""guide[47].rows[9].keyword"",""sourceType"":""平台热词指南""}]"
"明朝","","zh","消费题材","知识","消费内容作者标签","[{""url"":""https://www.douyin.com/video/7664551837873261858"",""recordId"":""DC-001"",""originalText"":""明朝"",""field"":""samples[0].tags[0]"",""sourceType"":""消费内容作者标签""}]"
"王阳明","","zh","消费题材","知识","消费内容作者标签；消费内容作者标题","[{""url"":""https://www.douyin.com/video/7664551837873261858"",""recordId"":""DC-001"",""originalText"":""王阳明"",""field"":""samples[0].tags[1]"",""sourceType"":""消费内容作者标签""},{""url"":""https://www.douyin.com/video/7664551837873261858"",""recordId"":""DC-001"",""originalText"":""王阳明"",""field"":""samples[0].title"",""sourceType"":""消费内容作者标题""}]"
"知行合一","","zh","消费题材","知识","消费内容作者标签","[{""url"":""https://www.douyin.com/video/7664551837873261858"",""recordId"":""DC-001"",""originalText"":""知行合一"",""field"":""samples[0].tags[2]"",""sourceType"":""消费内容作者标签""}]"
"历史人物","","zh","消费题材","知识；跨题材；历史人物与知识图解","消费内容作者标签；竞品作者用词","[{""url"":""https://jimeng.jianying.com/ai-tool/work-detail/7649030276185656627?itemType=9&workDetailType=Image"",""recordId"":""cn-jimeng-09"",""originalText"":""历史人物"",""field"":""terms[131].sources[0].sourceExcerpt"",""sourceType"":""竞品作者用词""},{""url"":""https://www.douyin.com/video/7664551837873261858"",""recordId"":""DC-001"",""originalText"":""历史人物"",""field"":""samples[0].tags[4]"",""sourceType"":""消费内容作者标签""},{""url"":""https://www.douyin.com/video/7673513119460773120"",""recordId"":""DD-7673513119460773120"",""originalText"":""历史人物"",""field"":""details[1].tags[4]"",""sourceType"":""消费内容作者标签""}]"
"DeepSeek","","en","工具","知识；公开课","消费内容作者标签；公开评论","[{""url"":""https://www.douyin.com/video/7661104649675623714"",""recordId"":""DC-008-comment-6"",""originalText"":""deepseek"",""field"":""details[3].comments[5].text"",""sourceType"":""公开评论""},{""url"":""https://www.douyin.com/video/7680156458940553061"",""recordId"":""DC-002"",""originalText"":""DeepSeek"",""field"":""samples[1].tags[0]"",""sourceType"":""消费内容作者标签""},{""url"":""https://www.douyin.com/video/7674339465447361838"",""recordId"":""DC-010"",""originalText"":""Deepseek"",""field"":""samples[9].tags[0]"",""sourceType"":""消费内容作者标签""},{""url"":""https://www.douyin.com/video/7476789346587151651"",""recordId"":""DC-033"",""originalText"":""DeepSeek"",""field"":""samples[32].tags[1]"",""sourceType"":""消费内容作者标签""}]"
"Harness","","en","工具","知识","消费内容作者标签","[{""url"":""https://www.douyin.com/video/7680156458940553061"",""recordId"":""DC-002"",""originalText"":""Harness"",""field"":""samples[1].tags[1]"",""sourceType"":""消费内容作者标签""}]"
"西安新城区","","zh","消费题材","知识","消费内容作者标签","[{""url"":""https://www.douyin.com/video/7665250198007926042"",""recordId"":""DC-003"",""originalText"":""西安新城区"",""field"":""samples[2].tags[2]"",""sourceType"":""消费内容作者标签""}]"
"康复路","","zh","消费题材","知识","消费内容作者标签","[{""url"":""https://www.douyin.com/video/7665250198007926042"",""recordId"":""DC-003"",""originalText"":""康复路"",""field"":""samples[2].tags[3]"",""sourceType"":""消费内容作者标签""}]"
"西京医院","","zh","消费题材","知识","消费内容作者标签","[{""url"":""https://www.douyin.com/video/7665250198007926042"",""recordId"":""DC-003"",""originalText"":""西京医院"",""field"":""samples[2].tags[4]"",""sourceType"":""消费内容作者标签""}]"
"王传福","","zh","消费题材","知识","消费内容作者标签","[{""url"":""https://www.douyin.com/video/7668650707410554150"",""recordId"":""DC-005"",""originalText"":""王传福"",""field"":""samples[4].tags[3]"",""sourceType"":""消费内容作者标签""}]"
"茶","","zh","消费题材","知识","消费内容作者标签","[{""url"":""https://www.douyin.com/video/7670720984210492713"",""recordId"":""DC-006"",""originalText"":""茶"",""field"":""samples[5].tags[0]"",""sourceType"":""消费内容作者标签""},{""url"":""https://www.douyin.com/video/7673116987035432182"",""recordId"":""DC-018"",""originalText"":""茶"",""field"":""samples[17].tags[2]"",""sourceType"":""消费内容作者标签""}]"
"茶生活","","zh","消费题材","知识","消费内容作者标签","[{""url"":""https://www.douyin.com/video/7670720984210492713"",""recordId"":""DC-006"",""originalText"":""茶生活"",""field"":""samples[5].tags[1]"",""sourceType"":""消费内容作者标签""}]"
"茶文化","","zh","消费题材","知识","消费内容作者标签","[{""url"":""https://www.douyin.com/video/7670720984210492713"",""recordId"":""DC-006"",""originalText"":""茶文化"",""field"":""samples[5].tags[2]"",""sourceType"":""消费内容作者标签""}]"
"茶知识","","zh","消费题材","知识","消费内容作者标签","[{""url"":""https://www.douyin.com/video/7670720984210492713"",""recordId"":""DC-006"",""originalText"":""茶知识"",""field"":""samples[5].tags[3]"",""sourceType"":""消费内容作者标签""}]"
"赤壁之战","","zh","消费题材","知识","消费内容作者标签；消费内容作者标题","[{""url"":""https://www.douyin.com/video/7659012964128722191"",""recordId"":""DC-007"",""originalText"":""赤壁之战"",""field"":""samples[6].tags[0]"",""sourceType"":""消费内容作者标签""},{""url"":""https://www.douyin.com/video/7659012964128722191"",""recordId"":""DC-007"",""originalText"":""赤壁之战"",""field"":""samples[6].title"",""sourceType"":""消费内容作者标题""}]"
"三国志王道天下","","zh","消费题材","知识","消费内容作者标签","[{""url"":""https://www.douyin.com/video/7659012964128722191"",""recordId"":""DC-007"",""originalText"":""三国志王道天下"",""field"":""samples[6].tags[1]"",""sourceType"":""消费内容作者标签""}]"
"三国志","","zh","消费题材","知识","消费内容作者标签","[{""url"":""https://www.douyin.com/video/7659012964128722191"",""recordId"":""DC-007"",""originalText"":""三国志"",""field"":""samples[6].tags[3]"",""sourceType"":""消费内容作者标签""}]"
"slg","策略游戏","en","消费题材","知识","消费内容作者标签","[{""url"":""https://www.douyin.com/video/7659012964128722191"",""recordId"":""DC-007"",""originalText"":""slg"",""field"":""samples[6].tags[4]"",""sourceType"":""消费内容作者标签""}]"
"codex","","en","工具","知识","消费内容作者标签；消费内容作者标题；消费内容作者说明","[{""url"":""https://www.douyin.com/video/7661104649675623714"",""recordId"":""DC-008"",""originalText"":""codex"",""field"":""samples[7].tags[0]"",""sourceType"":""消费内容作者标签""},{""url"":""https://www.douyin.com/video/7661104649675623714"",""recordId"":""DC-008"",""originalText"":""codex"",""field"":""details[3].tags[0]"",""sourceType"":""消费内容作者标签""},{""url"":""https://www.douyin.com/video/7679416235511106843"",""recordId"":""DC-019"",""originalText"":""Codex"",""field"":""samples[18].tags[3]"",""sourceType"":""消费内容作者标签""},{""url"":""https://www.douyin.com/video/7659992778310520070"",""recordId"":""DC-021"",""originalText"":""codex"",""field"":""samples[20].tags[0]"",""sourceType"":""消费内容作者标签""},{""url"":""https://www.douyin.com/video/7661104649675623714"",""recordId"":""DC-008"",""originalText"":""Codex"",""field"":""samples[7].title"",""sourceType"":""消费内容作者标题""},{""url"":""https://www.douyin.com/video/7661104649675623714"",""recordId"":""DC-008"",""originalText"":""Codex"",""field"":""details[3].descriptionExcerpt"",""sourceType"":""消费内容作者说明""}]"
"remotion","","en","工具","知识","消费内容作者标签；消费内容作者标题；消费内容作者说明","[{""url"":""https://www.douyin.com/video/7661104649675623714"",""recordId"":""DC-008"",""originalText"":""remotion"",""field"":""samples[7].tags[1]"",""sourceType"":""消费内容作者标签""},{""url"":""https://www.douyin.com/video/7661104649675623714"",""recordId"":""DC-008"",""originalText"":""remotion"",""field"":""details[3].tags[1]"",""sourceType"":""消费内容作者标签""},{""url"":""https://www.douyin.com/video/7661104649675623714"",""recordId"":""DC-008"",""originalText"":""Remotion"",""field"":""samples[7].title"",""sourceType"":""消费内容作者标题""},{""url"":""https://www.douyin.com/video/7661104649675623714"",""recordId"":""DC-008"",""originalText"":""Remotion"",""field"":""details[3].descriptionExcerpt"",""sourceType"":""消费内容作者说明""}]"
"ai动画","","mixed","消费题材","知识；小剧场","消费内容作者标签","[{""url"":""https://www.douyin.com/video/7661104649675623714"",""recordId"":""DC-008"",""originalText"":""ai动画"",""field"":""samples[7].tags[2]"",""sourceType"":""消费内容作者标签""},{""url"":""https://www.douyin.com/video/7661104649675623714"",""recordId"":""DC-008"",""originalText"":""ai动画"",""field"":""details[3].tags[2]"",""sourceType"":""消费内容作者标签""},{""url"":""https://www.douyin.com/video/7673499815631768842"",""recordId"":""DC-169"",""originalText"":""ai动画"",""field"":""samples[168].tags[1]"",""sourceType"":""消费内容作者标签""}]"
"数据可视化","","zh","创作任务","知识","消费内容作者标签","[{""url"":""https://www.douyin.com/video/7661104649675623714"",""recordId"":""DC-008"",""originalText"":""数据可视化"",""field"":""samples[7].tags[4]"",""sourceType"":""消费内容作者标签""},{""url"":""https://www.douyin.com/video/7661104649675623714"",""recordId"":""DC-008"",""originalText"":""数据可视化"",""field"":""details[3].tags[4]"",""sourceType"":""消费内容作者标签""}]"
"水浒传","","zh","消费题材","知识","消费内容作者标签","[{""url"":""https://www.douyin.com/video/7665567647748082994"",""recordId"":""DC-009"",""originalText"":""水浒传"",""field"":""samples[8].tags[0]"",""sourceType"":""消费内容作者标签""}]"
"梁山好汉","","zh","消费题材","知识","消费内容作者标签","[{""url"":""https://www.douyin.com/video/7665567647748082994"",""recordId"":""DC-009"",""originalText"":""梁山好汉"",""field"":""samples[8].tags[3]"",""sourceType"":""消费内容作者标签""}]"
"四大名著","","zh","消费题材","知识","消费内容作者标签","[{""url"":""https://www.douyin.com/video/7665567647748082994"",""recordId"":""DC-009"",""originalText"":""四大名著"",""field"":""samples[8].tags[4]"",""sourceType"":""消费内容作者标签""}]"
"AIAgent","AI智能体","en","工具","知识","消费内容作者标签","[{""url"":""https://www.douyin.com/video/7674339465447361838"",""recordId"":""DC-010"",""originalText"":""AIAgent"",""field"":""samples[9].tags[1]"",""sourceType"":""消费内容作者标签""}]"
"汽油","","zh","消费题材","知识","消费内容作者标签","[{""url"":""https://www.douyin.com/video/7673932746623929643"",""recordId"":""DC-011"",""originalText"":""汽油"",""field"":""samples[10].tags[0]"",""sourceType"":""消费内容作者标签""}]"
"汽车知识","","zh","消费题材","知识；汽车","消费内容作者标签","[{""url"":""https://www.douyin.com/video/7673932746623929643"",""recordId"":""DC-011"",""originalText"":""汽车知识"",""field"":""samples[10].tags[1]"",""sourceType"":""消费内容作者标签""},{""url"":""https://www.douyin.com/video/7681588979312905512"",""recordId"":""DC-299"",""originalText"":""汽车知识"",""field"":""samples[298].tags[3]"",""sourceType"":""消费内容作者标签""}]"
"亚马逊雨林","","zh","消费题材","知识","消费内容作者标签","[{""url"":""https://www.douyin.com/video/7656438487805185332"",""recordId"":""DC-012"",""originalText"":""亚马逊雨林"",""field"":""samples[11].tags[0]"",""sourceType"":""消费内容作者标签""}]"
"热带雨林","","zh","消费题材","知识","消费内容作者标签","[{""url"":""https://www.douyin.com/video/7656438487805185332"",""recordId"":""DC-012"",""originalText"":""热带雨林"",""field"":""samples[11].tags[1]"",""sourceType"":""消费内容作者标签""}]"
"科普","","zh","消费题材","知识；生活vlog；三农；美食；游戏；体育","消费内容作者标签","[{""url"":""https://www.douyin.com/video/7656438487805185332"",""recordId"":""DC-012"",""originalText"":""科普"",""field"":""samples[11].tags[2]"",""sourceType"":""消费内容作者标签""},{""url"":""https://www.douyin.com/video/7673116987035432182"",""recordId"":""DC-018"",""originalText"":""科普"",""field"":""samples[17].tags[4]"",""sourceType"":""消费内容作者标签""},{""url"":""https://www.douyin.com/video/7650915105621675316"",""recordId"":""DC-024"",""originalText"":""科普"",""field"":""samples[23].tags[0]"",""sourceType"":""消费内容作者标签""},{""url"":""https://www.douyin.com/video/7672291961251826978"",""recordId"":""DC-116"",""originalText"":""科普"",""field"":""samples[115].tags[1]"",""sourceType"":""消费内容作者标签""},{""url"":""https://www.douyin.com/video/7657505923887303945"",""recordId"":""DC-187"",""originalText"":""科普"",""field"":""samples[186].tags[4]"",""sourceType"":""消费内容作者标签""},{""url"":""https://www.douyin.com/video/7668646555003538739"",""recordId"":""DC-268"",""originalText"":""科普"",""field"":""samples[267].tags[3]"",""sourceType"":""消费内容作者标签""},{""url"":""https://www.douyin.com/video/7659359024613231918"",""recordId"":""DC-307"",""originalText"":""科普"",""field"":""samples[306].tags[0]"",""sourceType"":""消费内容作者标签""},{""url"":""https://www.douyin.com/video/7668984762966510890"",""recordId"":""DC-324"",""originalText"":""科普"",""field"":""samples[323].tags[3]"",""sourceType"":""消费内容作者标签""},{""url"":""https://www.douyin.com/video/7661817644668013865"",""recordId"":""DC-341"",""originalText"":""科普"",""field"":""samples[340].tags[2]"",""sourceType"":""消费内容作者标签""}]"
"森蚺","","zh","消费题材","知识","消费内容作者标签","[{""url"":""https://www.douyin.com/video/7656438487805185332"",""recordId"":""DC-012"",""originalText"":""森蚺"",""field"":""samples[11].tags[3]"",""sourceType"":""消费内容作者标签""}]"
"AI工具","AI工具","mixed","工具","知识","消费内容作者标签","[{""url"":""https://www.douyin.com/video/7670140332318772506"",""recordId"":""DC-013"",""originalText"":""AI工具"",""field"":""samples[12].tags[2]"",""sourceType"":""消费内容作者标签""}]"
"github","","en","工具","知识","消费内容作者标签；消费内容作者标题","[{""url"":""https://www.douyin.com/video/7670140332318772506"",""recordId"":""DC-013"",""originalText"":""github"",""field"":""samples[12].tags[3]"",""sourceType"":""消费内容作者标签""},{""url"":""https://www.douyin.com/video/7670140332318772506"",""recordId"":""DC-013"",""originalText"":""GitHub"",""field"":""samples[12].title"",""sourceType"":""消费内容作者标题""}]"
"github怎么用","","mixed","消费题材","知识","消费内容作者标签","[{""url"":""https://www.douyin.com/video/7670140332318772506"",""recordId"":""DC-013"",""originalText"":""github怎么用"",""field"":""samples[12].tags[4]"",""sourceType"":""消费内容作者标签""}]"
"副业","","zh","消费题材","知识","消费内容作者标签","[{""url"":""https://www.douyin.com/video/7651563399670795539"",""recordId"":""DC-014"",""originalText"":""副业"",""field"":""samples[13].tags[3]"",""sourceType"":""消费内容作者标签""}]"
"地图","","zh","消费题材","知识","消费内容作者标签","[{""url"":""https://www.douyin.com/video/7662693254986501382"",""recordId"":""DC-015"",""originalText"":""地图"",""field"":""samples[14].tags[1]"",""sourceType"":""消费内容作者标签""},{""url"":""https://www.douyin.com/video/7662693254986501382"",""recordId"":""DC-015"",""originalText"":""地图"",""field"":""details[6].tags[1]"",""sourceType"":""消费内容作者标签""}]"
"动画","","zh","消费题材","知识","消费内容作者标签；消费内容作者标题","[{""url"":""https://www.douyin.com/video/7662693254986501382"",""recordId"":""DC-015"",""originalText"":""动画"",""field"":""samples[14].tags[2]"",""sourceType"":""消费内容作者标签""},{""url"":""https://www.douyin.com/video/7662693254986501382"",""recordId"":""DC-015"",""originalText"":""动画"",""field"":""details[6].tags[2]"",""sourceType"":""消费内容作者标签""},{""url"":""https://www.douyin.com/video/7661104649675623714"",""recordId"":""DC-008"",""originalText"":""动画"",""field"":""samples[7].title"",""sourceType"":""消费内容作者标题""}]"
"西晋","","zh","消费题材","知识","消费内容作者标签","[{""url"":""https://www.douyin.com/video/7662693254986501382"",""recordId"":""DC-015"",""originalText"":""西晋"",""field"":""samples[14].tags[3]"",""sourceType"":""消费内容作者标签""},{""url"":""https://www.douyin.com/video/7662693254986501382"",""recordId"":""DC-015"",""originalText"":""西晋"",""field"":""details[6].tags[3]"",""sourceType"":""消费内容作者标签""}]"
"欢迎来龙餐馆细节解读","","zh","消费题材","知识","消费内容作者标签","[{""url"":""https://www.douyin.com/video/7675678215733562674"",""recordId"":""DC-016"",""originalText"":""欢迎来龙餐馆细节解读"",""field"":""samples[15].tags[2]"",""sourceType"":""消费内容作者标签""}]"
"欢迎来龙餐馆","","zh","消费题材","知识；影视","消费内容作者标签","[{""url"":""https://www.douyin.com/video/7675678215733562674"",""recordId"":""DC-016"",""originalText"":""欢迎来龙餐馆"",""field"":""samples[15].tags[3]"",""sourceType"":""消费内容作者标签""},{""url"":""https://www.douyin.com/video/7674209796202958114"",""recordId"":""DC-051"",""originalText"":""欢迎来龙餐馆"",""field"":""samples[50].tags[0]"",""sourceType"":""消费内容作者标签""}]"
"伊拉克战争","","zh","消费题材","知识","消费内容作者标签；消费内容作者标题","[{""url"":""https://www.douyin.com/video/7675678215733562674"",""recordId"":""DC-016"",""originalText"":""伊拉克战争"",""field"":""samples[15].tags[4]"",""sourceType"":""消费内容作者标签""},{""url"":""https://www.douyin.com/video/7675678215733562674"",""recordId"":""DC-016"",""originalText"":""伊拉克战争"",""field"":""samples[15].title"",""sourceType"":""消费内容作者标题""}]"
"桉树","","zh","消费题材","知识","消费内容作者标签；消费内容作者标题；平台搜索联想","[{""url"":""https://www.douyin.com/video/7674875864693116194"",""recordId"":""DC-017"",""originalText"":""桉树"",""field"":""details[7].relatedSearch[0]"",""sourceType"":""平台搜索联想""},{""url"":""https://www.douyin.com/video/7674875864693116194"",""recordId"":""DC-017"",""originalText"":""桉树"",""field"":""samples[16].tags[0]"",""sourceType"":""消费内容作者标签""},{""url"":""https://www.douyin.com/video/7674875864693116194"",""recordId"":""DC-017"",""originalText"":""桉树"",""field"":""details[7].tags[0]"",""sourceType"":""消费内容作者标签""},{""url"":""https://www.douyin.com/video/7674875864693116194"",""recordId"":""DC-017"",""originalText"":""桉树"",""field"":""samples[16].title"",""sourceType"":""消费内容作者标题""}]"
"林业","","zh","消费题材","知识","消费内容作者标签","[{""url"":""https://www.douyin.com/video/7674875864693116194"",""recordId"":""DC-017"",""originalText"":""林业"",""field"":""samples[16].tags[1]"",""sourceType"":""消费内容作者标签""},{""url"":""https://www.douyin.com/video/7674875864693116194"",""recordId"":""DC-017"",""originalText"":""林业"",""field"":""details[7].tags[1]"",""sourceType"":""消费内容作者标签""}]"
"广西","","zh","消费题材","知识","消费内容作者标签","[{""url"":""https://www.douyin.com/video/7674875864693116194"",""recordId"":""DC-017"",""originalText"":""广西"",""field"":""samples[16].tags[2]"",""sourceType"":""消费内容作者标签""},{""url"":""https://www.douyin.com/video/7674875864693116194"",""recordId"":""DC-017"",""originalText"":""广西"",""field"":""details[7].tags[2]"",""sourceType"":""消费内容作者标签""}]"
"红壤","","zh","消费题材","知识","消费内容作者标签","[{""url"":""https://www.douyin.com/video/7674875864693116194"",""recordId"":""DC-017"",""originalText"":""红壤"",""field"":""samples[16].tags[3]"",""sourceType"":""消费内容作者标签""},{""url"":""https://www.douyin.com/video/7674875864693116194"",""recordId"":""DC-017"",""originalText"":""红壤"",""field"":""details[7].tags[3]"",""sourceType"":""消费内容作者标签""}]"
"茶叶","","zh","消费题材","知识","消费内容作者标签","[{""url"":""https://www.douyin.com/video/7673116987035432182"",""recordId"":""DC-018"",""originalText"":""茶叶"",""field"":""samples[17].tags[0]"",""sourceType"":""消费内容作者标签""}]"
"白茶","","zh","消费题材","知识","消费内容作者标签；消费内容作者标题","[{""url"":""https://www.douyin.com/video/7673116987035432182"",""recordId"":""DC-018"",""originalText"":""白茶"",""field"":""samples[17].tags[1]"",""sourceType"":""消费内容作者标签""},{""url"":""https://www.douyin.com/video/7673116987035432182"",""recordId"":""DC-018"",""originalText"":""白茶"",""field"":""samples[17].title"",""sourceType"":""消费内容作者标题""}]"
"茶叶知识","","zh","消费题材","知识","消费内容作者标签","[{""url"":""https://www.douyin.com/video/7673116987035432182"",""recordId"":""DC-018"",""originalText"":""茶叶知识"",""field"":""samples[17].tags[3]"",""sourceType"":""消费内容作者标签""}]"
"VibeCoding","氛围编程","en","工具","知识；公开课","消费内容作者标签；消费内容作者标题","[{""url"":""https://www.douyin.com/video/7679416235511106843"",""recordId"":""DC-019"",""originalText"":""VibeCoding"",""field"":""samples[18].tags[1]"",""sourceType"":""消费内容作者标签""},{""url"":""https://www.douyin.com/video/7543581458393337103"",""recordId"":""DC-026"",""originalText"":""Vibe Coding"",""field"":""samples[25].title"",""sourceType"":""消费内容作者标题""}]"
"编程","","zh","创作任务","知识","消费内容作者标签","[{""url"":""https://www.douyin.com/video/7679416235511106843"",""recordId"":""DC-019"",""originalText"":""编程"",""field"":""samples[18].tags[2]"",""sourceType"":""消费内容作者标签""}]"
"iPhone18","","en","工具","知识","消费内容作者标签","[{""url"":""https://www.douyin.com/video/7679051260921679113"",""recordId"":""DC-020"",""originalText"":""iPhone18"",""field"":""samples[19].tags[0]"",""sourceType"":""消费内容作者标签""}]"
"iPhone","","en","工具","知识","消费内容作者标签","[{""url"":""https://www.douyin.com/video/7679051260921679113"",""recordId"":""DC-020"",""originalText"":""iPhone"",""field"":""samples[19].tags[1]"",""sourceType"":""消费内容作者标签""}]"
"智能体","","zh","工具","知识；公开课","消费内容作者标签","[{""url"":""https://www.douyin.com/video/7659992778310520070"",""recordId"":""DC-021"",""originalText"":""智能体"",""field"":""samples[20].tags[2]"",""sourceType"":""消费内容作者标签""},{""url"":""https://www.douyin.com/video/7562839428796861711"",""recordId"":""DC-030"",""originalText"":""智能体"",""field"":""samples[29].tags[3]"",""sourceType"":""消费内容作者标签""}]"
"codex使用教程","","mixed","创作任务","知识","消费内容作者标签","[{""url"":""https://www.douyin.com/video/7659992778310520070"",""recordId"":""DC-021"",""originalText"":""codex使用教程"",""field"":""samples[20].tags[4]"",""sourceType"":""消费内容作者标签""}]"
"初中数学","","zh","消费题材","知识","消费内容作者标签","[{""url"":""https://www.douyin.com/video/7684128336159562853"",""recordId"":""DC-023"",""originalText"":""初中数学"",""field"":""samples[22].tags[0]"",""sourceType"":""消费内容作者标签""}]"
"因式分解","","zh","消费题材","知识","消费内容作者标签","[{""url"":""https://www.douyin.com/video/7684128336159562853"",""recordId"":""DC-023"",""originalText"":""因式分解"",""field"":""samples[22].tags[1]"",""sourceType"":""消费内容作者标签""}]"
"十字相乘法","","zh","消费题材","知识","消费内容作者标签","[{""url"":""https://www.douyin.com/video/7684128336159562853"",""recordId"":""DC-023"",""originalText"":""十字相乘法"",""field"":""samples[22].tags[2]"",""sourceType"":""消费内容作者标签""}]"
"初三数学","","zh","消费题材","知识","消费内容作者标签","[{""url"":""https://www.douyin.com/video/7684128336159562853"",""recordId"":""DC-023"",""originalText"":""初三数学"",""field"":""samples[22].tags[3]"",""sourceType"":""消费内容作者标签""}]"
"中考数学","","zh","消费题材","知识","消费内容作者标签","[{""url"":""https://www.douyin.com/video/7684128336159562853"",""recordId"":""DC-023"",""originalText"":""中考数学"",""field"":""samples[22].tags[4]"",""sourceType"":""消费内容作者标签""}]"
"人工智能公开课","","zh","消费题材","公开课","消费内容作者标签","[{""url"":""https://www.douyin.com/video/7546068092703575338"",""recordId"":""DC-025"",""originalText"":""人工智能公开课"",""field"":""samples[24].tags[0]"",""sourceType"":""消费内容作者标签""},{""url"":""https://www.douyin.com/video/7543059811060026676"",""recordId"":""DC-027"",""originalText"":""人工智能公开课"",""field"":""samples[26].tags[0]"",""sourceType"":""消费内容作者标签""},{""url"":""https://www.douyin.com/video/7546024567332998436"",""recordId"":""DC-029"",""originalText"":""人工智能公开课"",""field"":""samples[28].tags[0]"",""sourceType"":""消费内容作者标签""},{""url"":""https://www.douyin.com/video/7546401851793575222"",""recordId"":""DC-031"",""originalText"":""人工智能公开课"",""field"":""samples[30].tags[0]"",""sourceType"":""消费内容作者标签""},{""url"":""https://www.douyin.com/video/7542831081242840372"",""recordId"":""DC-034"",""originalText"":""人工智能公开课"",""field"":""samples[33].tags[0]"",""sourceType"":""消费内容作者标签""},{""url"":""https://www.douyin.com/video/7545300506822954280"",""recordId"":""DC-036"",""originalText"":""人工智能公开课"",""field"":""samples[35].tags[0]"",""sourceType"":""消费内容作者标签""},{""url"":""https://www.douyin.com/video/7543185221487693090"",""recordId"":""DC-041"",""originalText"":""人工智能公开课"",""field"":""samples[40].tags[0]"",""sourceType"":""消费内容作者标签""},{""url"":""https://www.douyin.com/video/7545305886307241216"",""recordId"":""DC-044"",""originalText"":""人工智能公开课"",""field"":""samples[43].tags[0]"",""sourceType"":""消费内容作者标签""},{""url"":""https://www.douyin.com/video/7543168461795511562"",""recordId"":""DC-045"",""originalText"":""人工智能公开课"",""field"":""samples[44].tags[0]"",""sourceType"":""消费内容作者标签""}]"
"AI产品经理","","mixed","消费题材","公开课","消费内容作者标签","[{""url"":""https://www.douyin.com/video/7540535664427158819"",""recordId"":""DC-028"",""originalText"":""AI产品经理"",""field"":""samples[27].tags[0]"",""sourceType"":""消费内容作者标签""}]"
"深度学习算法","","zh","创作任务","公开课","消费内容作者标签","[{""url"":""https://www.douyin.com/video/7540535664427158819"",""recordId"":""DC-028"",""originalText"":""深度学习算法"",""field"":""samples[27].tags[1]"",""sourceType"":""消费内容作者标签""}]"
"人工智能","","zh","消费题材","公开课","消费内容作者标签","[{""url"":""https://www.douyin.com/video/7540535664427158819"",""recordId"":""DC-028"",""originalText"":""人工智能"",""field"":""samples[27].tags[2]"",""sourceType"":""消费内容作者标签""},{""url"":""https://www.douyin.com/video/7520550712514759955"",""recordId"":""DC-040"",""originalText"":""人工智能"",""field"":""samples[39].tags[3]"",""sourceType"":""消费内容作者标签""},{""url"":""https://www.douyin.com/video/7436608563918769448"",""recordId"":""DC-048"",""originalText"":""人工智能"",""field"":""samples[47].tags[1]"",""sourceType"":""消费内容作者标签""}]"
"大规模语言模型","","zh","创作任务","公开课","消费内容作者标签","[{""url"":""https://www.douyin.com/video/7540535664427158819"",""recordId"":""DC-028"",""originalText"":""大规模语言模型"",""field"":""samples[27].tags[4]"",""sourceType"":""消费内容作者标签""}]"
"机器人","","zh","消费题材","公开课","消费内容作者标签","[{""url"":""https://www.douyin.com/video/7535444782592625958"",""recordId"":""DC-032"",""originalText"":""机器人"",""field"":""samples[31].tags[0]"",""sourceType"":""消费内容作者标签""}]"
"投资","","zh","消费题材","公开课","消费内容作者标签","[{""url"":""https://www.douyin.com/video/7535444782592625958"",""recordId"":""DC-032"",""originalText"":""投资"",""field"":""samples[31].tags[3]"",""sourceType"":""消费内容作者标签""}]"
"coze","","en","工具","公开课","消费内容作者标签","[{""url"":""https://www.douyin.com/video/7476789346587151651"",""recordId"":""DC-033"",""originalText"":""coze"",""field"":""samples[32].tags[0]"",""sourceType"":""消费内容作者标签""}]"
"工作流","","zh","创作任务","公开课","消费内容作者标签","[{""url"":""https://www.douyin.com/video/7476789346587151651"",""recordId"":""DC-033"",""originalText"":""工作流"",""field"":""samples[32].tags[3]"",""sourceType"":""消费内容作者标签""}]"
"火山引擎","","zh","工具","公开课","消费内容作者标签","[{""url"":""https://www.douyin.com/video/7567284867466071306"",""recordId"":""DC-035"",""originalText"":""火山引擎"",""field"":""samples[34].tags[0]"",""sourceType"":""消费内容作者标签""},{""url"":""https://www.douyin.com/video/7569106505291631907"",""recordId"":""DC-038"",""originalText"":""火山引擎"",""field"":""samples[37].tags[0]"",""sourceType"":""消费内容作者标签""},{""url"":""https://www.douyin.com/video/7570225863401180457"",""recordId"":""DC-042"",""originalText"":""火山引擎"",""field"":""samples[41].tags[0]"",""sourceType"":""消费内容作者标签""},{""url"":""https://www.douyin.com/video/7564266010748964159"",""recordId"":""DC-043"",""originalText"":""火山引擎"",""field"":""samples[42].tags[0]"",""sourceType"":""消费内容作者标签""}]"
"Transformer","Transformer架构","en","工具","公开课","消费内容作者标签","[{""url"":""https://www.douyin.com/video/7521713546170780966"",""recordId"":""DC-037"",""originalText"":""Transformer"",""field"":""samples[36].tags[0]"",""sourceType"":""消费内容作者标签""}]"
"AI大模型","","mixed","工具","公开课","消费内容作者标签","[{""url"":""https://www.douyin.com/video/7521713546170780966"",""recordId"":""DC-037"",""originalText"":""AI大模型"",""field"":""samples[36].tags[1]"",""sourceType"":""消费内容作者标签""}]"
"LLM","大语言模型","en","工具","公开课","消费内容作者标签","[{""url"":""https://www.douyin.com/video/7521713546170780966"",""recordId"":""DC-037"",""originalText"":""LLM"",""field"":""samples[36].tags[2]"",""sourceType"":""消费内容作者标签""}]"
"AGI","通用人工智能","en","工具","公开课","消费内容作者标签","[{""url"":""https://www.douyin.com/video/7521713546170780966"",""recordId"":""DC-037"",""originalText"":""AGI"",""field"":""samples[36].tags[3]"",""sourceType"":""消费内容作者标签""}]"
"Transformer原理","","mixed","消费题材","公开课","消费内容作者标签","[{""url"":""https://www.douyin.com/video/7521713546170780966"",""recordId"":""DC-037"",""originalText"":""Transformer原理"",""field"":""samples[36].tags[4]"",""sourceType"":""消费内容作者标签""}]"
"机器学习","","zh","创作任务","公开课","消费内容作者标签","[{""url"":""https://www.douyin.com/video/7520550712514759955"",""recordId"":""DC-040"",""originalText"":""机器学习"",""field"":""samples[39].tags[0]"",""sourceType"":""消费内容作者标签""}]"
"深度学习","","zh","创作任务","公开课","消费内容作者标签","[{""url"":""https://www.douyin.com/video/7520550712514759955"",""recordId"":""DC-040"",""originalText"":""深度学习"",""field"":""samples[39].tags[1]"",""sourceType"":""消费内容作者标签""}]"
"计算机视觉","","zh","创作任务","公开课","消费内容作者标签","[{""url"":""https://www.douyin.com/video/7520550712514759955"",""recordId"":""DC-040"",""originalText"":""计算机视觉"",""field"":""samples[39].tags[2]"",""sourceType"":""消费内容作者标签""}]"
"南开大学","","zh","消费题材","公开课","消费内容作者标签","[{""url"":""https://www.douyin.com/video/7570225863401180457"",""recordId"":""DC-042"",""originalText"":""南开大学"",""field"":""samples[41].tags[2]"",""sourceType"":""消费内容作者标签""},{""url"":""https://www.douyin.com/video/7564266010748964159"",""recordId"":""DC-043"",""originalText"":""南开大学"",""field"":""samples[42].tags[2]"",""sourceType"":""消费内容作者标签""}]"
"人工智能美学","","zh","创作任务","公开课","消费内容作者标签","[{""url"":""https://www.douyin.com/video/7570225863401180457"",""recordId"":""DC-042"",""originalText"":""人工智能美学"",""field"":""samples[41].tags[3]"",""sourceType"":""消费内容作者标签""}]"
"生成式人工智能","","zh","创作任务","公开课","消费内容作者标签","[{""url"":""https://www.douyin.com/video/7564266010748964159"",""recordId"":""DC-043"",""originalText"":""生成式人工智能"",""field"":""samples[42].tags[3]"",""sourceType"":""消费内容作者标签""}]"
"强化学习","","zh","创作任务","公开课","消费内容作者标签","[{""url"":""https://www.douyin.com/video/7436608563918769448"",""recordId"":""DC-048"",""originalText"":""强化学习"",""field"":""samples[47].tags[0]"",""sourceType"":""消费内容作者标签""}]"
"上海交大","","zh","消费题材","公开课","消费内容作者标签","[{""url"":""https://www.douyin.com/video/7436608563918769448"",""recordId"":""DC-048"",""originalText"":""上海交大"",""field"":""samples[47].tags[2]"",""sourceType"":""消费内容作者标签""}]"
"影视万字精讲","","zh","消费题材","影视","消费内容作者标签","[{""url"":""https://www.douyin.com/video/7665611658169250277"",""recordId"":""DC-049"",""originalText"":""影视万字精讲"",""field"":""samples[48].tags[0]"",""sourceType"":""消费内容作者标签""}]"
"电视剧解说","","zh","消费题材","影视","消费内容作者标签","[{""url"":""https://www.douyin.com/video/7665611658169250277"",""recordId"":""DC-049"",""originalText"":""电视剧解说"",""field"":""samples[48].tags[1]"",""sourceType"":""消费内容作者标签""}]"
"如懿传","","zh","消费题材","影视；音乐","消费内容作者标签；消费内容作者标题","[{""url"":""https://www.douyin.com/video/7673822641677636857"",""recordId"":""DC-052"",""originalText"":""如懿传"",""field"":""samples[51].tags[0]"",""sourceType"":""消费内容作者标签""},{""url"":""https://www.douyin.com/video/7659477712871886120"",""recordId"":""DC-058"",""originalText"":""如懿传"",""field"":""samples[57].tags[2]"",""sourceType"":""消费内容作者标签""},{""url"":""https://www.douyin.com/video/7654567432153009460"",""recordId"":""DC-105"",""originalText"":""如懿传"",""field"":""samples[104].tags[1]"",""sourceType"":""消费内容作者标签""},{""url"":""https://www.douyin.com/video/7665611658169250277"",""recordId"":""DC-049"",""originalText"":""如懿传"",""field"":""samples[48].title"",""sourceType"":""消费内容作者标题""}]"
"宫斗剧","","zh","消费题材","影视","消费内容作者标签","[{""url"":""https://www.douyin.com/video/7673822641677636857"",""recordId"":""DC-052"",""originalText"":""宫斗剧"",""field"":""samples[51].tags[1]"",""sourceType"":""消费内容作者标签""}]"
"甄嬛传","","zh","消费题材","影视","消费内容作者标签","[{""url"":""https://www.douyin.com/video/7673822641677636857"",""recordId"":""DC-052"",""originalText"":""甄嬛传"",""field"":""samples[51].tags[2]"",""sourceType"":""消费内容作者标签""}]"
"影视剪辑","","zh","创作任务","影视","消费内容作者标签","[{""url"":""https://www.douyin.com/video/7673822641677636857"",""recordId"":""DC-052"",""originalText"":""影视剪辑"",""field"":""samples[51].tags[3]"",""sourceType"":""消费内容作者标签""}]"
"综艺解说","","zh","消费题材","影视","消费内容作者标签","[{""url"":""https://www.douyin.com/video/7675666914512882971"",""recordId"":""DC-054"",""originalText"":""综艺解说"",""field"":""samples[53].tags[0]"",""sourceType"":""消费内容作者标签""}]"
"日本综艺","","zh","消费题材","影视","消费内容作者标签","[{""url"":""https://www.douyin.com/video/7675666914512882971"",""recordId"":""DC-054"",""originalText"":""日本综艺"",""field"":""samples[53].tags[3]"",""sourceType"":""消费内容作者标签""}]"
"自制纪录片","","zh","创作任务","影视","消费内容作者标签","[{""url"":""https://www.douyin.com/video/7677635383936421120"",""recordId"":""DC-055"",""originalText"":""自制纪录片"",""field"":""samples[54].tags[2]"",""sourceType"":""消费内容作者标签""}]"
"社会纪实","","zh","消费题材","影视","消费内容作者标签","[{""url"":""https://www.douyin.com/video/7677635383936421120"",""recordId"":""DC-055"",""originalText"":""社会纪实"",""field"":""samples[54].tags[3]"",""sourceType"":""消费内容作者标签""}]"
"活着","","zh","消费题材","影视","消费内容作者标签","[{""url"":""https://www.douyin.com/video/7661454153507441970"",""recordId"":""DC-056"",""originalText"":""活着"",""field"":""samples[55].tags[1]"",""sourceType"":""消费内容作者标签""}]"
"影视解说","","zh","消费题材","影视；影视解说","消费内容作者标签；指数页面联想词","[{""url"":""https://www.douyin.com/video/7661454153507441970"",""recordId"":""DC-056"",""originalText"":""影视解说"",""field"":""samples[55].tags[2]"",""sourceType"":""消费内容作者标签""},{""url"":""https://creator.douyin.com/creator-micro/creator-count/arithmetic-index/analysis?source=creator&keyword=%E5%8E%86%E5%8F%B2%E6%95%85%E4%BA%8B&appName=aweme"",""recordId"":""DS-2"",""originalText"":""影视 解说"",""field"":""searches[1].terms[3]"",""sourceType"":""指数页面联想词""}]"
"吐槽","","zh","消费题材","影视","消费内容作者标签","[{""url"":""https://www.douyin.com/video/7659477712871886120"",""recordId"":""DC-058"",""originalText"":""吐槽"",""field"":""samples[57].tags[0]"",""sourceType"":""消费内容作者标签""}]"
"花儿与少年","","zh","消费题材","影视","消费内容作者标签","[{""url"":""https://www.douyin.com/video/7684192142322863396"",""recordId"":""DC-059"",""originalText"":""花儿与少年"",""field"":""samples[58].tags[1]"",""sourceType"":""消费内容作者标签""}]"
"花少8","","zh","消费题材","影视","消费内容作者标签","[{""url"":""https://www.douyin.com/video/7684192142322863396"",""recordId"":""DC-059"",""originalText"":""花少8"",""field"":""samples[58].tags[2]"",""sourceType"":""消费内容作者标签""}]"
"王星越","","zh","消费题材","影视","消费内容作者标签","[{""url"":""https://www.douyin.com/video/7684192142322863396"",""recordId"":""DC-059"",""originalText"":""王星越"",""field"":""samples[58].tags[3]"",""sourceType"":""消费内容作者标签""}]"
"周冬雨","","zh","消费题材","影视","消费内容作者标签","[{""url"":""https://www.douyin.com/video/7684192142322863396"",""recordId"":""DC-059"",""originalText"":""周冬雨"",""field"":""samples[58].tags[4]"",""sourceType"":""消费内容作者标签""}]"
"自制综艺","","zh","创作任务","影视","消费内容作者标签","[{""url"":""https://www.douyin.com/video/7681258971704954150"",""recordId"":""DC-060"",""originalText"":""自制综艺"",""field"":""samples[59].tags[1]"",""sourceType"":""消费内容作者标签""}]"
"盲盒综艺","","zh","消费题材","影视","消费内容作者标签","[{""url"":""https://www.douyin.com/video/7681258971704954150"",""recordId"":""DC-060"",""originalText"":""盲盒综艺"",""field"":""samples[59].tags[3]"",""sourceType"":""消费内容作者标签""}]"
"绝命毒师","","zh","消费题材","影视","消费内容作者标签","[{""url"":""https://www.douyin.com/video/7680739031734439211"",""recordId"":""DC-061"",""originalText"":""绝命毒师"",""field"":""samples[60].tags[0]"",""sourceType"":""消费内容作者标签""}]"
"美剧","","zh","消费题材","影视","消费内容作者标签","[{""url"":""https://www.douyin.com/video/7680739031734439211"",""recordId"":""DC-061"",""originalText"":""美剧"",""field"":""samples[60].tags[1]"",""sourceType"":""消费内容作者标签""}]"
"后会无期","","zh","消费题材","影视","消费内容作者标签","[{""url"":""https://www.douyin.com/video/7663826492782071082"",""recordId"":""DC-062"",""originalText"":""后会无期"",""field"":""samples[61].tags[0]"",""sourceType"":""消费内容作者标签""}]"
"搞笑电影","","zh","消费题材","影视","消费内容作者标签","[{""url"":""https://www.douyin.com/video/7663826492782071082"",""recordId"":""DC-062"",""originalText"":""搞笑电影"",""field"":""samples[61].tags[1]"",""sourceType"":""消费内容作者标签""}]"
"喜剧电影","","zh","消费题材","影视","消费内容作者标签","[{""url"":""https://www.douyin.com/video/7663826492782071082"",""recordId"":""DC-062"",""originalText"":""喜剧电影"",""field"":""samples[61].tags[2]"",""sourceType"":""消费内容作者标签""}]"
"狼牙","","zh","消费题材","影视","消费内容作者标签","[{""url"":""https://www.douyin.com/video/7657196558278036763"",""recordId"":""DC-063"",""originalText"":""狼牙"",""field"":""samples[62].tags[1]"",""sourceType"":""消费内容作者标签""}]"
"吴京","","zh","消费题材","影视","消费内容作者标签","[{""url"":""https://www.douyin.com/video/7657196558278036763"",""recordId"":""DC-063"",""originalText"":""吴京"",""field"":""samples[62].tags[2]"",""sourceType"":""消费内容作者标签""}]"
"披荆斩棘2026","","zh","消费题材","影视","消费内容作者标签","[{""url"":""https://www.douyin.com/video/7674942376116227382"",""recordId"":""DC-065"",""originalText"":""披荆斩棘2026"",""field"":""samples[64].tags[0]"",""sourceType"":""消费内容作者标签""}]"
"网页解谜","","zh","消费题材","影视","消费内容作者标签","[{""url"":""https://www.douyin.com/video/7670065046751415602"",""recordId"":""DC-066"",""originalText"":""网页解谜"",""field"":""samples[65].tags[0]"",""sourceType"":""消费内容作者标签""}]"
"ARG","替代现实游戏","en","消费题材","影视","消费内容作者标签","[{""url"":""https://www.douyin.com/video/7670065046751415602"",""recordId"":""DC-066"",""originalText"":""ARG"",""field"":""samples[65].tags[1]"",""sourceType"":""消费内容作者标签""}]"
"恐怖游戏","","zh","消费题材","影视；游戏","消费内容作者标签","[{""url"":""https://www.douyin.com/video/7670065046751415602"",""recordId"":""DC-066"",""originalText"":""恐怖游戏"",""field"":""samples[65].tags[3]"",""sourceType"":""消费内容作者标签""},{""url"":""https://www.douyin.com/video/7669264986102877490"",""recordId"":""DC-308"",""originalText"":""恐怖游戏"",""field"":""samples[307].tags[0]"",""sourceType"":""消费内容作者标签""}]"
"末日生存","","zh","消费题材","影视","消费内容作者标签","[{""url"":""https://www.douyin.com/video/7663756336345173258"",""recordId"":""DC-067"",""originalText"":""末日生存"",""field"":""samples[66].tags[4]"",""sourceType"":""消费内容作者标签""},{""url"":""https://www.douyin.com/video/7663756336345173258"",""recordId"":""DC-067"",""originalText"":""末日生存"",""field"":""details[10].tags[4]"",""sourceType"":""消费内容作者标签""}]"
"僵尸叔叔","","zh","消费题材","影视","消费内容作者标签；消费内容作者标题","[{""url"":""https://www.douyin.com/video/7658587519163927844"",""recordId"":""DC-068"",""originalText"":""僵尸叔叔"",""field"":""samples[67].tags[0]"",""sourceType"":""消费内容作者标签""},{""url"":""https://www.douyin.com/video/7658587519163927844"",""recordId"":""DC-068"",""originalText"":""僵尸叔叔"",""field"":""samples[67].title"",""sourceType"":""消费内容作者标题""}]"
"剑来","","zh","消费题材","二次元","消费内容作者标签","[{""url"":""https://www.douyin.com/video/7665406379028516106"",""recordId"":""DC-069"",""originalText"":""剑来"",""field"":""samples[68].tags[0]"",""sourceType"":""消费内容作者标签""},{""url"":""https://www.douyin.com/video/7653584690204462371"",""recordId"":""DC-075"",""originalText"":""剑来"",""field"":""samples[74].tags[0]"",""sourceType"":""消费内容作者标签""},{""url"":""https://www.douyin.com/video/7656286442112486683"",""recordId"":""DC-081"",""originalText"":""剑来"",""field"":""samples[80].tags[0]"",""sourceType"":""消费内容作者标签""}]"
"问剑正阳山","","zh","消费题材","二次元","消费内容作者标签","[{""url"":""https://www.douyin.com/video/7665406379028516106"",""recordId"":""DC-069"",""originalText"":""问剑正阳山"",""field"":""samples[68].tags[1]"",""sourceType"":""消费内容作者标签""}]"
"戴夫","","zh","消费题材","二次元","消费内容作者标签","[{""url"":""https://www.douyin.com/video/7670078048380669222"",""recordId"":""DC-070"",""originalText"":""戴夫"",""field"":""samples[69].tags[1]"",""sourceType"":""消费内容作者标签""}]"
"pvz","","en","消费题材","二次元","消费内容作者标签","[{""url"":""https://www.douyin.com/video/7670078048380669222"",""recordId"":""DC-070"",""originalText"":""pvz"",""field"":""samples[69].tags[2]"",""sourceType"":""消费内容作者标签""}]"
"动漫解说","","zh","消费题材","二次元","消费内容作者标签","[{""url"":""https://www.douyin.com/video/7678251732815662363"",""recordId"":""DC-071"",""originalText"":""动漫解说"",""field"":""samples[70].tags[0]"",""sourceType"":""消费内容作者标签""}]"
"动漫推荐","","zh","消费题材","二次元","消费内容作者标签","[{""url"":""https://www.douyin.com/video/7678251732815662363"",""recordId"":""DC-071"",""originalText"":""动漫推荐"",""field"":""samples[70].tags[1]"",""sourceType"":""消费内容作者标签""},{""url"":""https://www.douyin.com/video/7680396461166677284"",""recordId"":""DC-077"",""originalText"":""动漫推荐"",""field"":""samples[76].tags[2]"",""sourceType"":""消费内容作者标签""}]"
"一口气看完系列","","zh","消费题材","二次元","消费内容作者标签","[{""url"":""https://www.douyin.com/video/7670651045957192975"",""recordId"":""DC-073"",""originalText"":""一口气看完系列"",""field"":""samples[72].tags[0]"",""sourceType"":""消费内容作者标签""}]"
"异世界黑皇代理人","","zh","消费题材","二次元","消费内容作者标签","[{""url"":""https://www.douyin.com/video/7681213289041450624"",""recordId"":""DC-074"",""originalText"":""异世界黑皇代理人"",""field"":""samples[73].tags[1]"",""sourceType"":""消费内容作者标签""}]"
"异世界","","zh","消费题材","二次元","消费内容作者标签","[{""url"":""https://www.douyin.com/video/7681213289041450624"",""recordId"":""DC-074"",""originalText"":""异世界"",""field"":""samples[73].tags[2]"",""sourceType"":""消费内容作者标签""}]"
"剑来动画","","zh","消费题材","二次元","消费内容作者标签","[{""url"":""https://www.douyin.com/video/7653584690204462371"",""recordId"":""DC-075"",""originalText"":""剑来动画"",""field"":""samples[74].tags[1]"",""sourceType"":""消费内容作者标签""}]"
"董三更","","zh","消费题材","二次元","消费内容作者标签","[{""url"":""https://www.douyin.com/video/7653584690204462371"",""recordId"":""DC-075"",""originalText"":""董三更"",""field"":""samples[74].tags[2]"",""sourceType"":""消费内容作者标签""}]"
"陈平安","","zh","消费题材","二次元","消费内容作者标签","[{""url"":""https://www.douyin.com/video/7653584690204462371"",""recordId"":""DC-075"",""originalText"":""陈平安"",""field"":""samples[74].tags[3]"",""sourceType"":""消费内容作者标签""}]"
"阿良","","zh","消费题材","二次元","消费内容作者标签","[{""url"":""https://www.douyin.com/video/7653584690204462371"",""recordId"":""DC-075"",""originalText"":""阿良"",""field"":""samples[74].tags[4]"",""sourceType"":""消费内容作者标签""},{""url"":""https://www.douyin.com/video/7656286442112486683"",""recordId"":""DC-081"",""originalText"":""阿良"",""field"":""samples[80].tags[1]"",""sourceType"":""消费内容作者标签""}]"
"奥德赛","","zh","消费题材","二次元","消费内容作者标签","[{""url"":""https://www.douyin.com/video/7674892845588827435"",""recordId"":""DC-076"",""originalText"":""奥德赛"",""field"":""samples[75].tags[1]"",""sourceType"":""消费内容作者标签""}]"
"诺兰","","zh","消费题材","二次元","消费内容作者标签","[{""url"":""https://www.douyin.com/video/7674892845588827435"",""recordId"":""DC-076"",""originalText"":""诺兰"",""field"":""samples[75].tags[2]"",""sourceType"":""消费内容作者标签""}]"
"全民神域我的背包无限进化","","zh","消费题材","二次元","消费内容作者标签","[{""url"":""https://www.douyin.com/video/7680396461166677284"",""recordId"":""DC-077"",""originalText"":""全民神域我的背包无限进化"",""field"":""samples[76].tags[0]"",""sourceType"":""消费内容作者标签""}]"
"逆袭","","zh","消费题材","二次元","消费内容作者标签","[{""url"":""https://www.douyin.com/video/7680396461166677284"",""recordId"":""DC-077"",""originalText"":""逆袭"",""field"":""samples[76].tags[1]"",""sourceType"":""消费内容作者标签""}]"
"国风动画","","zh","消费题材","二次元","消费内容作者标签","[{""url"":""https://www.douyin.com/video/7681931544092495154"",""recordId"":""DC-078"",""originalText"":""国风动画"",""field"":""samples[77].tags[0]"",""sourceType"":""消费内容作者标签""}]"
"聊斋改编","","zh","创作任务","二次元","消费内容作者标签","[{""url"":""https://www.douyin.com/video/7681931544092495154"",""recordId"":""DC-078"",""originalText"":""聊斋改编"",""field"":""samples[77].tags[1]"",""sourceType"":""消费内容作者标签""}]"
"聊斋故事","","zh","消费题材","二次元","消费内容作者标签","[{""url"":""https://www.douyin.com/video/7681931544092495154"",""recordId"":""DC-078"",""originalText"":""聊斋故事"",""field"":""samples[77].tags[2]"",""sourceType"":""消费内容作者标签""}]"
"龙珠超","","zh","消费题材","二次元","消费内容作者标签","[{""url"":""https://www.douyin.com/video/7679343000962600246"",""recordId"":""DC-079"",""originalText"":""龙珠超"",""field"":""samples[78].tags[0]"",""sourceType"":""消费内容作者标签""}]"
"火影忍者","","zh","消费题材","二次元","消费内容作者标签","[{""url"":""https://www.douyin.com/video/7679343000962600246"",""recordId"":""DC-079"",""originalText"":""火影忍者"",""field"":""samples[78].tags[1]"",""sourceType"":""消费内容作者标签""},{""url"":""https://www.douyin.com/video/7654897449135279401"",""recordId"":""DC-088"",""originalText"":""火影忍者"",""field"":""samples[87].tags[0]"",""sourceType"":""消费内容作者标签""}]"
"弗利萨","","zh","消费题材","二次元","消费内容作者标签","[{""url"":""https://www.douyin.com/video/7679343000962600246"",""recordId"":""DC-079"",""originalText"":""弗利萨"",""field"":""samples[78].tags[2]"",""sourceType"":""消费内容作者标签""}]"
"鼬","","zh","消费题材","二次元","消费内容作者标签","[{""url"":""https://www.douyin.com/video/7679343000962600246"",""recordId"":""DC-079"",""originalText"":""鼬"",""field"":""samples[78].tags[3]"",""sourceType"":""消费内容作者标签""}]"
"七龙珠","","zh","消费题材","二次元","消费内容作者标签","[{""url"":""https://www.douyin.com/video/7679343000962600246"",""recordId"":""DC-079"",""originalText"":""七龙珠"",""field"":""samples[78].tags[4]"",""sourceType"":""消费内容作者标签""}]"
"国漫","","zh","消费题材","二次元","消费内容作者标签","[{""url"":""https://www.douyin.com/video/7676461214579068297"",""recordId"":""DC-080"",""originalText"":""国漫"",""field"":""samples[79].tags[0]"",""sourceType"":""消费内容作者标签""}]"
"一人之下","","zh","消费题材","二次元","消费内容作者标签","[{""url"":""https://www.douyin.com/video/7676461214579068297"",""recordId"":""DC-080"",""originalText"":""一人之下"",""field"":""samples[79].tags[1]"",""sourceType"":""消费内容作者标签""}]"
"八奇技","","zh","消费题材","二次元","消费内容作者标签","[{""url"":""https://www.douyin.com/video/7676461214579068297"",""recordId"":""DC-080"",""originalText"":""八奇技"",""field"":""samples[79].tags[2]"",""sourceType"":""消费内容作者标签""}]"
"灵笼","","zh","消费题材","二次元","消费内容作者标签","[{""url"":""https://www.douyin.com/video/7660949806298172687"",""recordId"":""DC-082"",""originalText"":""灵笼"",""field"":""samples[81].tags[2]"",""sourceType"":""消费内容作者标签""}]"
"科幻","","zh","消费题材","二次元；小剧场","消费内容作者标签","[{""url"":""https://www.douyin.com/video/7660949806298172687"",""recordId"":""DC-082"",""originalText"":""科幻"",""field"":""samples[81].tags[3]"",""sourceType"":""消费内容作者标签""},{""url"":""https://www.douyin.com/video/7670091555214085417"",""recordId"":""DC-181"",""originalText"":""科幻"",""field"":""samples[180].tags[2]"",""sourceType"":""消费内容作者标签""}]"
"国产动画","","zh","消费题材","二次元","消费内容作者标签","[{""url"":""https://www.douyin.com/video/7660949806298172687"",""recordId"":""DC-082"",""originalText"":""国产动画"",""field"":""samples[81].tags[4]"",""sourceType"":""消费内容作者标签""}]"
"黑神话","","zh","消费题材","二次元","消费内容作者标签","[{""url"":""https://www.douyin.com/video/7673843126661942554"",""recordId"":""DC-083"",""originalText"":""黑神话"",""field"":""samples[82].tags[0]"",""sourceType"":""消费内容作者标签""}]"
"黑神话悟空","","zh","消费题材","二次元；游戏","消费内容作者标签","[{""url"":""https://www.douyin.com/video/7673843126661942554"",""recordId"":""DC-083"",""originalText"":""黑神话悟空"",""field"":""samples[82].tags[1]"",""sourceType"":""消费内容作者标签""},{""url"":""https://www.douyin.com/video/7668645197584043274"",""recordId"":""DC-311"",""originalText"":""黑神话悟空"",""field"":""samples[310].tags[0]"",""sourceType"":""消费内容作者标签""}]"
"孙悟空","","zh","消费题材","二次元；小剧场","消费内容作者标签","[{""url"":""https://www.douyin.com/video/7673843126661942554"",""recordId"":""DC-083"",""originalText"":""孙悟空"",""field"":""samples[82].tags[2]"",""sourceType"":""消费内容作者标签""},{""url"":""https://www.douyin.com/video/7672136040009780522"",""recordId"":""DC-165"",""originalText"":""孙悟空"",""field"":""samples[164].tags[0]"",""sourceType"":""消费内容作者标签""}]"
"cg动画","","mixed","消费题材","二次元","消费内容作者标签","[{""url"":""https://www.douyin.com/video/7673843126661942554"",""recordId"":""DC-083"",""originalText"":""cg动画"",""field"":""samples[82].tags[3]"",""sourceType"":""消费内容作者标签""}]"
"怀旧动画","","zh","消费题材","二次元","消费内容作者标签","[{""url"":""https://www.douyin.com/video/7658680801701285163"",""recordId"":""DC-085"",""originalText"":""怀旧动画"",""field"":""samples[84].tags[1]"",""sourceType"":""消费内容作者标签""}]"
"黑猫警长","","zh","消费题材","二次元","消费内容作者标签","[{""url"":""https://www.douyin.com/video/7658680801701285163"",""recordId"":""DC-085"",""originalText"":""黑猫警长"",""field"":""samples[84].tags[2]"",""sourceType"":""消费内容作者标签""}]"
"变形金刚","","zh","消费题材","二次元","消费内容作者标签","[{""url"":""https://www.douyin.com/video/7658680801701285163"",""recordId"":""DC-085"",""originalText"":""变形金刚"",""field"":""samples[84].tags[3]"",""sourceType"":""消费内容作者标签""}]"
"聪明的一休","","zh","消费题材","二次元","消费内容作者标签","[{""url"":""https://www.douyin.com/video/7658680801701285163"",""recordId"":""DC-085"",""originalText"":""聪明的一休"",""field"":""samples[84].tags[4]"",""sourceType"":""消费内容作者标签""}]"
"AI短片","","mixed","消费题材","二次元；小剧场","消费内容作者标签","[{""url"":""https://www.douyin.com/video/7679390867152604467"",""recordId"":""DC-086"",""originalText"":""AI短片"",""field"":""samples[85].tags[0]"",""sourceType"":""消费内容作者标签""},{""url"":""https://www.douyin.com/video/7679390867152604467"",""recordId"":""DC-086"",""originalText"":""AI短片"",""field"":""details[4].tags[0]"",""sourceType"":""消费内容作者标签""},{""url"":""https://www.douyin.com/video/7673499815631768842"",""recordId"":""DC-169"",""originalText"":""ai短片"",""field"":""samples[168].tags[0]"",""sourceType"":""消费内容作者标签""}]"
"鸣人","","zh","消费题材","二次元","消费内容作者标签","[{""url"":""https://www.douyin.com/video/7654897449135279401"",""recordId"":""DC-088"",""originalText"":""鸣人"",""field"":""samples[87].tags[1]"",""sourceType"":""消费内容作者标签""}]"
"波风水门","","zh","消费题材","二次元","消费内容作者标签","[{""url"":""https://www.douyin.com/video/7654897449135279401"",""recordId"":""DC-088"",""originalText"":""波风水门"",""field"":""samples[87].tags[2]"",""sourceType"":""消费内容作者标签""}]"
"雪中悍刀行","","zh","消费题材","二次元","消费内容作者标签","[{""url"":""https://www.douyin.com/video/7676780364475534607"",""recordId"":""DC-089"",""originalText"":""雪中悍刀行"",""field"":""samples[88].tags[0]"",""sourceType"":""消费内容作者标签""}]"
"徐骁","","zh","消费题材","二次元","消费内容作者标签","[{""url"":""https://www.douyin.com/video/7676780364475534607"",""recordId"":""DC-089"",""originalText"":""徐骁"",""field"":""samples[88].tags[1]"",""sourceType"":""消费内容作者标签""}]"
"徐凤年","","zh","消费题材","二次元","消费内容作者标签","[{""url"":""https://www.douyin.com/video/7676780364475534607"",""recordId"":""DC-089"",""originalText"":""徐凤年"",""field"":""samples[88].tags[2]"",""sourceType"":""消费内容作者标签""}]"
"黄三甲","","zh","消费题材","二次元","消费内容作者标签","[{""url"":""https://www.douyin.com/video/7676780364475534607"",""recordId"":""DC-089"",""originalText"":""黄三甲"",""field"":""samples[88].tags[3]"",""sourceType"":""消费内容作者标签""}]"
"网文小说","","zh","消费题材","二次元","消费内容作者标签","[{""url"":""https://www.douyin.com/video/7650745869591006504"",""recordId"":""DC-090"",""originalText"":""网文小说"",""field"":""samples[89].tags[0]"",""sourceType"":""消费内容作者标签""}]"
"翻译配音","","zh","创作任务","二次元","消费内容作者标签","[{""url"":""https://www.douyin.com/video/7664499989342719274"",""recordId"":""DC-091"",""originalText"":""翻译配音"",""field"":""samples[90].tags[1]"",""sourceType"":""消费内容作者标签""}]"
"中文字幕","","zh","创作任务","二次元","消费内容作者标签","[{""url"":""https://www.douyin.com/video/7664499989342719274"",""recordId"":""DC-091"",""originalText"":""中文字幕"",""field"":""samples[90].tags[2]"",""sourceType"":""消费内容作者标签""}]"
"动物科普","","zh","消费题材","二次元；小剧场；动物","消费内容作者标签","[{""url"":""https://www.douyin.com/video/7664499989342719274"",""recordId"":""DC-091"",""originalText"":""动物科普"",""field"":""samples[90].tags[4]"",""sourceType"":""消费内容作者标签""},{""url"":""https://www.douyin.com/video/7673861212412693795"",""recordId"":""DC-171"",""originalText"":""动物科普"",""field"":""samples[170].tags[1]"",""sourceType"":""消费内容作者标签""},{""url"":""https://www.douyin.com/video/7676758445789383974"",""recordId"":""DC-205"",""originalText"":""动物科普"",""field"":""samples[204].tags[1]"",""sourceType"":""消费内容作者标签""},{""url"":""https://www.douyin.com/video/7663245454498352436"",""recordId"":""DC-211"",""originalText"":""动物科普"",""field"":""samples[210].tags[1]"",""sourceType"":""消费内容作者标签""},{""url"":""https://www.douyin.com/video/7654404354560118050"",""recordId"":""DC-220"",""originalText"":""动物科普"",""field"":""samples[219].tags[1]"",""sourceType"":""消费内容作者标签""},{""url"":""https://www.douyin.com/video/7654404354560118050"",""recordId"":""DC-220"",""originalText"":""动物科普"",""field"":""details[5].tags[1]"",""sourceType"":""消费内容作者标签""}]"
"听书","","zh","消费题材","二次元","消费内容作者标签","[{""url"":""https://www.douyin.com/video/7681583082998205705"",""recordId"":""DC-092"",""originalText"":""听书"",""field"":""samples[91].tags[0]"",""sourceType"":""消费内容作者标签""},{""url"":""https://www.douyin.com/video/7681583082998205705"",""recordId"":""DC-092"",""originalText"":""听书"",""field"":""details[11].tags[0]"",""sourceType"":""消费内容作者标签""}]"
"睡前听书","","zh","消费题材","二次元","消费内容作者标签；消费内容作者说明","[{""url"":""https://www.douyin.com/video/7681583082998205705"",""recordId"":""DC-092"",""originalText"":""睡前听书"",""field"":""samples[91].tags[1]"",""sourceType"":""消费内容作者标签""},{""url"":""https://www.douyin.com/video/7681583082998205705"",""recordId"":""DC-092"",""originalText"":""睡前听书"",""field"":""details[11].tags[1]"",""sourceType"":""消费内容作者标签""},{""url"":""https://www.douyin.com/video/7681583082998205705"",""recordId"":""DC-092"",""originalText"":""睡前听书"",""field"":""details[11].descriptionExcerpt"",""sourceType"":""消费内容作者说明""}]"
"免费听书","","zh","消费题材","二次元","消费内容作者标签","[{""url"":""https://www.douyin.com/video/7681583082998205705"",""recordId"":""DC-092"",""originalText"":""免费听书"",""field"":""samples[91].tags[2]"",""sourceType"":""消费内容作者标签""},{""url"":""https://www.douyin.com/video/7681583082998205705"",""recordId"":""DC-092"",""originalText"":""免费听书"",""field"":""details[11].tags[2]"",""sourceType"":""消费内容作者标签""}]"
"杀死一只知更鸟","","zh","消费题材","二次元","消费内容作者标签；消费内容作者说明；公开评论","[{""url"":""https://www.douyin.com/video/7681583082998205705"",""recordId"":""DC-092-comment-5"",""originalText"":""杀死一只知更鸟"",""field"":""details[11].comments[4].text"",""sourceType"":""公开评论""},{""url"":""https://www.douyin.com/video/7681583082998205705"",""recordId"":""DC-092"",""originalText"":""杀死一只知更鸟"",""field"":""samples[91].tags[3]"",""sourceType"":""消费内容作者标签""},{""url"":""https://www.douyin.com/video/7681583082998205705"",""recordId"":""DC-092"",""originalText"":""杀死一只知更鸟"",""field"":""details[11].tags[3]"",""sourceType"":""消费内容作者标签""},{""url"":""https://www.douyin.com/video/7681583082998205705"",""recordId"":""DC-092"",""originalText"":""杀死一只知更鸟"",""field"":""details[11].descriptionExcerpt"",""sourceType"":""消费内容作者说明""}]"
"民谣","","zh","消费题材","音乐","消费内容作者标签","[{""url"":""https://www.douyin.com/video/7652361254568299827"",""recordId"":""DC-094"",""originalText"":""民谣"",""field"":""samples[93].tags[0]"",""sourceType"":""消费内容作者标签""},{""url"":""https://www.douyin.com/video/7656800220315492962"",""recordId"":""DC-104"",""originalText"":""民谣"",""field"":""samples[103].tags[1]"",""sourceType"":""消费内容作者标签""}]"
"朴树","","zh","消费题材","音乐","消费内容作者标签","[{""url"":""https://www.douyin.com/video/7652361254568299827"",""recordId"":""DC-094"",""originalText"":""朴树"",""field"":""samples[93].tags[1]"",""sourceType"":""消费内容作者标签""}]"
"董小姐","","zh","消费题材","音乐","消费内容作者标签","[{""url"":""https://www.douyin.com/video/7652361254568299827"",""recordId"":""DC-094"",""originalText"":""董小姐"",""field"":""samples[93].tags[2]"",""sourceType"":""消费内容作者标签""}]"
"安和桥","","zh","消费题材","音乐","消费内容作者标签","[{""url"":""https://www.douyin.com/video/7652361254568299827"",""recordId"":""DC-094"",""originalText"":""安和桥"",""field"":""samples[93].tags[3]"",""sourceType"":""消费内容作者标签""}]"
"送别","","zh","消费题材","音乐","消费内容作者标签","[{""url"":""https://www.douyin.com/video/7652361254568299827"",""recordId"":""DC-094"",""originalText"":""送别"",""field"":""samples[93].tags[4]"",""sourceType"":""消费内容作者标签""}]"
"波西米亚狂想曲","","zh","消费题材","音乐","消费内容作者标签","[{""url"":""https://www.douyin.com/video/7657560212093553983"",""recordId"":""DC-095"",""originalText"":""波西米亚狂想曲"",""field"":""samples[94].tags[0]"",""sourceType"":""消费内容作者标签""}]"
"皇后乐队","","zh","消费题材","音乐","消费内容作者标签","[{""url"":""https://www.douyin.com/video/7657560212093553983"",""recordId"":""DC-095"",""originalText"":""皇后乐队"",""field"":""samples[94].tags[1]"",""sourceType"":""消费内容作者标签""}]"
"音乐故事","","zh","消费题材","音乐","消费内容作者标签","[{""url"":""https://www.douyin.com/video/7657560212093553983"",""recordId"":""DC-095"",""originalText"":""音乐故事"",""field"":""samples[94].tags[4]"",""sourceType"":""消费内容作者标签""}]"
"宋冬野","","zh","消费题材","音乐","消费内容作者标签","[{""url"":""https://www.douyin.com/video/7674941866621635883"",""recordId"":""DC-096"",""originalText"":""宋冬野"",""field"":""samples[95].tags[0]"",""sourceType"":""消费内容作者标签""},{""url"":""https://www.douyin.com/video/7656800220315492962"",""recordId"":""DC-104"",""originalText"":""宋冬野"",""field"":""samples[103].tags[0]"",""sourceType"":""消费内容作者标签""}]"
"郭源潮","","zh","消费题材","音乐","消费内容作者标签","[{""url"":""https://www.douyin.com/video/7674941866621635883"",""recordId"":""DC-096"",""originalText"":""郭源潮"",""field"":""samples[95].tags[1]"",""sourceType"":""消费内容作者标签""}]"
"莉莉安","","zh","消费题材","音乐","消费内容作者标签","[{""url"":""https://www.douyin.com/video/7674941866621635883"",""recordId"":""DC-096"",""originalText"":""莉莉安"",""field"":""samples[95].tags[2]"",""sourceType"":""消费内容作者标签""}]"
"做饭歌单","","zh","消费题材","音乐","消费内容作者标签","[{""url"":""https://www.douyin.com/video/7673404565647117604"",""recordId"":""DC-097"",""originalText"":""做饭歌单"",""field"":""samples[96].tags[0]"",""sourceType"":""消费内容作者标签""},{""url"":""https://www.douyin.com/video/7680679581858172223"",""recordId"":""DC-112"",""originalText"":""做饭歌单"",""field"":""samples[111].tags[2]"",""sourceType"":""消费内容作者标签""}]"
"炒菜歌单","","zh","消费题材","音乐","消费内容作者标签","[{""url"":""https://www.douyin.com/video/7673404565647117604"",""recordId"":""DC-097"",""originalText"":""炒菜歌单"",""field"":""samples[96].tags[1]"",""sourceType"":""消费内容作者标签""},{""url"":""https://www.douyin.com/video/7680679581858172223"",""recordId"":""DC-112"",""originalText"":""炒菜歌单"",""field"":""samples[111].tags[1]"",""sourceType"":""消费内容作者标签""}]"
"rnb","节奏布鲁斯","en","消费题材","音乐","消费内容作者标签","[{""url"":""https://www.douyin.com/video/7673404565647117604"",""recordId"":""DC-097"",""originalText"":""rnb"",""field"":""samples[96].tags[2]"",""sourceType"":""消费内容作者标签""}]"
"王菲","","zh","消费题材","音乐","消费内容作者标签","[{""url"":""https://www.douyin.com/video/7652845185759546650"",""recordId"":""DC-098"",""originalText"":""王菲"",""field"":""samples[97].tags[0]"",""sourceType"":""消费内容作者标签""}]"
"红豆","","zh","消费题材","音乐","消费内容作者标签","[{""url"":""https://www.douyin.com/video/7652845185759546650"",""recordId"":""DC-098"",""originalText"":""红豆"",""field"":""samples[97].tags[1]"",""sourceType"":""消费内容作者标签""}]"
"如愿","","zh","消费题材","音乐","消费内容作者标签","[{""url"":""https://www.douyin.com/video/7652845185759546650"",""recordId"":""DC-098"",""originalText"":""如愿"",""field"":""samples[97].tags[2]"",""sourceType"":""消费内容作者标签""}]"
"匆匆那年","","zh","消费题材","音乐","消费内容作者标签","[{""url"":""https://www.douyin.com/video/7652845185759546650"",""recordId"":""DC-098"",""originalText"":""匆匆那年"",""field"":""samples[97].tags[3]"",""sourceType"":""消费内容作者标签""}]"
"古风","","zh","消费题材","音乐","消费内容作者标签","[{""url"":""https://www.douyin.com/video/7661985885109357874"",""recordId"":""DC-099"",""originalText"":""古风"",""field"":""samples[98].tags[0]"",""sourceType"":""消费内容作者标签""}]"
"古风歌曲","","zh","消费题材","音乐","消费内容作者标签","[{""url"":""https://www.douyin.com/video/7661985885109357874"",""recordId"":""DC-099"",""originalText"":""古风歌曲"",""field"":""samples[98].tags[1]"",""sourceType"":""消费内容作者标签""}]"
"rap","说唱","en","消费题材","音乐","消费内容作者标签","[{""url"":""https://www.douyin.com/video/7678919885119819044"",""recordId"":""DC-100"",""originalText"":""rap"",""field"":""samples[99].tags[2]"",""sourceType"":""消费内容作者标签""},{""url"":""https://www.douyin.com/video/7673335065467784499"",""recordId"":""DC-106"",""originalText"":""rap"",""field"":""samples[105].tags[3]"",""sourceType"":""消费内容作者标签""}]"
"说唱","","zh","消费题材","音乐","消费内容作者标签","[{""url"":""https://www.douyin.com/video/7678919885119819044"",""recordId"":""DC-100"",""originalText"":""说唱"",""field"":""samples[99].tags[3]"",""sourceType"":""消费内容作者标签""}]"
"许巍","","zh","消费题材","音乐","消费内容作者标签","[{""url"":""https://www.douyin.com/video/7678608837619879214"",""recordId"":""DC-101"",""originalText"":""许巍"",""field"":""samples[100].tags[0]"",""sourceType"":""消费内容作者标签""}]"
"华语乐坛","","zh","消费题材","音乐","消费内容作者标签","[{""url"":""https://www.douyin.com/video/7678608837619879214"",""recordId"":""DC-101"",""originalText"":""华语乐坛"",""field"":""samples[100].tags[2]"",""sourceType"":""消费内容作者标签""},{""url"":""https://www.douyin.com/video/7659686633544994075"",""recordId"":""DC-109"",""originalText"":""华语乐坛"",""field"":""samples[108].tags[4]"",""sourceType"":""消费内容作者标签""}]"
"摇滚","","zh","消费题材","音乐","消费内容作者标签","[{""url"":""https://www.douyin.com/video/7678608837619879214"",""recordId"":""DC-101"",""originalText"":""摇滚"",""field"":""samples[100].tags[3]"",""sourceType"":""消费内容作者标签""},{""url"":""https://www.douyin.com/video/7659686633544994075"",""recordId"":""DC-109"",""originalText"":""摇滚"",""field"":""samples[108].tags[2]"",""sourceType"":""消费内容作者标签""}]"
"曾经的你","","zh","消费题材","音乐","消费内容作者标签","[{""url"":""https://www.douyin.com/video/7678608837619879214"",""recordId"":""DC-101"",""originalText"":""曾经的你"",""field"":""samples[100].tags[4]"",""sourceType"":""消费内容作者标签""}]"
"音乐盘点","","zh","消费题材","音乐","消费内容作者标签","[{""url"":""https://www.douyin.com/video/7660809317385342208"",""recordId"":""DC-102"",""originalText"":""音乐盘点"",""field"":""samples[101].tags[0]"",""sourceType"":""消费内容作者标签""}]"
"音乐治愈","","zh","消费题材","音乐","消费内容作者标签","[{""url"":""https://www.douyin.com/video/7660809317385342208"",""recordId"":""DC-102"",""originalText"":""音乐治愈"",""field"":""samples[101].tags[1]"",""sourceType"":""消费内容作者标签""}]"
"emo歌曲","","mixed","消费题材","音乐","消费内容作者标签","[{""url"":""https://www.douyin.com/video/7660809317385342208"",""recordId"":""DC-102"",""originalText"":""emo歌曲"",""field"":""samples[101].tags[2]"",""sourceType"":""消费内容作者标签""}]"
"音乐推荐","","zh","消费题材","音乐","消费内容作者标签","[{""url"":""https://www.douyin.com/video/7660809317385342208"",""recordId"":""DC-102"",""originalText"":""音乐推荐"",""field"":""samples[101].tags[3]"",""sourceType"":""消费内容作者标签""}]"
"黄霄雲","","zh","消费题材","音乐","消费内容作者标签","[{""url"":""https://www.douyin.com/video/7663493879051701531"",""recordId"":""DC-103"",""originalText"":""黄霄雲"",""field"":""samples[102].tags[1]"",""sourceType"":""消费内容作者标签""}]"
"刘端端","","zh","消费题材","音乐","消费内容作者标签","[{""url"":""https://www.douyin.com/video/7663493879051701531"",""recordId"":""DC-103"",""originalText"":""刘端端"",""field"":""samples[102].tags[2]"",""sourceType"":""消费内容作者标签""}]"
"天赐的声音","","zh","消费题材","音乐","消费内容作者标签","[{""url"":""https://www.douyin.com/video/7663493879051701531"",""recordId"":""DC-103"",""originalText"":""天赐的声音"",""field"":""samples[102].tags[3]"",""sourceType"":""消费内容作者标签""}]"
"若梦","","zh","消费题材","音乐","消费内容作者标签","[{""url"":""https://www.douyin.com/video/7654567432153009460"",""recordId"":""DC-105"",""originalText"":""若梦"",""field"":""samples[104].tags[0]"",""sourceType"":""消费内容作者标签""}]"
"桃花诺","","zh","消费题材","音乐","消费内容作者标签","[{""url"":""https://www.douyin.com/video/7654567432153009460"",""recordId"":""DC-105"",""originalText"":""桃花诺"",""field"":""samples[104].tags[2]"",""sourceType"":""消费内容作者标签""}]"
"缘分一道桥","","zh","消费题材","音乐","消费内容作者标签","[{""url"":""https://www.douyin.com/video/7654567432153009460"",""recordId"":""DC-105"",""originalText"":""缘分一道桥"",""field"":""samples[104].tags[3]"",""sourceType"":""消费内容作者标签""}]"
"默","","zh","消费题材","音乐","消费内容作者标签","[{""url"":""https://www.douyin.com/video/7654567432153009460"",""recordId"":""DC-105"",""originalText"":""默"",""field"":""samples[104].tags[4]"",""sourceType"":""消费内容作者标签""}]"
"中文说唱","","zh","消费题材","音乐","消费内容作者标签","[{""url"":""https://www.douyin.com/video/7673335065467784499"",""recordId"":""DC-106"",""originalText"":""中文说唱"",""field"":""samples[105].tags[2]"",""sourceType"":""消费内容作者标签""}]"
"孙燕姿","","zh","消费题材","音乐","消费内容作者标签","[{""url"":""https://www.douyin.com/video/7655711897913186213"",""recordId"":""DC-107"",""originalText"":""孙燕姿"",""field"":""samples[106].tags[1]"",""sourceType"":""消费内容作者标签""}]"
"光良","","zh","消费题材","音乐","消费内容作者标签","[{""url"":""https://www.douyin.com/video/7655711897913186213"",""recordId"":""DC-107"",""originalText"":""光良"",""field"":""samples[106].tags[2]"",""sourceType"":""消费内容作者标签""}]"
"民谣吉他口琴","","zh","消费题材","音乐","消费内容作者标签","[{""url"":""https://www.douyin.com/video/7654892317098624177"",""recordId"":""DC-108"",""originalText"":""民谣吉他口琴"",""field"":""samples[107].tags[0]"",""sourceType"":""消费内容作者标签""}]"
"伍佰","","zh","消费题材","音乐","消费内容作者标签","[{""url"":""https://www.douyin.com/video/7659686633544994075"",""recordId"":""DC-109"",""originalText"":""伍佰"",""field"":""samples[108].tags[1]"",""sourceType"":""消费内容作者标签""}]"
"王心凌","","zh","消费题材","音乐","消费内容作者标签","[{""url"":""https://www.douyin.com/video/7659686633544994075"",""recordId"":""DC-109"",""originalText"":""王心凌"",""field"":""samples[108].tags[3]"",""sourceType"":""消费内容作者标签""}]"
"凤凰花开的路口","","zh","消费题材","音乐","消费内容作者标签","[{""url"":""https://www.douyin.com/video/7655762924574140334"",""recordId"":""DC-110"",""originalText"":""凤凰花开的路口"",""field"":""samples[109].tags[1]"",""sourceType"":""消费内容作者标签""}]"
"吉他弹唱","","zh","消费题材","音乐","消费内容作者标签","[{""url"":""https://www.douyin.com/video/7655762924574140334"",""recordId"":""DC-110"",""originalText"":""吉他弹唱"",""field"":""samples[109].tags[4]"",""sourceType"":""消费内容作者标签""}]"
"如果有来生","","zh","消费题材","音乐","消费内容作者标签","[{""url"":""https://www.douyin.com/video/7672671768754146560"",""recordId"":""DC-111"",""originalText"":""如果有来生"",""field"":""samples[110].tags[0]"",""sourceType"":""消费内容作者标签""}]"
"音乐会","","zh","消费题材","音乐","消费内容作者标签","[{""url"":""https://www.douyin.com/video/7672671768754146560"",""recordId"":""DC-111"",""originalText"":""音乐会"",""field"":""samples[110].tags[3]"",""sourceType"":""消费内容作者标签""}]"
"化妆歌单","","zh","消费题材","音乐","消费内容作者标签","[{""url"":""https://www.douyin.com/video/7680679581858172223"",""recordId"":""DC-112"",""originalText"":""化妆歌单"",""field"":""samples[111].tags[0]"",""sourceType"":""消费内容作者标签""}]"
"通勤歌单","","zh","消费题材","音乐","消费内容作者标签","[{""url"":""https://www.douyin.com/video/7680679581858172223"",""recordId"":""DC-112"",""originalText"":""通勤歌单"",""field"":""samples[111].tags[3]"",""sourceType"":""消费内容作者标签""}]"
"自媒体创业","","zh","运营热词","生活vlog","消费内容作者标签","[{""url"":""https://www.douyin.com/video/7678625582468336950"",""recordId"":""DC-114"",""originalText"":""自媒体创业"",""field"":""samples[113].tags[0]"",""sourceType"":""消费内容作者标签""}]"
"剪辑教程","","zh","创作任务","生活vlog","消费内容作者标签","[{""url"":""https://www.douyin.com/video/7678625582468336950"",""recordId"":""DC-114"",""originalText"":""剪辑教程"",""field"":""samples[113].tags[1]"",""sourceType"":""消费内容作者标签""}]"
"拍摄技巧","","zh","创作任务","生活vlog","消费内容作者标签","[{""url"":""https://www.douyin.com/video/7678625582468336950"",""recordId"":""DC-114"",""originalText"":""拍摄技巧"",""field"":""samples[113].tags[2]"",""sourceType"":""消费内容作者标签""}]"
"女性情感","","zh","消费题材","生活vlog","消费内容作者标签","[{""url"":""https://www.douyin.com/video/7682790215840399552"",""recordId"":""DC-115"",""originalText"":""女性情感"",""field"":""samples[114].tags[2]"",""sourceType"":""消费内容作者标签""}]"
"家庭","","zh","消费题材","生活vlog","消费内容作者标签","[{""url"":""https://www.douyin.com/video/7682790215840399552"",""recordId"":""DC-115"",""originalText"":""家庭"",""field"":""samples[114].tags[3]"",""sourceType"":""消费内容作者标签""}]"
"社会学","","zh","消费题材","生活vlog","消费内容作者标签","[{""url"":""https://www.douyin.com/video/7682790215840399552"",""recordId"":""DC-115"",""originalText"":""社会学"",""field"":""samples[114].tags[4]"",""sourceType"":""消费内容作者标签""}]"
"悬疑","","zh","消费题材","生活vlog","消费内容作者标签","[{""url"":""https://www.douyin.com/video/7672291961251826978"",""recordId"":""DC-116"",""originalText"":""悬疑"",""field"":""samples[115].tags[0]"",""sourceType"":""消费内容作者标签""}]"
"法医","","zh","消费题材","生活vlog","消费内容作者标签","[{""url"":""https://www.douyin.com/video/7672291961251826978"",""recordId"":""DC-116"",""originalText"":""法医"",""field"":""samples[115].tags[2]"",""sourceType"":""消费内容作者标签""}]"
"外国人在中国","","zh","消费题材","生活vlog","消费内容作者标签","[{""url"":""https://www.douyin.com/video/7655652129280986418"",""recordId"":""DC-117"",""originalText"":""外国人在中国"",""field"":""samples[116].tags[0]"",""sourceType"":""消费内容作者标签""}]"
"深漂","","zh","消费题材","生活vlog","消费内容作者标签","[{""url"":""https://www.douyin.com/video/7655652129280986418"",""recordId"":""DC-117"",""originalText"":""深漂"",""field"":""samples[116].tags[3]"",""sourceType"":""消费内容作者标签""}]"
"七夕礼物","","zh","消费题材","生活vlog","消费内容作者标签","[{""url"":""https://www.douyin.com/video/7670114965029752110"",""recordId"":""DC-118"",""originalText"":""七夕礼物"",""field"":""samples[117].tags[2]"",""sourceType"":""消费内容作者标签""}]"
"人生思考","","zh","消费题材","生活vlog","消费内容作者标签","[{""url"":""https://www.douyin.com/video/7661157501999664384"",""recordId"":""DC-119"",""originalText"":""人生思考"",""field"":""samples[118].tags[3]"",""sourceType"":""消费内容作者标签""}]"
"自建房设计","","zh","创作任务","生活vlog","消费内容作者标签","[{""url"":""https://www.douyin.com/video/7660466608942370102"",""recordId"":""DC-120"",""originalText"":""自建房设计"",""field"":""samples[119].tags[1]"",""sourceType"":""消费内容作者标签""}]"
"村屋","","zh","消费题材","生活vlog","消费内容作者标签","[{""url"":""https://www.douyin.com/video/7660466608942370102"",""recordId"":""DC-120"",""originalText"":""村屋"",""field"":""samples[119].tags[2]"",""sourceType"":""消费内容作者标签""}]"
"村屋改造","","zh","消费题材","生活vlog","消费内容作者标签","[{""url"":""https://www.douyin.com/video/7660466608942370102"",""recordId"":""DC-120"",""originalText"":""村屋改造"",""field"":""samples[119].tags[3]"",""sourceType"":""消费内容作者标签""}]"
"室内设计","","zh","创作任务","生活vlog","消费内容作者标签","[{""url"":""https://www.douyin.com/video/7660466608942370102"",""recordId"":""DC-120"",""originalText"":""室内设计"",""field"":""samples[119].tags[4]"",""sourceType"":""消费内容作者标签""}]"
"纽约","","zh","消费题材","生活vlog","消费内容作者标签","[{""url"":""https://www.douyin.com/video/7673816727192622585"",""recordId"":""DC-121"",""originalText"":""纽约"",""field"":""samples[120].tags[0]"",""sourceType"":""消费内容作者标签""}]"
"租房","","zh","消费题材","生活vlog","消费内容作者标签","[{""url"":""https://www.douyin.com/video/7673816727192622585"",""recordId"":""DC-121"",""originalText"":""租房"",""field"":""samples[120].tags[1]"",""sourceType"":""消费内容作者标签""}]"
"游戏陪玩","","zh","消费题材","生活vlog","消费内容作者标签","[{""url"":""https://www.douyin.com/video/7663868605183954203"",""recordId"":""DC-122"",""originalText"":""游戏陪玩"",""field"":""samples[121].tags[0]"",""sourceType"":""消费内容作者标签""}]"
"三角洲行动","","zh","消费题材","生活vlog","消费内容作者标签","[{""url"":""https://www.douyin.com/video/7663868605183954203"",""recordId"":""DC-122"",""originalText"":""三角洲行动"",""field"":""samples[121].tags[1]"",""sourceType"":""消费内容作者标签""}]"
"DIY","自己动手制作","en","创作任务","生活vlog；亲子","消费内容作者标签","[{""url"":""https://www.douyin.com/video/7663135309374180662"",""recordId"":""DC-123"",""originalText"":""DIY"",""field"":""samples[122].tags[0]"",""sourceType"":""消费内容作者标签""},{""url"":""https://www.douyin.com/video/7652740238620292507"",""recordId"":""DC-233"",""originalText"":""diy"",""field"":""samples[232].tags[2]"",""sourceType"":""消费内容作者标签""}]"
"全屋定制","","zh","创作任务","生活vlog","消费内容作者标签","[{""url"":""https://www.douyin.com/video/7663135309374180662"",""recordId"":""DC-123"",""originalText"":""全屋定制"",""field"":""samples[122].tags[1]"",""sourceType"":""消费内容作者标签""}]"
"柜子","","zh","消费题材","生活vlog","消费内容作者标签","[{""url"":""https://www.douyin.com/video/7663135309374180662"",""recordId"":""DC-123"",""originalText"":""柜子"",""field"":""samples[122].tags[2]"",""sourceType"":""消费内容作者标签""}]"
"收纳柜","","zh","消费题材","生活vlog","消费内容作者标签","[{""url"":""https://www.douyin.com/video/7663135309374180662"",""recordId"":""DC-123"",""originalText"":""收纳柜"",""field"":""samples[122].tags[3]"",""sourceType"":""消费内容作者标签""}]"
"德国","","zh","消费题材","生活vlog","消费内容作者标签","[{""url"":""https://www.douyin.com/video/7666186584772906249"",""recordId"":""DC-124"",""originalText"":""德国"",""field"":""samples[123].tags[3]"",""sourceType"":""消费内容作者标签""}]"
"科隆","","zh","消费题材","生活vlog","消费内容作者标签","[{""url"":""https://www.douyin.com/video/7666186584772906249"",""recordId"":""DC-124"",""originalText"":""科隆"",""field"":""samples[123].tags[4]"",""sourceType"":""消费内容作者标签""}]"
"城市探索","","zh","消费题材","生活vlog","消费内容作者标签","[{""url"":""https://www.douyin.com/video/7671211231851597096"",""recordId"":""DC-125"",""originalText"":""城市探索"",""field"":""samples[124].tags[0]"",""sourceType"":""消费内容作者标签""}]"
"美国农村","","zh","消费题材","生活vlog","消费内容作者标签","[{""url"":""https://www.douyin.com/video/7671211231851597096"",""recordId"":""DC-125"",""originalText"":""美国农村"",""field"":""samples[124].tags[1]"",""sourceType"":""消费内容作者标签""}]"
"老龄化","","zh","消费题材","生活vlog","消费内容作者标签","[{""url"":""https://www.douyin.com/video/7671211231851597096"",""recordId"":""DC-125"",""originalText"":""老龄化"",""field"":""samples[124].tags[2]"",""sourceType"":""消费内容作者标签""}]"
"白人饭","","zh","消费题材","生活vlog","消费内容作者标签","[{""url"":""https://www.douyin.com/video/7671211231851597096"",""recordId"":""DC-125"",""originalText"":""白人饭"",""field"":""samples[124].tags[4]"",""sourceType"":""消费内容作者标签""}]"
"卡车女司机","","zh","消费题材","生活vlog","消费内容作者标签","[{""url"":""https://www.douyin.com/video/7652278642760806373"",""recordId"":""DC-127"",""originalText"":""卡车女司机"",""field"":""samples[126].tags[0]"",""sourceType"":""消费内容作者标签""}]"
"高栏车","","zh","消费题材","生活vlog","消费内容作者标签","[{""url"":""https://www.douyin.com/video/7652278642760806373"",""recordId"":""DC-127"",""originalText"":""高栏车"",""field"":""samples[126].tags[2]"",""sourceType"":""消费内容作者标签""}]"
"书房布置","","zh","消费题材","生活vlog","消费内容作者标签","[{""url"":""https://www.douyin.com/video/7652687974844340721"",""recordId"":""DC-129"",""originalText"":""书房布置"",""field"":""samples[128].tags[0]"",""sourceType"":""消费内容作者标签""}]"
"双人书房","","zh","消费题材","生活vlog","消费内容作者标签","[{""url"":""https://www.douyin.com/video/7652687974844340721"",""recordId"":""DC-129"",""originalText"":""双人书房"",""field"":""samples[128].tags[1]"",""sourceType"":""消费内容作者标签""}]"
"双人书桌","","zh","消费题材","生活vlog","消费内容作者标签","[{""url"":""https://www.douyin.com/video/7652687974844340721"",""recordId"":""DC-129"",""originalText"":""双人书桌"",""field"":""samples[128].tags[2]"",""sourceType"":""消费内容作者标签""}]"
"小卧室设计","","zh","创作任务","生活vlog","消费内容作者标签","[{""url"":""https://www.douyin.com/video/7652687974844340721"",""recordId"":""DC-129"",""originalText"":""小卧室设计"",""field"":""samples[128].tags[3]"",""sourceType"":""消费内容作者标签""}]"
"装修灵感","","zh","创作任务","生活vlog","消费内容作者标签","[{""url"":""https://www.douyin.com/video/7652687974844340721"",""recordId"":""DC-129"",""originalText"":""装修灵感"",""field"":""samples[128].tags[4]"",""sourceType"":""消费内容作者标签""}]"
"客厅改造","","zh","创作任务","生活vlog","消费内容作者标签","[{""url"":""https://www.douyin.com/video/7653429616396209443"",""recordId"":""DC-130"",""originalText"":""客厅改造"",""field"":""samples[129].tags[1]"",""sourceType"":""消费内容作者标签""}]"
"竖厅改造","","zh","创作任务","生活vlog","消费内容作者标签","[{""url"":""https://www.douyin.com/video/7653429616396209443"",""recordId"":""DC-130"",""originalText"":""竖厅改造"",""field"":""samples[129].tags[2]"",""sourceType"":""消费内容作者标签""}]"
"横厅","","zh","消费题材","生活vlog","消费内容作者标签","[{""url"":""https://www.douyin.com/video/7653429616396209443"",""recordId"":""DC-130"",""originalText"":""横厅"",""field"":""samples[129].tags[3]"",""sourceType"":""消费内容作者标签""}]"
"乔丹案","","zh","消费题材","生活vlog","消费内容作者标签","[{""url"":""https://www.douyin.com/video/7669734923434986794"",""recordId"":""DC-131"",""originalText"":""乔丹案"",""field"":""samples[130].tags[3]"",""sourceType"":""消费内容作者标签""}]"
"戒烟","","zh","消费题材","生活vlog","消费内容作者标签","[{""url"":""https://www.douyin.com/video/7675652469652819219"",""recordId"":""DC-133"",""originalText"":""戒烟"",""field"":""samples[132].tags[3]"",""sourceType"":""消费内容作者标签""}]"
"日常vlog","","mixed","消费题材","生活vlog","消费内容作者标签","[{""url"":""https://www.douyin.com/video/7681714447371103156"",""recordId"":""DC-134"",""originalText"":""日常vlog"",""field"":""samples[133].tags[1]"",""sourceType"":""消费内容作者标签""}]"
"无边记","","zh","工具","生活vlog","消费内容作者标签；消费内容作者标题","[{""url"":""https://www.douyin.com/video/7653127455598710059"",""recordId"":""DC-135"",""originalText"":""无边记"",""field"":""samples[134].tags[0]"",""sourceType"":""消费内容作者标签""},{""url"":""https://www.douyin.com/video/7653127455598710059"",""recordId"":""DC-135"",""originalText"":""无边记"",""field"":""samples[134].title"",""sourceType"":""消费内容作者标题""}]"
"Mac软件","","mixed","工具","生活vlog","消费内容作者标签","[{""url"":""https://www.douyin.com/video/7653127455598710059"",""recordId"":""DC-135"",""originalText"":""Mac软件"",""field"":""samples[134].tags[1]"",""sourceType"":""消费内容作者标签""}]"
"iPad","","en","工具","生活vlog","消费内容作者标签","[{""url"":""https://www.douyin.com/video/7653127455598710059"",""recordId"":""DC-135"",""originalText"":""iPad"",""field"":""samples[134].tags[3]"",""sourceType"":""消费内容作者标签""}]"
"MacBook","","en","工具","生活vlog","消费内容作者标签","[{""url"":""https://www.douyin.com/video/7653127455598710059"",""recordId"":""DC-135"",""originalText"":""MacBook"",""field"":""samples[134].tags[4]"",""sourceType"":""消费内容作者标签""}]"
"播客","","zh","消费题材","生活vlog","消费内容作者标签","[{""url"":""https://www.douyin.com/video/7679870994986568987"",""recordId"":""DC-136"",""originalText"":""播客"",""field"":""samples[135].tags[0]"",""sourceType"":""消费内容作者标签""}]"
"土耳其","","zh","消费题材","旅行","消费内容作者标签","[{""url"":""https://www.douyin.com/video/7670868276804685071"",""recordId"":""DC-137"",""originalText"":""土耳其"",""field"":""samples[136].tags[0]"",""sourceType"":""消费内容作者标签""}]"
"伊斯坦布尔","","zh","消费题材","旅行","消费内容作者标签；消费内容作者标题","[{""url"":""https://www.douyin.com/video/7670868276804685071"",""recordId"":""DC-137"",""originalText"":""伊斯坦布尔"",""field"":""samples[136].tags[1]"",""sourceType"":""消费内容作者标签""},{""url"":""https://www.douyin.com/video/7670868276804685071"",""recordId"":""DC-137"",""originalText"":""伊斯坦布尔"",""field"":""samples[136].title"",""sourceType"":""消费内容作者标题""}]"
"环球旅行","","zh","消费题材","旅行","消费内容作者标签","[{""url"":""https://www.douyin.com/video/7670868276804685071"",""recordId"":""DC-137"",""originalText"":""环球旅行"",""field"":""samples[136].tags[2]"",""sourceType"":""消费内容作者标签""},{""url"":""https://www.douyin.com/video/7677174590048718120"",""recordId"":""DC-147"",""originalText"":""环球旅行"",""field"":""samples[146].tags[2]"",""sourceType"":""消费内容作者标签""},{""url"":""https://www.douyin.com/video/7677160492598578475"",""recordId"":""DC-154"",""originalText"":""环球旅行"",""field"":""samples[153].tags[0]"",""sourceType"":""消费内容作者标签""}]"
"318川藏线","","zh","消费题材","旅行","消费内容作者标签","[{""url"":""https://www.douyin.com/video/7660539583184112915"",""recordId"":""DC-138"",""originalText"":""318川藏线"",""field"":""samples[137].tags[2]"",""sourceType"":""消费内容作者标签""}]"
"318国道","","zh","消费题材","旅行","消费内容作者标签","[{""url"":""https://www.douyin.com/video/7660539583184112915"",""recordId"":""DC-138"",""originalText"":""318国道"",""field"":""samples[137].tags[4]"",""sourceType"":""消费内容作者标签""}]"
"vlog","视频日记","en","消费题材","旅行；动物；美食","消费内容作者标签","[{""url"":""https://www.douyin.com/video/7655597562543541519"",""recordId"":""DC-139"",""originalText"":""vlog"",""field"":""samples[138].tags[1]"",""sourceType"":""消费内容作者标签""},{""url"":""https://www.douyin.com/video/7679378603167493554"",""recordId"":""DC-216"",""originalText"":""vlog"",""field"":""samples[215].tags[1]"",""sourceType"":""消费内容作者标签""},{""url"":""https://www.douyin.com/video/7684194495398743334"",""recordId"":""DC-283"",""originalText"":""vlog"",""field"":""samples[282].tags[3]"",""sourceType"":""消费内容作者标签""}]"
"烟台","","zh","消费题材","旅行","消费内容作者标签","[{""url"":""https://www.douyin.com/video/7652294307956690219"",""recordId"":""DC-140"",""originalText"":""烟台"",""field"":""samples[139].tags[0]"",""sourceType"":""消费内容作者标签""}]"
"烟台旅游攻略","","zh","消费题材","旅行","消费内容作者标签","[{""url"":""https://www.douyin.com/video/7652294307956690219"",""recordId"":""DC-140"",""originalText"":""烟台旅游攻略"",""field"":""samples[139].tags[1]"",""sourceType"":""消费内容作者标签""}]"
"新西兰","","zh","消费题材","旅行","消费内容作者标签","[{""url"":""https://www.douyin.com/video/7658886281828584704"",""recordId"":""DC-141"",""originalText"":""新西兰"",""field"":""samples[140].tags[0]"",""sourceType"":""消费内容作者标签""}]"
"冰川","","zh","消费题材","旅行","消费内容作者标签","[{""url"":""https://www.douyin.com/video/7658886281828584704"",""recordId"":""DC-141"",""originalText"":""冰川"",""field"":""samples[140].tags[1]"",""sourceType"":""消费内容作者标签""}]"
"中土世界","","zh","消费题材","旅行","消费内容作者标签","[{""url"":""https://www.douyin.com/video/7658886281828584704"",""recordId"":""DC-141"",""originalText"":""中土世界"",""field"":""samples[140].tags[4]"",""sourceType"":""消费内容作者标签""}]"
"户外徒步","","zh","消费题材","旅行；体育","消费内容作者标签","[{""url"":""https://www.douyin.com/video/7678599019253239046"",""recordId"":""DC-142"",""originalText"":""户外徒步"",""field"":""samples[141].tags[0]"",""sourceType"":""消费内容作者标签""},{""url"":""https://www.douyin.com/video/7666772638332734771"",""recordId"":""DC-333"",""originalText"":""户外徒步"",""field"":""samples[332].tags[4]"",""sourceType"":""消费内容作者标签""}]"
"徒步旅行","","zh","消费题材","旅行","消费内容作者标签","[{""url"":""https://www.douyin.com/video/7678599019253239046"",""recordId"":""DC-142"",""originalText"":""徒步旅行"",""field"":""samples[141].tags[1]"",""sourceType"":""消费内容作者标签""}]"
"自驾西藏","","zh","消费题材","旅行","消费内容作者标签","[{""url"":""https://www.douyin.com/video/7670161131427728681"",""recordId"":""DC-143"",""originalText"":""自驾西藏"",""field"":""samples[142].tags[0]"",""sourceType"":""消费内容作者标签""}]"
"越野车","","zh","消费题材","旅行","消费内容作者标签","[{""url"":""https://www.douyin.com/video/7670161131427728681"",""recordId"":""DC-143"",""originalText"":""越野车"",""field"":""samples[142].tags[1]"",""sourceType"":""消费内容作者标签""}]"
"西安交大","","zh","消费题材","旅行","消费内容作者标签","[{""url"":""https://www.douyin.com/video/7655594988025220406"",""recordId"":""DC-144"",""originalText"":""西安交大"",""field"":""samples[143].tags[2]"",""sourceType"":""消费内容作者标签""}]"
"西安东郊","","zh","消费题材","旅行；知识","消费内容作者标签；消费内容作者标题","[{""url"":""https://www.douyin.com/video/7655594988025220406"",""recordId"":""DC-144"",""originalText"":""西安东郊"",""field"":""samples[143].tags[3]"",""sourceType"":""消费内容作者标签""},{""url"":""https://www.douyin.com/video/7665250198007926042"",""recordId"":""DC-003"",""originalText"":""西安东郊"",""field"":""samples[2].title"",""sourceType"":""消费内容作者标题""}]"
"西安东关","","zh","消费题材","旅行","消费内容作者标签","[{""url"":""https://www.douyin.com/video/7655594988025220406"",""recordId"":""DC-144"",""originalText"":""西安东关"",""field"":""samples[143].tags[4]"",""sourceType"":""消费内容作者标签""}]"
"洱海","","zh","消费题材","旅行","消费内容作者标签","[{""url"":""https://www.douyin.com/video/7676260880027241754"",""recordId"":""DC-145"",""originalText"":""洱海"",""field"":""samples[144].tags[1]"",""sourceType"":""消费内容作者标签""}]"
"地理","","zh","消费题材","旅行","消费内容作者标签","[{""url"":""https://www.douyin.com/video/7676260880027241754"",""recordId"":""DC-145"",""originalText"":""地理"",""field"":""samples[144].tags[2]"",""sourceType"":""消费内容作者标签""}]"
"自驾游","","zh","消费题材","旅行","消费内容作者标签","[{""url"":""https://www.douyin.com/video/7676260880027241754"",""recordId"":""DC-145"",""originalText"":""自驾游"",""field"":""samples[144].tags[4]"",""sourceType"":""消费内容作者标签""}]"
"丹凤美食","","zh","消费题材","旅行","消费内容作者标签","[{""url"":""https://www.douyin.com/video/7676422557302499558"",""recordId"":""DC-146"",""originalText"":""丹凤美食"",""field"":""samples[145].tags[0]"",""sourceType"":""消费内容作者标签""}]"
"丹凤","","zh","消费题材","旅行","消费内容作者标签","[{""url"":""https://www.douyin.com/video/7676422557302499558"",""recordId"":""DC-146"",""originalText"":""丹凤"",""field"":""samples[145].tags[4]"",""sourceType"":""消费内容作者标签""}]"
"缅甸","","zh","消费题材","旅行","消费内容作者标签","[{""url"":""https://www.douyin.com/video/7677174590048718120"",""recordId"":""DC-147"",""originalText"":""缅甸"",""field"":""samples[146].tags[0]"",""sourceType"":""消费内容作者标签""}]"
"兰州","","zh","消费题材","旅行","消费内容作者标签","[{""url"":""https://www.douyin.com/video/7671125451519102234"",""recordId"":""DC-148"",""originalText"":""兰州"",""field"":""samples[147].tags[0]"",""sourceType"":""消费内容作者标签""}]"
"旅行vlog","","mixed","消费题材","旅行","消费内容作者标签","[{""url"":""https://www.douyin.com/video/7671125451519102234"",""recordId"":""DC-148"",""originalText"":""旅行vlog"",""field"":""samples[147].tags[1]"",""sourceType"":""消费内容作者标签""}]"
"一个人旅行","","zh","消费题材","旅行","消费内容作者标签","[{""url"":""https://www.douyin.com/video/7671125451519102234"",""recordId"":""DC-148"",""originalText"":""一个人旅行"",""field"":""samples[147].tags[2]"",""sourceType"":""消费内容作者标签""}]"
"兰州旅行","","zh","消费题材","旅行","消费内容作者标签","[{""url"":""https://www.douyin.com/video/7671125451519102234"",""recordId"":""DC-148"",""originalText"":""兰州旅行"",""field"":""samples[147].tags[3]"",""sourceType"":""消费内容作者标签""}]"
"黄山","","zh","消费题材","旅行","消费内容作者标签","[{""url"":""https://www.douyin.com/video/7670143734667283705"",""recordId"":""DC-150"",""originalText"":""黄山"",""field"":""samples[149].tags[0]"",""sourceType"":""消费内容作者标签""}]"
"徒步vlog","","mixed","消费题材","旅行","消费内容作者标签","[{""url"":""https://www.douyin.com/video/7670143734667283705"",""recordId"":""DC-150"",""originalText"":""徒步vlog"",""field"":""samples[149].tags[1]"",""sourceType"":""消费内容作者标签""}]"
"爬黄山","","zh","消费题材","旅行","消费内容作者标签","[{""url"":""https://www.douyin.com/video/7670143734667283705"",""recordId"":""DC-150"",""originalText"":""爬黄山"",""field"":""samples[149].tags[2]"",""sourceType"":""消费内容作者标签""}]"
"迎客松","","zh","消费题材","旅行","消费内容作者标签","[{""url"":""https://www.douyin.com/video/7670143734667283705"",""recordId"":""DC-150"",""originalText"":""迎客松"",""field"":""samples[149].tags[4]"",""sourceType"":""消费内容作者标签""}]"
"台湾自由行","","zh","消费题材","旅行","消费内容作者标签","[{""url"":""https://www.douyin.com/video/7657531265633062178"",""recordId"":""DC-151"",""originalText"":""台湾自由行"",""field"":""samples[150].tags[1]"",""sourceType"":""消费内容作者标签""}]"
"台北","","zh","消费题材","旅行","消费内容作者标签","[{""url"":""https://www.douyin.com/video/7657531265633062178"",""recordId"":""DC-151"",""originalText"":""台北"",""field"":""samples[150].tags[2]"",""sourceType"":""消费内容作者标签""}]"
"台湾","","zh","消费题材","旅行","消费内容作者标签","[{""url"":""https://www.douyin.com/video/7657531265633062178"",""recordId"":""DC-151"",""originalText"":""台湾"",""field"":""samples[150].tags[4]"",""sourceType"":""消费内容作者标签""}]"
"房车旅行","","zh","消费题材","旅行","消费内容作者标签","[{""url"":""https://www.douyin.com/video/7655311861592299624"",""recordId"":""DC-152"",""originalText"":""房车旅行"",""field"":""samples[151].tags[0]"",""sourceType"":""消费内容作者标签""}]"
"房车自驾游","","zh","消费题材","旅行","消费内容作者标签","[{""url"":""https://www.douyin.com/video/7655311861592299624"",""recordId"":""DC-152"",""originalText"":""房车自驾游"",""field"":""samples[151].tags[4]"",""sourceType"":""消费内容作者标签""}]"
"加拉帕戈斯象龟","","zh","消费题材","旅行","消费内容作者标签","[{""url"":""https://www.douyin.com/video/7677160492598578475"",""recordId"":""DC-154"",""originalText"":""加拉帕戈斯象龟"",""field"":""samples[153].tags[1]"",""sourceType"":""消费内容作者标签""}]"
"百国旅行","","zh","消费题材","旅行","消费内容作者标签","[{""url"":""https://www.douyin.com/video/7677160492598578475"",""recordId"":""DC-154"",""originalText"":""百国旅行"",""field"":""samples[153].tags[3]"",""sourceType"":""消费内容作者标签""}]"
"历史古迹","","zh","消费题材","旅行","消费内容作者标签","[{""url"":""https://www.douyin.com/video/7657498293727022346"",""recordId"":""DC-155"",""originalText"":""历史古迹"",""field"":""samples[154].tags[1]"",""sourceType"":""消费内容作者标签""}]"
"波斯","","zh","消费题材","旅行","消费内容作者标签","[{""url"":""https://www.douyin.com/video/7657498293727022346"",""recordId"":""DC-155"",""originalText"":""波斯"",""field"":""samples[154].tags[2]"",""sourceType"":""消费内容作者标签""}]"
"龙头山大断崖","","zh","消费题材","旅行","消费内容作者标签","[{""url"":""https://www.douyin.com/video/7670432802269154595"",""recordId"":""DC-156"",""originalText"":""龙头山大断崖"",""field"":""samples[155].tags[0]"",""sourceType"":""消费内容作者标签""}]"
"四川凉山","","zh","消费题材","旅行","消费内容作者标签","[{""url"":""https://www.douyin.com/video/7670432802269154595"",""recordId"":""DC-156"",""originalText"":""四川凉山"",""field"":""samples[155].tags[1]"",""sourceType"":""消费内容作者标签""}]"
"凉山美景","","zh","消费题材","旅行","消费内容作者标签","[{""url"":""https://www.douyin.com/video/7670432802269154595"",""recordId"":""DC-156"",""originalText"":""凉山美景"",""field"":""samples[155].tags[3]"",""sourceType"":""消费内容作者标签""}]"
"川西","","zh","消费题材","旅行","消费内容作者标签","[{""url"":""https://www.douyin.com/video/7666142926451330304"",""recordId"":""DC-157"",""originalText"":""川西"",""field"":""samples[156].tags[0]"",""sourceType"":""消费内容作者标签""}]"
"大学生活","","zh","消费题材","旅行","消费内容作者标签","[{""url"":""https://www.douyin.com/video/7656266795284767342"",""recordId"":""DC-158"",""originalText"":""大学生活"",""field"":""samples[157].tags[0]"",""sourceType"":""消费内容作者标签""}]"
"大学生vlog","","mixed","消费题材","旅行","消费内容作者标签","[{""url"":""https://www.douyin.com/video/7656266795284767342"",""recordId"":""DC-158"",""originalText"":""大学生vlog"",""field"":""samples[157].tags[1]"",""sourceType"":""消费内容作者标签""}]"
"大学生旅游","","zh","消费题材","旅行","消费内容作者标签","[{""url"":""https://www.douyin.com/video/7656266795284767342"",""recordId"":""DC-158"",""originalText"":""大学生旅游"",""field"":""samples[157].tags[2]"",""sourceType"":""消费内容作者标签""}]"
"驻韩美军","","zh","消费题材","旅行","消费内容作者标签","[{""url"":""https://www.douyin.com/video/7658173058225655075"",""recordId"":""DC-159"",""originalText"":""驻韩美军"",""field"":""samples[158].tags[0]"",""sourceType"":""消费内容作者标签""}]"
"韩国经济","","zh","消费题材","旅行","消费内容作者标签","[{""url"":""https://www.douyin.com/video/7658173058225655075"",""recordId"":""DC-159"",""originalText"":""韩国经济"",""field"":""samples[158].tags[1]"",""sourceType"":""消费内容作者标签""}]"
"韩国工资","","zh","消费题材","旅行","消费内容作者标签","[{""url"":""https://www.douyin.com/video/7658173058225655075"",""recordId"":""DC-159"",""originalText"":""韩国工资"",""field"":""samples[158].tags[3]"",""sourceType"":""消费内容作者标签""}]"
"首尔江南区","","zh","消费题材","旅行","消费内容作者标签","[{""url"":""https://www.douyin.com/video/7658173058225655075"",""recordId"":""DC-159"",""originalText"":""首尔江南区"",""field"":""samples[158].tags[4]"",""sourceType"":""消费内容作者标签""}]"
"世界历史","","zh","消费题材","旅行","消费内容作者标签","[{""url"":""https://www.douyin.com/video/7666781839138344227"",""recordId"":""DC-160"",""originalText"":""世界历史"",""field"":""samples[159].tags[1]"",""sourceType"":""消费内容作者标签""}]"
"战舰","","zh","消费题材","旅行","消费内容作者标签","[{""url"":""https://www.douyin.com/video/7666781839138344227"",""recordId"":""DC-160"",""originalText"":""战舰"",""field"":""samples[159].tags[2]"",""sourceType"":""消费内容作者标签""}]"
"沉船","","zh","消费题材","旅行","消费内容作者标签","[{""url"":""https://www.douyin.com/video/7666781839138344227"",""recordId"":""DC-160"",""originalText"":""沉船"",""field"":""samples[159].tags[3]"",""sourceType"":""消费内容作者标签""}]"
"中世纪","","zh","消费题材","旅行","消费内容作者标签","[{""url"":""https://www.douyin.com/video/7666781839138344227"",""recordId"":""DC-160"",""originalText"":""中世纪"",""field"":""samples[159].tags[4]"",""sourceType"":""消费内容作者标签""}]"
"归墟","","zh","消费题材","小剧场；影视","消费内容作者标签；平台搜索联想","[{""url"":""https://www.douyin.com/video/7663756336345173258"",""recordId"":""DC-067"",""originalText"":""归墟"",""field"":""details[10].relatedSearch[0]"",""sourceType"":""平台搜索联想""},{""url"":""https://www.douyin.com/video/7658595418254626063"",""recordId"":""DC-161"",""originalText"":""归墟"",""field"":""samples[160].tags[0]"",""sourceType"":""消费内容作者标签""},{""url"":""https://www.douyin.com/video/7670091555214085417"",""recordId"":""DC-181"",""originalText"":""归墟"",""field"":""samples[180].tags[0]"",""sourceType"":""消费内容作者标签""}]"
"三国","","zh","消费题材","小剧场","消费内容作者标签","[{""url"":""https://www.douyin.com/video/7682401440496700699"",""recordId"":""DC-163"",""originalText"":""三国"",""field"":""samples[162].tags[1]"",""sourceType"":""消费内容作者标签""}]"
"盲盒","","zh","消费题材","小剧场；亲子","消费内容作者标签","[{""url"":""https://www.douyin.com/video/7673502094384549172"",""recordId"":""DC-164"",""originalText"":""盲盒"",""field"":""samples[163].tags[0]"",""sourceType"":""消费内容作者标签""},{""url"":""https://www.douyin.com/video/7661883032470672043"",""recordId"":""DC-225"",""originalText"":""盲盒"",""field"":""samples[224].tags[1]"",""sourceType"":""消费内容作者标签""}]"
"开箱","","zh","消费题材","小剧场","消费内容作者标签","[{""url"":""https://www.douyin.com/video/7673502094384549172"",""recordId"":""DC-164"",""originalText"":""开箱"",""field"":""samples[163].tags[1]"",""sourceType"":""消费内容作者标签""}]"
"杨戬","","zh","消费题材","小剧场","消费内容作者标签","[{""url"":""https://www.douyin.com/video/7672136040009780522"",""recordId"":""DC-165"",""originalText"":""杨戬"",""field"":""samples[164].tags[1]"",""sourceType"":""消费内容作者标签""}]"
"AI短剧","","mixed","消费题材","小剧场","消费内容作者标签","[{""url"":""https://www.douyin.com/video/7681509365072841999"",""recordId"":""DC-168"",""originalText"":""AI短剧"",""field"":""samples[167].tags[1]"",""sourceType"":""消费内容作者标签""},{""url"":""https://www.douyin.com/video/7673074764340650597"",""recordId"":""DC-182"",""originalText"":""ai短剧"",""field"":""samples[181].tags[1]"",""sourceType"":""消费内容作者标签""},{""url"":""https://www.douyin.com/video/7673074764340650597"",""recordId"":""DC-182"",""originalText"":""ai短剧"",""field"":""details[2].tags[1]"",""sourceType"":""消费内容作者标签""}]"
"天门镇","","zh","消费题材","小剧场","消费内容作者标签","[{""url"":""https://www.douyin.com/video/7681509365072841999"",""recordId"":""DC-168"",""originalText"":""天门镇"",""field"":""samples[167].tags[2]"",""sourceType"":""消费内容作者标签""}]"
"鬼市","","zh","消费题材","小剧场","消费内容作者标签","[{""url"":""https://www.douyin.com/video/7681509365072841999"",""recordId"":""DC-168"",""originalText"":""鬼市"",""field"":""samples[167].tags[3]"",""sourceType"":""消费内容作者标签""}]"
"原创动画","","zh","消费题材","小剧场","消费内容作者标签","[{""url"":""https://www.douyin.com/video/7673499815631768842"",""recordId"":""DC-169"",""originalText"":""原创动画"",""field"":""samples[168].tags[2]"",""sourceType"":""消费内容作者标签""},{""url"":""https://www.douyin.com/video/7669276188178812166"",""recordId"":""DC-175"",""originalText"":""原创动画"",""field"":""samples[174].tags[2]"",""sourceType"":""消费内容作者标签""}]"
"聊斋志异","","zh","消费题材","小剧场；二次元","消费内容作者标签；公开评论","[{""url"":""https://www.douyin.com/video/7679390867152604467"",""recordId"":""DC-086-comment-2"",""originalText"":""聊斋志异"",""field"":""details[4].comments[1].text"",""sourceType"":""公开评论""},{""url"":""https://www.douyin.com/video/7673499815631768842"",""recordId"":""DC-169"",""originalText"":""聊斋志异"",""field"":""samples[168].tags[3]"",""sourceType"":""消费内容作者标签""}]"
"动物世界","","zh","消费题材","小剧场；动物","消费内容作者标签","[{""url"":""https://www.douyin.com/video/7673861212412693795"",""recordId"":""DC-171"",""originalText"":""动物世界"",""field"":""samples[170].tags[0]"",""sourceType"":""消费内容作者标签""},{""url"":""https://www.douyin.com/video/7676758445789383974"",""recordId"":""DC-205"",""originalText"":""动物世界"",""field"":""samples[204].tags[0]"",""sourceType"":""消费内容作者标签""},{""url"":""https://www.douyin.com/video/7663727615248715014"",""recordId"":""DC-212"",""originalText"":""动物世界"",""field"":""samples[211].tags[3]"",""sourceType"":""消费内容作者标签""},{""url"":""https://www.douyin.com/video/7681244109188762922"",""recordId"":""DC-218"",""originalText"":""动物世界"",""field"":""samples[217].tags[3]"",""sourceType"":""消费内容作者标签""},{""url"":""https://www.douyin.com/video/7658197554126966079"",""recordId"":""DC-224"",""originalText"":""动物世界"",""field"":""samples[223].tags[0]"",""sourceType"":""消费内容作者标签""}]"
"台湾人在上海","","zh","消费题材","小剧场","消费内容作者标签","[{""url"":""https://www.douyin.com/video/7677918494914055464"",""recordId"":""DC-172"",""originalText"":""台湾人在上海"",""field"":""samples[171].tags[0]"",""sourceType"":""消费内容作者标签""}]"
"两岸生活","","zh","消费题材","小剧场","消费内容作者标签","[{""url"":""https://www.douyin.com/video/7677918494914055464"",""recordId"":""DC-172"",""originalText"":""两岸生活"",""field"":""samples[171].tags[1]"",""sourceType"":""消费内容作者标签""}]"
"台湾人在大陆","","zh","消费题材","小剧场","消费内容作者标签","[{""url"":""https://www.douyin.com/video/7677918494914055464"",""recordId"":""DC-172"",""originalText"":""台湾人在大陆"",""field"":""samples[171].tags[2]"",""sourceType"":""消费内容作者标签""}]"
"翻拍","","zh","消费题材","小剧场","消费内容作者标签","[{""url"":""https://www.douyin.com/video/7669646615510027535"",""recordId"":""DC-173"",""originalText"":""翻拍"",""field"":""samples[172].tags[3]"",""sourceType"":""消费内容作者标签""}]"
"龙","","zh","消费题材","小剧场","消费内容作者标签","[{""url"":""https://www.douyin.com/video/7684200722115693866"",""recordId"":""DC-174"",""originalText"":""龙"",""field"":""samples[173].tags[0]"",""sourceType"":""消费内容作者标签""}]"
"民间故事","","zh","消费题材","小剧场；民间故事","消费内容作者标签；指数页面联想词","[{""url"":""https://www.douyin.com/video/7684200722115693866"",""recordId"":""DC-174"",""originalText"":""民间故事"",""field"":""samples[173].tags[1]"",""sourceType"":""消费内容作者标签""},{""url"":""https://creator.douyin.com/creator-micro/creator-count/arithmetic-index/analysis?source=creator&keyword=%E4%BF%AE%E4%BB%99&appName=aweme"",""recordId"":""DS-7"",""originalText"":""民间故事、"",""field"":""searches[6].terms[1]"",""sourceType"":""指数页面联想词""},{""url"":""https://creator.douyin.com/creator-micro/creator-count/arithmetic-index/analysis?source=creator&keyword=%E4%BF%AE%E4%BB%99&appName=aweme"",""recordId"":""DS-7"",""originalText"":""民间故事."",""field"":""searches[6].terms[3]"",""sourceType"":""指数页面联想词""},{""url"":""https://creator.douyin.com/creator-micro/creator-count/arithmetic-index/analysis?source=creator&keyword=%E4%BF%AE%E4%BB%99&appName=aweme"",""recordId"":""DS-7"",""originalText"":""民间 故事"",""field"":""searches[6].terms[8]"",""sourceType"":""指数页面联想词""}]"
"民间传说","","zh","消费题材","小剧场","消费内容作者标签","[{""url"":""https://www.douyin.com/video/7684200722115693866"",""recordId"":""DC-174"",""originalText"":""民间传说"",""field"":""samples[173].tags[2]"",""sourceType"":""消费内容作者标签""}]"
"ai动漫","","mixed","消费题材","小剧场","消费内容作者标签","[{""url"":""https://www.douyin.com/video/7669276188178812166"",""recordId"":""DC-175"",""originalText"":""ai动漫"",""field"":""samples[174].tags[0]"",""sourceType"":""消费内容作者标签""}]"
"探险","","zh","消费题材","小剧场","消费内容作者标签","[{""url"":""https://www.douyin.com/video/7675325310220422450"",""recordId"":""DC-176"",""originalText"":""探险"",""field"":""samples[175].tags[0]"",""sourceType"":""消费内容作者标签""},{""url"":""https://www.douyin.com/video/7675325310220422450"",""recordId"":""DC-176"",""originalText"":""探险"",""field"":""details[8].tags[0]"",""sourceType"":""消费内容作者标签""}]"
"中式恐怖","","zh","消费题材","小剧场","消费内容作者标签","[{""url"":""https://www.douyin.com/video/7675325310220422450"",""recordId"":""DC-176"",""originalText"":""中式恐怖"",""field"":""samples[175].tags[1]"",""sourceType"":""消费内容作者标签""},{""url"":""https://www.douyin.com/video/7675325310220422450"",""recordId"":""DC-176"",""originalText"":""中式恐怖"",""field"":""details[8].tags[1]"",""sourceType"":""消费内容作者标签""}]"
"魔兽世界","","zh","消费题材","小剧场；游戏","消费内容作者标签","[{""url"":""https://www.douyin.com/video/7680864283776830747"",""recordId"":""DC-178"",""originalText"":""魔兽世界"",""field"":""samples[177].tags[0]"",""sourceType"":""消费内容作者标签""},{""url"":""https://www.douyin.com/video/7684101568441879862"",""recordId"":""DC-315"",""originalText"":""魔兽世界"",""field"":""samples[314].tags[0]"",""sourceType"":""消费内容作者标签""}]"
"爱与家庭","","zh","消费题材","小剧场","消费内容作者标签","[{""url"":""https://www.douyin.com/video/7680864283776830747"",""recordId"":""DC-178"",""originalText"":""爱与家庭"",""field"":""samples[177].tags[2]"",""sourceType"":""消费内容作者标签""}]"
"提里奥弗丁","","zh","消费题材","小剧场","消费内容作者标签","[{""url"":""https://www.douyin.com/video/7680864283776830747"",""recordId"":""DC-178"",""originalText"":""提里奥弗丁"",""field"":""samples[177].tags[3]"",""sourceType"":""消费内容作者标签""}]"
"剧情短剧","","zh","消费题材","小剧场","消费内容作者标签","[{""url"":""https://www.douyin.com/video/7680864283776830747"",""recordId"":""DC-178"",""originalText"":""剧情短剧"",""field"":""samples[177].tags[4]"",""sourceType"":""消费内容作者标签""}]"
"末日","","zh","消费题材","小剧场","消费内容作者标签","[{""url"":""https://www.douyin.com/video/7670091555214085417"",""recordId"":""DC-181"",""originalText"":""末日"",""field"":""samples[180].tags[1]"",""sourceType"":""消费内容作者标签""}]"
"ai电影","","mixed","消费题材","小剧场","消费内容作者标签","[{""url"":""https://www.douyin.com/video/7673074764340650597"",""recordId"":""DC-182"",""originalText"":""ai电影"",""field"":""samples[181].tags[0]"",""sourceType"":""消费内容作者标签""},{""url"":""https://www.douyin.com/video/7673074764340650597"",""recordId"":""DC-182"",""originalText"":""ai电影"",""field"":""details[2].tags[0]"",""sourceType"":""消费内容作者标签""}]"
"ai演员","","mixed","创作任务","小剧场","消费内容作者标签","[{""url"":""https://www.douyin.com/video/7673074764340650597"",""recordId"":""DC-182"",""originalText"":""ai演员"",""field"":""samples[181].tags[2]"",""sourceType"":""消费内容作者标签""},{""url"":""https://www.douyin.com/video/7673074764340650597"",""recordId"":""DC-182"",""originalText"":""ai演员"",""field"":""details[2].tags[2]"",""sourceType"":""消费内容作者标签""}]"
"ai教程","","mixed","创作任务","小剧场","消费内容作者标签","[{""url"":""https://www.douyin.com/video/7673074764340650597"",""recordId"":""DC-182"",""originalText"":""ai教程"",""field"":""samples[181].tags[4]"",""sourceType"":""消费内容作者标签""},{""url"":""https://www.douyin.com/video/7673074764340650597"",""recordId"":""DC-182"",""originalText"":""ai教程"",""field"":""details[2].tags[4]"",""sourceType"":""消费内容作者标签""}]"
"AI原创动漫","","mixed","消费题材","小剧场","消费内容作者标签","[{""url"":""https://www.douyin.com/video/7672668283237125426"",""recordId"":""DC-183"",""originalText"":""AI原创动漫"",""field"":""samples[182].tags[1]"",""sourceType"":""消费内容作者标签""}]"
"高粱美食","","zh","消费题材","三农","消费内容作者标签","[{""url"":""https://www.douyin.com/video/7671967137405144360"",""recordId"":""DC-185"",""originalText"":""高粱美食"",""field"":""samples[184].tags[3]"",""sourceType"":""消费内容作者标签""}]"
"传统文化科普","","zh","消费题材","三农","消费内容作者标签","[{""url"":""https://www.douyin.com/video/7670457453901384698"",""recordId"":""DC-186"",""originalText"":""传统文化科普"",""field"":""samples[185].tags[0]"",""sourceType"":""消费内容作者标签""}]"
"二十四节气香","","zh","消费题材","三农","消费内容作者标签","[{""url"":""https://www.douyin.com/video/7670457453901384698"",""recordId"":""DC-186"",""originalText"":""二十四节气香"",""field"":""samples[185].tags[1]"",""sourceType"":""消费内容作者标签""}]"
"木槿花","","zh","消费题材","三农","消费内容作者标签","[{""url"":""https://www.douyin.com/video/7670457453901384698"",""recordId"":""DC-186"",""originalText"":""木槿花"",""field"":""samples[185].tags[2]"",""sourceType"":""消费内容作者标签""}]"
"香文化","","zh","消费题材","三农","消费内容作者标签","[{""url"":""https://www.douyin.com/video/7670457453901384698"",""recordId"":""DC-186"",""originalText"":""香文化"",""field"":""samples[185].tags[3]"",""sourceType"":""消费内容作者标签""}]"
"非遗手作","","zh","消费题材","三农","消费内容作者标签","[{""url"":""https://www.douyin.com/video/7670457453901384698"",""recordId"":""DC-186"",""originalText"":""非遗手作"",""field"":""samples[185].tags[4]"",""sourceType"":""消费内容作者标签""}]"
"猪油渣","","zh","消费题材","三农","消费内容作者标签","[{""url"":""https://www.douyin.com/video/7657505923887303945"",""recordId"":""DC-187"",""originalText"":""猪油渣"",""field"":""samples[186].tags[0]"",""sourceType"":""消费内容作者标签""}]"
"美食","","zh","消费题材","三农；美食","消费内容作者标签","[{""url"":""https://www.douyin.com/video/7657505923887303945"",""recordId"":""DC-187"",""originalText"":""美食"",""field"":""samples[186].tags[1]"",""sourceType"":""消费内容作者标签""},{""url"":""https://www.douyin.com/video/7663139757849961977"",""recordId"":""DC-194"",""originalText"":""美食"",""field"":""samples[193].tags[0]"",""sourceType"":""消费内容作者标签""},{""url"":""https://www.douyin.com/video/7654892907295526154"",""recordId"":""DC-265"",""originalText"":""美食"",""field"":""samples[264].tags[3]"",""sourceType"":""消费内容作者标签""},{""url"":""https://www.douyin.com/video/7667898075892976939"",""recordId"":""DC-271"",""originalText"":""美食"",""field"":""samples[270].tags[0]"",""sourceType"":""消费内容作者标签""},{""url"":""https://www.douyin.com/video/7683089765410901311"",""recordId"":""DC-276"",""originalText"":""美食"",""field"":""samples[275].tags[3]"",""sourceType"":""消费内容作者标签""},{""url"":""https://www.douyin.com/video/7675305559498837275"",""recordId"":""DC-282"",""originalText"":""美食"",""field"":""samples[281].tags[0]"",""sourceType"":""消费内容作者标签""}]"
"猪油渣拌饭","","zh","消费题材","三农","消费内容作者标签","[{""url"":""https://www.douyin.com/video/7657505923887303945"",""recordId"":""DC-187"",""originalText"":""猪油渣拌饭"",""field"":""samples[186].tags[2]"",""sourceType"":""消费内容作者标签""}]"
"地方特色美食","","zh","消费题材","三农；美食","消费内容作者标签","[{""url"":""https://www.douyin.com/video/7663809185134532086"",""recordId"":""DC-188"",""originalText"":""地方特色美食"",""field"":""samples[187].tags[0]"",""sourceType"":""消费内容作者标签""},{""url"":""https://www.douyin.com/video/7663139757849961977"",""recordId"":""DC-194"",""originalText"":""地方特色美食"",""field"":""samples[193].tags[2]"",""sourceType"":""消费内容作者标签""},{""url"":""https://www.douyin.com/video/7668093773208980762"",""recordId"":""DC-200"",""originalText"":""地方特色美食"",""field"":""samples[199].tags[4]"",""sourceType"":""消费内容作者标签""},{""url"":""https://www.douyin.com/video/7683089765410901311"",""recordId"":""DC-276"",""originalText"":""地方特色美食"",""field"":""samples[275].tags[1]"",""sourceType"":""消费内容作者标签""}]"
"四川美食","","zh","消费题材","三农","消费内容作者标签","[{""url"":""https://www.douyin.com/video/7663809185134532086"",""recordId"":""DC-188"",""originalText"":""四川美食"",""field"":""samples[187].tags[1]"",""sourceType"":""消费内容作者标签""}]"
"川菜","","zh","消费题材","三农","消费内容作者标签","[{""url"":""https://www.douyin.com/video/7663809185134532086"",""recordId"":""DC-188"",""originalText"":""川菜"",""field"":""samples[187].tags[2]"",""sourceType"":""消费内容作者标签""}]"
"瓯鸡","","zh","消费题材","三农","消费内容作者标签","[{""url"":""https://www.douyin.com/video/7659338746634519033"",""recordId"":""DC-189"",""originalText"":""瓯鸡"",""field"":""samples[188].tags[0]"",""sourceType"":""消费内容作者标签""}]"
"山东特色美食","","zh","消费题材","三农","消费内容作者标签","[{""url"":""https://www.douyin.com/video/7659338746634519033"",""recordId"":""DC-189"",""originalText"":""山东特色美食"",""field"":""samples[188].tags[1]"",""sourceType"":""消费内容作者标签""}]"
"农村美食","","zh","消费题材","三农","消费内容作者标签","[{""url"":""https://www.douyin.com/video/7675292382107077894"",""recordId"":""DC-190"",""originalText"":""农村美食"",""field"":""samples[189].tags[0]"",""sourceType"":""消费内容作者标签""},{""url"":""https://www.douyin.com/video/7665982080609783094"",""recordId"":""DC-196"",""originalText"":""农村美食"",""field"":""samples[195].tags[1]"",""sourceType"":""消费内容作者标签""}]"
"泥鳅钻豆腐","","zh","消费题材","三农","消费内容作者标签","[{""url"":""https://www.douyin.com/video/7675292382107077894"",""recordId"":""DC-190"",""originalText"":""泥鳅钻豆腐"",""field"":""samples[189].tags[3]"",""sourceType"":""消费内容作者标签""}]"
"山居生活","","zh","消费题材","三农","消费内容作者标签","[{""url"":""https://www.douyin.com/video/7659362095573536000"",""recordId"":""DC-191"",""originalText"":""山居生活"",""field"":""samples[190].tags[0]"",""sourceType"":""消费内容作者标签""}]"
"种田文","","zh","消费题材","三农","消费内容作者标签","[{""url"":""https://www.douyin.com/video/7659362095573536000"",""recordId"":""DC-191"",""originalText"":""种田文"",""field"":""samples[190].tags[1]"",""sourceType"":""消费内容作者标签""}]"
"小森林","","zh","消费题材","三农","消费内容作者标签","[{""url"":""https://www.douyin.com/video/7659362095573536000"",""recordId"":""DC-191"",""originalText"":""小森林"",""field"":""samples[190].tags[3]"",""sourceType"":""消费内容作者标签""}]"
"天水美食","","zh","消费题材","三农","消费内容作者标签","[{""url"":""https://www.douyin.com/video/7656638872608706235"",""recordId"":""DC-192"",""originalText"":""天水美食"",""field"":""samples[191].tags[0]"",""sourceType"":""消费内容作者标签""}]"
"天水烩面片","","zh","消费题材","三农","消费内容作者标签","[{""url"":""https://www.douyin.com/video/7656638872608706235"",""recordId"":""DC-192"",""originalText"":""天水烩面片"",""field"":""samples[191].tags[1]"",""sourceType"":""消费内容作者标签""}]"
"地方特色面食","","zh","消费题材","三农","消费内容作者标签","[{""url"":""https://www.douyin.com/video/7656638872608706235"",""recordId"":""DC-192"",""originalText"":""地方特色面食"",""field"":""samples[191].tags[2]"",""sourceType"":""消费内容作者标签""}]"
"揪面片","","zh","消费题材","三农","消费内容作者标签","[{""url"":""https://www.douyin.com/video/7656638872608706235"",""recordId"":""DC-192"",""originalText"":""揪面片"",""field"":""samples[191].tags[3]"",""sourceType"":""消费内容作者标签""}]"
"乡村美食","","zh","消费题材","三农","消费内容作者标签","[{""url"":""https://www.douyin.com/video/7656638872608706235"",""recordId"":""DC-192"",""originalText"":""乡村美食"",""field"":""samples[191].tags[4]"",""sourceType"":""消费内容作者标签""}]"
"江南古村落","","zh","消费题材","三农","消费内容作者标签","[{""url"":""https://www.douyin.com/video/7660322344963001609"",""recordId"":""DC-193"",""originalText"":""江南古村落"",""field"":""samples[192].tags[0]"",""sourceType"":""消费内容作者标签""}]"
"松阳","","zh","消费题材","三农","消费内容作者标签","[{""url"":""https://www.douyin.com/video/7660322344963001609"",""recordId"":""DC-193"",""originalText"":""松阳"",""field"":""samples[192].tags[1]"",""sourceType"":""消费内容作者标签""}]"
"环中国古村之旅","","zh","消费题材","三农","消费内容作者标签","[{""url"":""https://www.douyin.com/video/7660322344963001609"",""recordId"":""DC-193"",""originalText"":""环中国古村之旅"",""field"":""samples[192].tags[3]"",""sourceType"":""消费内容作者标签""}]"
"广东美食","","zh","消费题材","三农；美食","消费内容作者标签","[{""url"":""https://www.douyin.com/video/7663139757849961977"",""recordId"":""DC-194"",""originalText"":""广东美食"",""field"":""samples[193].tags[3]"",""sourceType"":""消费内容作者标签""},{""url"":""https://www.douyin.com/video/7654537085486992655"",""recordId"":""DC-279"",""originalText"":""广东美食"",""field"":""samples[278].tags[2]"",""sourceType"":""消费内容作者标签""}]"
"广西横州","","zh","消费题材","三农","消费内容作者标签","[{""url"":""https://www.douyin.com/video/7675013114458328363"",""recordId"":""DC-195"",""originalText"":""广西横州"",""field"":""samples[194].tags[0]"",""sourceType"":""消费内容作者标签""}]"
"茉莉花","","zh","消费题材","三农","消费内容作者标签","[{""url"":""https://www.douyin.com/video/7675013114458328363"",""recordId"":""DC-195"",""originalText"":""茉莉花"",""field"":""samples[194].tags[1]"",""sourceType"":""消费内容作者标签""}]"
"马蹄糕","","zh","消费题材","三农","消费内容作者标签","[{""url"":""https://www.douyin.com/video/7665982080609783094"",""recordId"":""DC-196"",""originalText"":""马蹄糕"",""field"":""samples[195].tags[2]"",""sourceType"":""消费内容作者标签""}]"
"传统美食","","zh","消费题材","三农","消费内容作者标签","[{""url"":""https://www.douyin.com/video/7665982080609783094"",""recordId"":""DC-196"",""originalText"":""传统美食"",""field"":""samples[195].tags[3]"",""sourceType"":""消费内容作者标签""}]"
"山野美食","","zh","消费题材","三农","消费内容作者标签","[{""url"":""https://www.douyin.com/video/7681576674132217594"",""recordId"":""DC-198"",""originalText"":""山野美食"",""field"":""samples[197].tags[1]"",""sourceType"":""消费内容作者标签""}]"
"河蚌","","zh","消费题材","三农","消费内容作者标签","[{""url"":""https://www.douyin.com/video/7681576674132217594"",""recordId"":""DC-198"",""originalText"":""河蚌"",""field"":""samples[197].tags[2]"",""sourceType"":""消费内容作者标签""}]"
"乡村家常菜","","zh","消费题材","三农","消费内容作者标签","[{""url"":""https://www.douyin.com/video/7681576674132217594"",""recordId"":""DC-198"",""originalText"":""乡村家常菜"",""field"":""samples[197].tags[3]"",""sourceType"":""消费内容作者标签""}]"
"独特美食做法","","zh","消费题材","三农","消费内容作者标签","[{""url"":""https://www.douyin.com/video/7674802300083487845"",""recordId"":""DC-199"",""originalText"":""独特美食做法"",""field"":""samples[198].tags[1]"",""sourceType"":""消费内容作者标签""}]"
"韩国泡面","","zh","消费题材","三农","消费内容作者标签","[{""url"":""https://www.douyin.com/video/7674802300083487845"",""recordId"":""DC-199"",""originalText"":""韩国泡面"",""field"":""samples[198].tags[2]"",""sourceType"":""消费内容作者标签""}]"
"延边特产","","zh","消费题材","三农","消费内容作者标签","[{""url"":""https://www.douyin.com/video/7674802300083487845"",""recordId"":""DC-199"",""originalText"":""延边特产"",""field"":""samples[198].tags[3]"",""sourceType"":""消费内容作者标签""}]"
"甘肃美食","","zh","消费题材","三农","消费内容作者标签","[{""url"":""https://www.douyin.com/video/7668093773208980762"",""recordId"":""DC-200"",""originalText"":""甘肃美食"",""field"":""samples[199].tags[2]"",""sourceType"":""消费内容作者标签""}]"
"腊肉","","zh","消费题材","三农","消费内容作者标签","[{""url"":""https://www.douyin.com/video/7668093773208980762"",""recordId"":""DC-200"",""originalText"":""腊肉"",""field"":""samples[199].tags[3]"",""sourceType"":""消费内容作者标签""}]"
"山东","","zh","消费题材","三农","消费内容作者标签","[{""url"":""https://www.douyin.com/video/7683448898043645222"",""recordId"":""DC-201"",""originalText"":""山东"",""field"":""samples[200].tags[0]"",""sourceType"":""消费内容作者标签""}]"
"早酒","","zh","消费题材","三农","消费内容作者标签","[{""url"":""https://www.douyin.com/video/7683448898043645222"",""recordId"":""DC-201"",""originalText"":""早酒"",""field"":""samples[200].tags[1]"",""sourceType"":""消费内容作者标签""}]"
"牛杂","","zh","消费题材","三农","消费内容作者标签","[{""url"":""https://www.douyin.com/video/7683448898043645222"",""recordId"":""DC-201"",""originalText"":""牛杂"",""field"":""samples[200].tags[2]"",""sourceType"":""消费内容作者标签""}]"
"野生菌","","zh","消费题材","三农","消费内容作者标签","[{""url"":""https://www.douyin.com/video/7681330150369201442"",""recordId"":""DC-202"",""originalText"":""野生菌"",""field"":""samples[201].tags[0]"",""sourceType"":""消费内容作者标签""}]"
"乡村治理","","zh","消费题材","三农","消费内容作者标签","[{""url"":""https://www.douyin.com/video/7671133002511945012"",""recordId"":""DC-203"",""originalText"":""乡村治理"",""field"":""samples[202].tags[1]"",""sourceType"":""消费内容作者标签""}]"
"山螃蟹","","zh","消费题材","三农","消费内容作者标签","[{""url"":""https://www.douyin.com/video/7651807551016668454"",""recordId"":""DC-204"",""originalText"":""山螃蟹"",""field"":""samples[203].tags[0]"",""sourceType"":""消费内容作者标签""}]"
"螺蛳","","zh","消费题材","三农","消费内容作者标签","[{""url"":""https://www.douyin.com/video/7651807551016668454"",""recordId"":""DC-204"",""originalText"":""螺蛳"",""field"":""samples[203].tags[1]"",""sourceType"":""消费内容作者标签""}]"
"西洋菜","","zh","消费题材","三农","消费内容作者标签","[{""url"":""https://www.douyin.com/video/7651807551016668454"",""recordId"":""DC-204"",""originalText"":""西洋菜"",""field"":""samples[203].tags[2]"",""sourceType"":""消费内容作者标签""}]"
"斗破苍穹","","zh","消费题材","动物","消费内容作者标签","[{""url"":""https://www.douyin.com/video/7673787196373060900"",""recordId"":""DC-207"",""originalText"":""斗破苍穹"",""field"":""samples[206].tags[0]"",""sourceType"":""消费内容作者标签""}]"
"萧炎","","zh","消费题材","动物","消费内容作者标签","[{""url"":""https://www.douyin.com/video/7673787196373060900"",""recordId"":""DC-207"",""originalText"":""萧炎"",""field"":""samples[206].tags[1]"",""sourceType"":""消费内容作者标签""}]"
"赤甲红","","zh","消费题材","动物","消费内容作者标签","[{""url"":""https://www.douyin.com/video/7673787196373060900"",""recordId"":""DC-207"",""originalText"":""赤甲红"",""field"":""samples[206].tags[2]"",""sourceType"":""消费内容作者标签""}]"
"美杜莎","","zh","消费题材","动物","消费内容作者标签","[{""url"":""https://www.douyin.com/video/7673787196373060900"",""recordId"":""DC-207"",""originalText"":""美杜莎"",""field"":""samples[206].tags[3]"",""sourceType"":""消费内容作者标签""}]"
"萧薰儿","","zh","消费题材","动物","消费内容作者标签","[{""url"":""https://www.douyin.com/video/7673787196373060900"",""recordId"":""DC-207"",""originalText"":""萧薰儿"",""field"":""samples[206].tags[4]"",""sourceType"":""消费内容作者标签""}]"
"黑天鹅","","zh","消费题材","动物","消费内容作者标签","[{""url"":""https://www.douyin.com/video/7659392672168185190"",""recordId"":""DC-210"",""originalText"":""黑天鹅"",""field"":""samples[209].tags[1]"",""sourceType"":""消费内容作者标签""}]"
"神奇动物","","zh","消费题材","动物","消费内容作者标签","[{""url"":""https://www.douyin.com/video/7659392672168185190"",""recordId"":""DC-210"",""originalText"":""神奇动物"",""field"":""samples[209].tags[2]"",""sourceType"":""消费内容作者标签""}]"
"动物独白","","zh","消费题材","动物","消费内容作者标签","[{""url"":""https://www.douyin.com/video/7663245454498352436"",""recordId"":""DC-211"",""originalText"":""动物独白"",""field"":""samples[210].tags[2]"",""sourceType"":""消费内容作者标签""}]"
"鲸鱼","","zh","消费题材","动物","消费内容作者标签","[{""url"":""https://www.douyin.com/video/7663727615248715014"",""recordId"":""DC-212"",""originalText"":""鲸鱼"",""field"":""samples[211].tags[0]"",""sourceType"":""消费内容作者标签""}]"
"虎鲸","","zh","消费题材","动物","消费内容作者标签","[{""url"":""https://www.douyin.com/video/7663727615248715014"",""recordId"":""DC-212"",""originalText"":""虎鲸"",""field"":""samples[211].tags[1]"",""sourceType"":""消费内容作者标签""}]"
"海洋生物","","zh","消费题材","动物","消费内容作者标签","[{""url"":""https://www.douyin.com/video/7663727615248715014"",""recordId"":""DC-212"",""originalText"":""海洋生物"",""field"":""samples[211].tags[4]"",""sourceType"":""消费内容作者标签""}]"
"养宠日常","","zh","消费题材","动物","消费内容作者标签","[{""url"":""https://www.douyin.com/video/7682742329056486070"",""recordId"":""DC-213"",""originalText"":""养宠日常"",""field"":""samples[212].tags[0]"",""sourceType"":""消费内容作者标签""}]"
"野猪","","zh","消费题材","动物","消费内容作者标签","[{""url"":""https://www.douyin.com/video/7653011725043025061"",""recordId"":""DC-214"",""originalText"":""野猪"",""field"":""samples[213].tags[3]"",""sourceType"":""消费内容作者标签""}]"
"狩猎","","zh","消费题材","动物","消费内容作者标签","[{""url"":""https://www.douyin.com/video/7653011725043025061"",""recordId"":""DC-214"",""originalText"":""狩猎"",""field"":""samples[213].tags[4]"",""sourceType"":""消费内容作者标签""}]"
"美短猫","","zh","消费题材","动物","消费内容作者标签","[{""url"":""https://www.douyin.com/video/7671259073238093108"",""recordId"":""DC-217"",""originalText"":""美短猫"",""field"":""samples[216].tags[0]"",""sourceType"":""消费内容作者标签""}]"
"云吸猫","","zh","消费题材","动物","消费内容作者标签","[{""url"":""https://www.douyin.com/video/7671259073238093108"",""recordId"":""DC-217"",""originalText"":""云吸猫"",""field"":""samples[216].tags[1]"",""sourceType"":""消费内容作者标签""}]"
"洗猫注意事项","","zh","消费题材","动物","消费内容作者标签","[{""url"":""https://www.douyin.com/video/7671259073238093108"",""recordId"":""DC-217"",""originalText"":""洗猫注意事项"",""field"":""samples[216].tags[2]"",""sourceType"":""消费内容作者标签""}]"
"洗猫","","zh","消费题材","动物","消费内容作者标签","[{""url"":""https://www.douyin.com/video/7671259073238093108"",""recordId"":""DC-217"",""originalText"":""洗猫"",""field"":""samples[216].tags[3]"",""sourceType"":""消费内容作者标签""}]"
"猫洗澡","","zh","消费题材","动物","消费内容作者标签","[{""url"":""https://www.douyin.com/video/7671259073238093108"",""recordId"":""DC-217"",""originalText"":""猫洗澡"",""field"":""samples[216].tags[4]"",""sourceType"":""消费内容作者标签""}]"
"狼","","zh","消费题材","动物","消费内容作者标签","[{""url"":""https://www.douyin.com/video/7681244109188762922"",""recordId"":""DC-218"",""originalText"":""狼"",""field"":""samples[217].tags[0]"",""sourceType"":""消费内容作者标签""}]"
"犬类","","zh","消费题材","动物","消费内容作者标签","[{""url"":""https://www.douyin.com/video/7681244109188762922"",""recordId"":""DC-218"",""originalText"":""犬类"",""field"":""samples[217].tags[1]"",""sourceType"":""消费内容作者标签""}]"
"动物解说","","zh","消费题材","动物","消费内容作者标签","[{""url"":""https://www.douyin.com/video/7680864377672017509"",""recordId"":""DC-219"",""originalText"":""动物解说"",""field"":""samples[218].tags[1]"",""sourceType"":""消费内容作者标签""}]"
"大耳沙蜥","","zh","消费题材","动物","消费内容作者标签","[{""url"":""https://www.douyin.com/video/7680864377672017509"",""recordId"":""DC-219"",""originalText"":""大耳沙蜥"",""field"":""samples[218].tags[2]"",""sourceType"":""消费内容作者标签""}]"
"铲吻蜥蜴","","zh","消费题材","动物","消费内容作者标签","[{""url"":""https://www.douyin.com/video/7680864377672017509"",""recordId"":""DC-219"",""originalText"":""铲吻蜥蜴"",""field"":""samples[218].tags[3]"",""sourceType"":""消费内容作者标签""}]"
"关爱流浪猫","","zh","消费题材","动物","消费内容作者标签","[{""url"":""https://www.douyin.com/video/7661153833196937850"",""recordId"":""DC-221"",""originalText"":""关爱流浪猫"",""field"":""samples[220].tags[1]"",""sourceType"":""消费内容作者标签""}]"
"原生鱼","","zh","消费题材","动物","消费内容作者标签","[{""url"":""https://www.douyin.com/video/7675667029323566336"",""recordId"":""DC-222"",""originalText"":""原生鱼"",""field"":""samples[221].tags[0]"",""sourceType"":""消费内容作者标签""}]"
"泥鳅","","zh","消费题材","动物","消费内容作者标签","[{""url"":""https://www.douyin.com/video/7675667029323566336"",""recordId"":""DC-222"",""originalText"":""泥鳅"",""field"":""samples[221].tags[1]"",""sourceType"":""消费内容作者标签""}]"
"橘猫","","zh","消费题材","动物","消费内容作者标签","[{""url"":""https://www.douyin.com/video/7662686486500052913"",""recordId"":""DC-223"",""originalText"":""橘猫"",""field"":""samples[222].tags[0]"",""sourceType"":""消费内容作者标签""}]"
"猫咪日常","","zh","消费题材","动物","消费内容作者标签","[{""url"":""https://www.douyin.com/video/7662686486500052913"",""recordId"":""DC-223"",""originalText"":""猫咪日常"",""field"":""samples[222].tags[1]"",""sourceType"":""消费内容作者标签""}]"
"美洲豹","","zh","消费题材","动物","消费内容作者标签","[{""url"":""https://www.douyin.com/video/7658197554126966079"",""recordId"":""DC-224"",""originalText"":""美洲豹"",""field"":""samples[223].tags[1]"",""sourceType"":""消费内容作者标签""}]"
"野生动物","","zh","消费题材","动物","消费内容作者标签","[{""url"":""https://www.douyin.com/video/7658197554126966079"",""recordId"":""DC-224"",""originalText"":""野生动物"",""field"":""samples[223].tags[2]"",""sourceType"":""消费内容作者标签""}]"
"动物纪录片","","zh","消费题材","动物；纪录片","消费内容作者标签；指数页面联想词","[{""url"":""https://www.douyin.com/video/7658197554126966079"",""recordId"":""DC-224"",""originalText"":""动物纪录片"",""field"":""samples[223].tags[3]"",""sourceType"":""消费内容作者标签""},{""url"":""https://creator.douyin.com/creator-micro/creator-count/arithmetic-index/analysis?source=creator&keyword=%E7%BB%98%E6%9C%AC&appName=aweme"",""recordId"":""DS-9"",""originalText"":""动物纪录片"",""field"":""searches[8].terms[9]"",""sourceType"":""指数页面联想词""}]"
"玩具","","zh","消费题材","亲子","消费内容作者标签","[{""url"":""https://www.douyin.com/video/7661883032470672043"",""recordId"":""DC-225"",""originalText"":""玩具"",""field"":""samples[224].tags[0]"",""sourceType"":""消费内容作者标签""}]"
"儿童玩具","","zh","消费题材","亲子","消费内容作者标签","[{""url"":""https://www.douyin.com/video/7661883032470672043"",""recordId"":""DC-225"",""originalText"":""儿童玩具"",""field"":""samples[224].tags[4]"",""sourceType"":""消费内容作者标签""},{""url"":""https://www.douyin.com/video/7672954189099101538"",""recordId"":""DC-231"",""originalText"":""儿童玩具"",""field"":""samples[230].tags[4]"",""sourceType"":""消费内容作者标签""}]"
"如何培养宝宝睡整觉","","zh","消费题材","亲子","消费内容作者标签","[{""url"":""https://www.douyin.com/video/7660474654750019946"",""recordId"":""DC-226"",""originalText"":""如何培养宝宝睡整觉"",""field"":""samples[225].tags[0]"",""sourceType"":""消费内容作者标签""}]"
"排气操","","zh","消费题材","亲子","消费内容作者标签","[{""url"":""https://www.douyin.com/video/7660474654750019946"",""recordId"":""DC-226"",""originalText"":""排气操"",""field"":""samples[225].tags[1]"",""sourceType"":""消费内容作者标签""}]"
"吃辅食的宝宝","","zh","消费题材","亲子","消费内容作者标签","[{""url"":""https://www.douyin.com/video/7660474654750019946"",""recordId"":""DC-226"",""originalText"":""吃辅食的宝宝"",""field"":""samples[225].tags[2]"",""sourceType"":""消费内容作者标签""}]"
"带娃vlog","","mixed","消费题材","亲子","消费内容作者标签","[{""url"":""https://www.douyin.com/video/7660474654750019946"",""recordId"":""DC-226"",""originalText"":""带娃vlog"",""field"":""samples[225].tags[3]"",""sourceType"":""消费内容作者标签""}]"
"剪胎发","","zh","消费题材","亲子","消费内容作者标签","[{""url"":""https://www.douyin.com/video/7660474654750019946"",""recordId"":""DC-226"",""originalText"":""剪胎发"",""field"":""samples[225].tags[4]"",""sourceType"":""消费内容作者标签""}]"
"玩具推荐","","zh","消费题材","亲子","消费内容作者标签","[{""url"":""https://www.douyin.com/video/7673806472909137125"",""recordId"":""DC-227"",""originalText"":""玩具推荐"",""field"":""samples[226].tags[1]"",""sourceType"":""消费内容作者标签""}]"
"玩具开箱","","zh","消费题材","亲子","消费内容作者标签","[{""url"":""https://www.douyin.com/video/7673806472909137125"",""recordId"":""DC-227"",""originalText"":""玩具开箱"",""field"":""samples[226].tags[2]"",""sourceType"":""消费内容作者标签""}]"
"拼装玩具","","zh","消费题材","亲子","消费内容作者标签","[{""url"":""https://www.douyin.com/video/7673806472909137125"",""recordId"":""DC-227"",""originalText"":""拼装玩具"",""field"":""samples[226].tags[3]"",""sourceType"":""消费内容作者标签""}]"
"亲子互动","","zh","消费题材","亲子","消费内容作者标签","[{""url"":""https://www.douyin.com/video/7673806472909137125"",""recordId"":""DC-227"",""originalText"":""亲子互动"",""field"":""samples[226].tags[4]"",""sourceType"":""消费内容作者标签""},{""url"":""https://www.douyin.com/video/7652740238620292507"",""recordId"":""DC-233"",""originalText"":""亲子互动"",""field"":""samples[232].tags[0]"",""sourceType"":""消费内容作者标签""}]"
"rc遥控车","","mixed","消费题材","亲子","消费内容作者标签","[{""url"":""https://www.douyin.com/video/7680936387100691755"",""recordId"":""DC-228"",""originalText"":""rc遥控车"",""field"":""samples[227].tags[3]"",""sourceType"":""消费内容作者标签""}]"
"rc模型","","mixed","消费题材","亲子","消费内容作者标签","[{""url"":""https://www.douyin.com/video/7680936387100691755"",""recordId"":""DC-228"",""originalText"":""rc模型"",""field"":""samples[227].tags[4]"",""sourceType"":""消费内容作者标签""}]"
"亲子手工","","zh","消费题材","亲子","消费内容作者标签","[{""url"":""https://www.douyin.com/video/7665582813676047668"",""recordId"":""DC-229"",""originalText"":""亲子手工"",""field"":""samples[228].tags[0]"",""sourceType"":""消费内容作者标签""},{""url"":""https://www.douyin.com/video/7665582813676047668"",""recordId"":""DC-229"",""originalText"":""亲子手工"",""field"":""details[9].tags[0]"",""sourceType"":""消费内容作者标签""}]"
"亲子玩具","","zh","消费题材","亲子","消费内容作者标签","[{""url"":""https://www.douyin.com/video/7665582813676047668"",""recordId"":""DC-229"",""originalText"":""亲子玩具"",""field"":""samples[228].tags[1]"",""sourceType"":""消费内容作者标签""},{""url"":""https://www.douyin.com/video/7665582813676047668"",""recordId"":""DC-229"",""originalText"":""亲子玩具"",""field"":""details[9].tags[1]"",""sourceType"":""消费内容作者标签""}]"
"逆战","","zh","消费题材","亲子","消费内容作者标签","[{""url"":""https://www.douyin.com/video/7683744319107960104"",""recordId"":""DC-230"",""originalText"":""逆战"",""field"":""samples[229].tags[2]"",""sourceType"":""消费内容作者标签""}]"
"手工diy","","mixed","创作任务","亲子","消费内容作者标签","[{""url"":""https://www.douyin.com/video/7672954189099101538"",""recordId"":""DC-231"",""originalText"":""手工diy"",""field"":""samples[230].tags[0]"",""sourceType"":""消费内容作者标签""}]"
"乐高","","zh","消费题材","亲子","消费内容作者标签","[{""url"":""https://www.douyin.com/video/7652544679447153947"",""recordId"":""DC-232"",""originalText"":""乐高"",""field"":""samples[231].tags[0]"",""sourceType"":""消费内容作者标签""}]"
"街机游戏","","zh","消费题材","亲子；游戏","消费内容作者标签","[{""url"":""https://www.douyin.com/video/7652544679447153947"",""recordId"":""DC-232"",""originalText"":""街机游戏"",""field"":""samples[231].tags[3]"",""sourceType"":""消费内容作者标签""},{""url"":""https://www.douyin.com/video/7678248062896196873"",""recordId"":""DC-313"",""originalText"":""街机游戏"",""field"":""samples[312].tags[1]"",""sourceType"":""消费内容作者标签""}]"
"手工","","zh","创作任务","亲子","消费内容作者标签","[{""url"":""https://www.douyin.com/video/7652740238620292507"",""recordId"":""DC-233"",""originalText"":""手工"",""field"":""samples[232].tags[1]"",""sourceType"":""消费内容作者标签""}]"
"护眼灯","","zh","消费题材","亲子","消费内容作者标签","[{""url"":""https://www.douyin.com/video/7652740238620292507"",""recordId"":""DC-233"",""originalText"":""护眼灯"",""field"":""samples[232].tags[4]"",""sourceType"":""消费内容作者标签""}]"
"亲子教育","","zh","消费题材","亲子","消费内容作者标签","[{""url"":""https://www.douyin.com/video/7660442956754734386"",""recordId"":""DC-234"",""originalText"":""亲子教育"",""field"":""samples[233].tags[0]"",""sourceType"":""消费内容作者标签""}]"
"孩子暑假怎么过","","zh","消费题材","亲子","消费内容作者标签","[{""url"":""https://www.douyin.com/video/7660442956754734386"",""recordId"":""DC-234"",""originalText"":""孩子暑假怎么过"",""field"":""samples[233].tags[3]"",""sourceType"":""消费内容作者标签""}]"
"小学教育","","zh","消费题材","亲子","消费内容作者标签","[{""url"":""https://www.douyin.com/video/7660442956754734386"",""recordId"":""DC-234"",""originalText"":""小学教育"",""field"":""samples[233].tags[4]"",""sourceType"":""消费内容作者标签""}]"
"变形蛋","","zh","消费题材","亲子","消费内容作者标签","[{""url"":""https://www.douyin.com/video/7658123168086871296"",""recordId"":""DC-237"",""originalText"":""变形蛋"",""field"":""samples[236].tags[1]"",""sourceType"":""消费内容作者标签""}]"
"玩具总动员","","zh","消费题材","亲子","消费内容作者标签","[{""url"":""https://www.douyin.com/video/7658123168086871296"",""recordId"":""DC-237"",""originalText"":""玩具总动员"",""field"":""samples[236].tags[2]"",""sourceType"":""消费内容作者标签""}]"
"巴斯光年","","zh","消费题材","亲子","消费内容作者标签","[{""url"":""https://www.douyin.com/video/7658123168086871296"",""recordId"":""DC-237"",""originalText"":""巴斯光年"",""field"":""samples[236].tags[3]"",""sourceType"":""消费内容作者标签""}]"
"三眼仔","","zh","消费题材","亲子","消费内容作者标签","[{""url"":""https://www.douyin.com/video/7658123168086871296"",""recordId"":""DC-237"",""originalText"":""三眼仔"",""field"":""samples[236].tags[4]"",""sourceType"":""消费内容作者标签""}]"
"小朋友的存款","","zh","消费题材","亲子","消费内容作者标签","[{""url"":""https://www.douyin.com/video/7683449603441694693"",""recordId"":""DC-238"",""originalText"":""小朋友的存款"",""field"":""samples[237].tags[1]"",""sourceType"":""消费内容作者标签""}]"
"洛杉矶","","zh","消费题材","亲子","消费内容作者标签","[{""url"":""https://www.douyin.com/video/7665326209354102762"",""recordId"":""DC-239"",""originalText"":""洛杉矶"",""field"":""samples[238].tags[2]"",""sourceType"":""消费内容作者标签""}]"
"暑假生活","","zh","消费题材","亲子","消费内容作者标签","[{""url"":""https://www.douyin.com/video/7665326209354102762"",""recordId"":""DC-239"",""originalText"":""暑假生活"",""field"":""samples[238].tags[3]"",""sourceType"":""消费内容作者标签""}]"
"童年","","zh","消费题材","亲子","消费内容作者标签","[{""url"":""https://www.douyin.com/video/7670187043346976000"",""recordId"":""DC-240"",""originalText"":""童年"",""field"":""samples[239].tags[3]"",""sourceType"":""消费内容作者标签""}]"
"小学生","","zh","消费题材","亲子","消费内容作者标签","[{""url"":""https://www.douyin.com/video/7683828806642125135"",""recordId"":""DC-242"",""originalText"":""小学生"",""field"":""samples[241].tags[0]"",""sourceType"":""消费内容作者标签""}]"
"儿童美食","","zh","消费题材","亲子","消费内容作者标签","[{""url"":""https://www.douyin.com/video/7657525893891722822"",""recordId"":""DC-243"",""originalText"":""儿童美食"",""field"":""samples[242].tags[1]"",""sourceType"":""消费内容作者标签""}]"
"蒸饺的花样包法","","zh","消费题材","亲子","消费内容作者标签","[{""url"":""https://www.douyin.com/video/7657525893891722822"",""recordId"":""DC-243"",""originalText"":""蒸饺的花样包法"",""field"":""samples[242].tags[2]"",""sourceType"":""消费内容作者标签""}]"
"宝宝和狗","","zh","消费题材","亲子","消费内容作者标签","[{""url"":""https://www.douyin.com/video/7676443245014793679"",""recordId"":""DC-244"",""originalText"":""宝宝和狗"",""field"":""samples[243].tags[0]"",""sourceType"":""消费内容作者标签""}]"
"带娃日常","","zh","消费题材","亲子","消费内容作者标签","[{""url"":""https://www.douyin.com/video/7676443245014793679"",""recordId"":""DC-244"",""originalText"":""带娃日常"",""field"":""samples[243].tags[1]"",""sourceType"":""消费内容作者标签""}]"
"比熊","","zh","消费题材","亲子","消费内容作者标签","[{""url"":""https://www.douyin.com/video/7676443245014793679"",""recordId"":""DC-244"",""originalText"":""比熊"",""field"":""samples[243].tags[3]"",""sourceType"":""消费内容作者标签""}]"
"人类幼崽","","zh","消费题材","亲子","消费内容作者标签","[{""url"":""https://www.douyin.com/video/7676443245014793679"",""recordId"":""DC-244"",""originalText"":""人类幼崽"",""field"":""samples[243].tags[4]"",""sourceType"":""消费内容作者标签""}]"
"越南","","zh","消费题材","美妆穿搭","消费内容作者标签","[{""url"":""https://www.douyin.com/video/7666041457141017014"",""recordId"":""DC-245"",""originalText"":""越南"",""field"":""samples[244].tags[0]"",""sourceType"":""消费内容作者标签""},{""url"":""https://www.douyin.com/video/7683103346832996836"",""recordId"":""DC-251"",""originalText"":""越南"",""field"":""samples[250].tags[0]"",""sourceType"":""消费内容作者标签""}]"
"帝王洗头","","zh","消费题材","美妆穿搭","消费内容作者标签","[{""url"":""https://www.douyin.com/video/7666041457141017014"",""recordId"":""DC-245"",""originalText"":""帝王洗头"",""field"":""samples[244].tags[1]"",""sourceType"":""消费内容作者标签""},{""url"":""https://www.douyin.com/video/7683103346832996836"",""recordId"":""DC-251"",""originalText"":""帝王洗头"",""field"":""samples[250].tags[1]"",""sourceType"":""消费内容作者标签""}]"
"中国国际时装周","","zh","消费题材","美妆穿搭","消费内容作者标签","[{""url"":""https://www.douyin.com/video/7667843824336660864"",""recordId"":""DC-246"",""originalText"":""中国国际时装周"",""field"":""samples[245].tags[1]"",""sourceType"":""消费内容作者标签""}]"
"东方美学","","zh","消费题材","美妆穿搭","消费内容作者标签","[{""url"":""https://www.douyin.com/video/7667843824336660864"",""recordId"":""DC-246"",""originalText"":""东方美学"",""field"":""samples[245].tags[2]"",""sourceType"":""消费内容作者标签""}]"
"中国原创服饰","","zh","消费题材","美妆穿搭","消费内容作者标签","[{""url"":""https://www.douyin.com/video/7679420547230403890"",""recordId"":""DC-247"",""originalText"":""中国原创服饰"",""field"":""samples[246].tags[1]"",""sourceType"":""消费内容作者标签""}]"
"品牌营销","","zh","运营热词","美妆穿搭","消费内容作者标签","[{""url"":""https://www.douyin.com/video/7679420547230403890"",""recordId"":""DC-247"",""originalText"":""品牌营销"",""field"":""samples[246].tags[3]"",""sourceType"":""消费内容作者标签""}]"
"形象管理","","zh","创作任务","美妆穿搭","消费内容作者标签","[{""url"":""https://www.douyin.com/video/7679786735651392777"",""recordId"":""DC-248"",""originalText"":""形象管理"",""field"":""samples[247].tags[0]"",""sourceType"":""消费内容作者标签""}]"
"审美提升","","zh","创作任务","美妆穿搭","消费内容作者标签","[{""url"":""https://www.douyin.com/video/7679786735651392777"",""recordId"":""DC-248"",""originalText"":""审美提升"",""field"":""samples[247].tags[3]"",""sourceType"":""消费内容作者标签""}]"
"方圆脸","","zh","消费题材","美妆穿搭","消费内容作者标签","[{""url"":""https://www.douyin.com/video/7655272885175179195"",""recordId"":""DC-249"",""originalText"":""方圆脸"",""field"":""samples[248].tags[0]"",""sourceType"":""消费内容作者标签""}]"
"方圆脸变美思路","","zh","消费题材","美妆穿搭","消费内容作者标签","[{""url"":""https://www.douyin.com/video/7655272885175179195"",""recordId"":""DC-249"",""originalText"":""方圆脸变美思路"",""field"":""samples[248].tags[1]"",""sourceType"":""消费内容作者标签""}]"
"方圆脸变美","","zh","消费题材","美妆穿搭","消费内容作者标签","[{""url"":""https://www.douyin.com/video/7655272885175179195"",""recordId"":""DC-249"",""originalText"":""方圆脸变美"",""field"":""samples[248].tags[2]"",""sourceType"":""消费内容作者标签""}]"
"adidas","","en","消费题材","美妆穿搭","消费内容作者标签","[{""url"":""https://www.douyin.com/video/7673548495491566863"",""recordId"":""DC-250"",""originalText"":""adidas"",""field"":""samples[249].tags[0]"",""sourceType"":""消费内容作者标签""}]"
"阿迪达斯","","zh","消费题材","美妆穿搭","消费内容作者标签","[{""url"":""https://www.douyin.com/video/7673548495491566863"",""recordId"":""DC-250"",""originalText"":""阿迪达斯"",""field"":""samples[249].tags[1]"",""sourceType"":""消费内容作者标签""},{""url"":""https://www.douyin.com/video/7662319079461752250"",""recordId"":""DC-259"",""originalText"":""阿迪达斯"",""field"":""samples[258].tags[0]"",""sourceType"":""消费内容作者标签""}]"
"世界杯","","zh","消费题材","美妆穿搭","消费内容作者标签","[{""url"":""https://www.douyin.com/video/7673548495491566863"",""recordId"":""DC-250"",""originalText"":""世界杯"",""field"":""samples[249].tags[4]"",""sourceType"":""消费内容作者标签""}]"
"cleanfit","简洁利落的穿搭风格","en","消费题材","美妆穿搭","消费内容作者标签","[{""url"":""https://www.douyin.com/video/7654108051036704040"",""recordId"":""DC-252"",""originalText"":""cleanfit"",""field"":""samples[251].tags[1]"",""sourceType"":""消费内容作者标签""}]"
"男生穿搭","","zh","消费题材","美妆穿搭","消费内容作者标签","[{""url"":""https://www.douyin.com/video/7654108051036704040"",""recordId"":""DC-252"",""originalText"":""男生穿搭"",""field"":""samples[251].tags[2]"",""sourceType"":""消费内容作者标签""}]"
"风格解析","","zh","创作任务","美妆穿搭","消费内容作者标签","[{""url"":""https://www.douyin.com/video/7654108051036704040"",""recordId"":""DC-252"",""originalText"":""风格解析"",""field"":""samples[251].tags[3]"",""sourceType"":""消费内容作者标签""}]"
"如何选表","","zh","消费题材","美妆穿搭","消费内容作者标签","[{""url"":""https://www.douyin.com/video/7680826245919116587"",""recordId"":""DC-253"",""originalText"":""如何选表"",""field"":""samples[252].tags[0]"",""sourceType"":""消费内容作者标签""}]"
"劳力士","","zh","消费题材","美妆穿搭","消费内容作者标签","[{""url"":""https://www.douyin.com/video/7680826245919116587"",""recordId"":""DC-253"",""originalText"":""劳力士"",""field"":""samples[252].tags[2]"",""sourceType"":""消费内容作者标签""}]"
"浪琴","","zh","消费题材","美妆穿搭","消费内容作者标签","[{""url"":""https://www.douyin.com/video/7680826245919116587"",""recordId"":""DC-253"",""originalText"":""浪琴"",""field"":""samples[252].tags[3]"",""sourceType"":""消费内容作者标签""}]"
"百达翡丽","","zh","消费题材","美妆穿搭","消费内容作者标签","[{""url"":""https://www.douyin.com/video/7680826245919116587"",""recordId"":""DC-253"",""originalText"":""百达翡丽"",""field"":""samples[252].tags[4]"",""sourceType"":""消费内容作者标签""}]"
"伪素颜妆","","zh","创作任务","美妆穿搭","消费内容作者标签","[{""url"":""https://www.douyin.com/video/7655219869889236250"",""recordId"":""DC-254"",""originalText"":""伪素颜妆"",""field"":""samples[253].tags[2]"",""sourceType"":""消费内容作者标签""}]"
"夹板造型","","zh","创作任务","美妆穿搭","消费内容作者标签","[{""url"":""https://www.douyin.com/video/7655219869889236250"",""recordId"":""DC-254"",""originalText"":""夹板造型"",""field"":""samples[253].tags[4]"",""sourceType"":""消费内容作者标签""}]"
"微胖女生","","zh","消费题材","美妆穿搭","消费内容作者标签","[{""url"":""https://www.douyin.com/video/7659374254936333029"",""recordId"":""DC-255"",""originalText"":""微胖女生"",""field"":""samples[254].tags[0]"",""sourceType"":""消费内容作者标签""}]"
"女装测评","","zh","消费题材","美妆穿搭","消费内容作者标签","[{""url"":""https://www.douyin.com/video/7659374254936333029"",""recordId"":""DC-255"",""originalText"":""女装测评"",""field"":""samples[254].tags[1]"",""sourceType"":""消费内容作者标签""}]"
"显瘦女装","","zh","消费题材","美妆穿搭","消费内容作者标签","[{""url"":""https://www.douyin.com/video/7659374254936333029"",""recordId"":""DC-255"",""originalText"":""显瘦女装"",""field"":""samples[254].tags[2]"",""sourceType"":""消费内容作者标签""}]"
"舒适内衣","","zh","消费题材","美妆穿搭","消费内容作者标签","[{""url"":""https://www.douyin.com/video/7677586898190102958"",""recordId"":""DC-256"",""originalText"":""舒适内衣"",""field"":""samples[255].tags[0]"",""sourceType"":""消费内容作者标签""}]"
"内衣分享","","zh","消费题材","美妆穿搭","消费内容作者标签","[{""url"":""https://www.douyin.com/video/7677586898190102958"",""recordId"":""DC-256"",""originalText"":""内衣分享"",""field"":""samples[255].tags[1]"",""sourceType"":""消费内容作者标签""}]"
"潮流穿搭","","zh","消费题材","美妆穿搭","消费内容作者标签","[{""url"":""https://www.douyin.com/video/7654557240607366474"",""recordId"":""DC-257"",""originalText"":""潮流穿搭"",""field"":""samples[256].tags[0]"",""sourceType"":""消费内容作者标签""}]"
"鞋子","","zh","消费题材","美妆穿搭","消费内容作者标签","[{""url"":""https://www.douyin.com/video/7654557240607366474"",""recordId"":""DC-257"",""originalText"":""鞋子"",""field"":""samples[256].tags[1]"",""sourceType"":""消费内容作者标签""}]"
"时尚穿搭","","zh","消费题材","美妆穿搭","消费内容作者标签","[{""url"":""https://www.douyin.com/video/7683740388837821711"",""recordId"":""DC-258"",""originalText"":""时尚穿搭"",""field"":""samples[257].tags[1]"",""sourceType"":""消费内容作者标签""}]"
"郑钦文","","zh","消费题材","美妆穿搭","消费内容作者标签","[{""url"":""https://www.douyin.com/video/7683740388837821711"",""recordId"":""DC-258"",""originalText"":""郑钦文"",""field"":""samples[257].tags[3]"",""sourceType"":""消费内容作者标签""}]"
"韩系穿搭","","zh","消费题材","美妆穿搭","消费内容作者标签","[{""url"":""https://www.douyin.com/video/7662319079461752250"",""recordId"":""DC-259"",""originalText"":""韩系穿搭"",""field"":""samples[258].tags[1]"",""sourceType"":""消费内容作者标签""}]"
"韩娱","","zh","消费题材","美妆穿搭","消费内容作者标签","[{""url"":""https://www.douyin.com/video/7662319079461752250"",""recordId"":""DC-259"",""originalText"":""韩娱"",""field"":""samples[258].tags[2]"",""sourceType"":""消费内容作者标签""}]"
"运动时尚","","zh","消费题材","美妆穿搭","消费内容作者标签","[{""url"":""https://www.douyin.com/video/7662319079461752250"",""recordId"":""DC-259"",""originalText"":""运动时尚"",""field"":""samples[258].tags[3]"",""sourceType"":""消费内容作者标签""}]"
"显瘦穿搭","","zh","消费题材","美妆穿搭","消费内容作者标签","[{""url"":""https://www.douyin.com/video/7662319079461752250"",""recordId"":""DC-259"",""originalText"":""显瘦穿搭"",""field"":""samples[258].tags[4]"",""sourceType"":""消费内容作者标签""}]"
"打球穿什么","","zh","消费题材","美妆穿搭","消费内容作者标签","[{""url"":""https://www.douyin.com/video/7682350714136350449"",""recordId"":""DC-260"",""originalText"":""打球穿什么"",""field"":""samples[259].tags[0]"",""sourceType"":""消费内容作者标签""}]"
"耳饰","","zh","消费题材","美妆穿搭","消费内容作者标签","[{""url"":""https://www.douyin.com/video/7657581159299157290"",""recordId"":""DC-261"",""originalText"":""耳饰"",""field"":""samples[260].tags[0]"",""sourceType"":""消费内容作者标签""}]"
"耳饰分享","","zh","消费题材","美妆穿搭","消费内容作者标签","[{""url"":""https://www.douyin.com/video/7657581159299157290"",""recordId"":""DC-261"",""originalText"":""耳饰分享"",""field"":""samples[260].tags[1]"",""sourceType"":""消费内容作者标签""}]"
"显脸小耳饰","","zh","消费题材","美妆穿搭","消费内容作者标签","[{""url"":""https://www.douyin.com/video/7657581159299157290"",""recordId"":""DC-261"",""originalText"":""显脸小耳饰"",""field"":""samples[260].tags[2]"",""sourceType"":""消费内容作者标签""}]"
"小众耳饰","","zh","消费题材","美妆穿搭","消费内容作者标签","[{""url"":""https://www.douyin.com/video/7657581159299157290"",""recordId"":""DC-261"",""originalText"":""小众耳饰"",""field"":""samples[260].tags[3]"",""sourceType"":""消费内容作者标签""}]"
"球鞋测评","","zh","消费题材","美妆穿搭","消费内容作者标签","[{""url"":""https://www.douyin.com/video/7678943213339594011"",""recordId"":""DC-262"",""originalText"":""球鞋测评"",""field"":""samples[261].tags[0]"",""sourceType"":""消费内容作者标签""}]"
"kobe4","","en","消费题材","美妆穿搭","消费内容作者标签","[{""url"":""https://www.douyin.com/video/7678943213339594011"",""recordId"":""DC-262"",""originalText"":""kobe4"",""field"":""samples[261].tags[3]"",""sourceType"":""消费内容作者标签""}]"
"gelburst29","","en","消费题材","美妆穿搭","消费内容作者标签","[{""url"":""https://www.douyin.com/video/7678943213339594011"",""recordId"":""DC-262"",""originalText"":""gelburst29"",""field"":""samples[261].tags[4]"",""sourceType"":""消费内容作者标签""}]"
"科比","","zh","消费题材","美妆穿搭；体育","消费内容作者标签","[{""url"":""https://www.douyin.com/video/7682716699984006410"",""recordId"":""DC-263"",""originalText"":""科比"",""field"":""samples[262].tags[2]"",""sourceType"":""消费内容作者标签""},{""url"":""https://www.douyin.com/video/7680365145947688207"",""recordId"":""DC-332"",""originalText"":""科比"",""field"":""samples[331].tags[0]"",""sourceType"":""消费内容作者标签""},{""url"":""https://www.douyin.com/video/7682361829867179304"",""recordId"":""DC-339"",""originalText"":""科比"",""field"":""samples[338].tags[2]"",""sourceType"":""消费内容作者标签""}]"
"户外","","zh","消费题材","美妆穿搭","消费内容作者标签","[{""url"":""https://www.douyin.com/video/7676353737157365055"",""recordId"":""DC-264"",""originalText"":""户外"",""field"":""samples[263].tags[1]"",""sourceType"":""消费内容作者标签""}]"
"始祖鸟","","zh","消费题材","美妆穿搭","消费内容作者标签","[{""url"":""https://www.douyin.com/video/7676353737157365055"",""recordId"":""DC-264"",""originalText"":""始祖鸟"",""field"":""samples[263].tags[4]"",""sourceType"":""消费内容作者标签""}]"
"做饭","","zh","消费题材","美食","消费内容作者标签","[{""url"":""https://www.douyin.com/video/7654892907295526154"",""recordId"":""DC-265"",""originalText"":""做饭"",""field"":""samples[264].tags[0]"",""sourceType"":""消费内容作者标签""}]"
"炒菜","","zh","消费题材","美食","消费内容作者标签","[{""url"":""https://www.douyin.com/video/7654892907295526154"",""recordId"":""DC-265"",""originalText"":""炒菜"",""field"":""samples[264].tags[1]"",""sourceType"":""消费内容作者标签""}]"
"调料","","zh","消费题材","美食","消费内容作者标签","[{""url"":""https://www.douyin.com/video/7654892907295526154"",""recordId"":""DC-265"",""originalText"":""调料"",""field"":""samples[264].tags[2]"",""sourceType"":""消费内容作者标签""}]"
"家常菜","","zh","消费题材","美食","消费内容作者标签","[{""url"":""https://www.douyin.com/video/7654892907295526154"",""recordId"":""DC-265"",""originalText"":""家常菜"",""field"":""samples[264].tags[4]"",""sourceType"":""消费内容作者标签""},{""url"":""https://www.douyin.com/video/7664116660126764297"",""recordId"":""DC-272"",""originalText"":""家常菜"",""field"":""samples[271].tags[3]"",""sourceType"":""消费内容作者标签""}]"
"烤羊肉串","","zh","消费题材","美食","消费内容作者标签","[{""url"":""https://www.douyin.com/video/7654977505878740278"",""recordId"":""DC-267"",""originalText"":""烤羊肉串"",""field"":""samples[266].tags[0]"",""sourceType"":""消费内容作者标签""}]"
"兰州美食","","zh","消费题材","美食","消费内容作者标签","[{""url"":""https://www.douyin.com/video/7654977505878740278"",""recordId"":""DC-267"",""originalText"":""兰州美食"",""field"":""samples[266].tags[1]"",""sourceType"":""消费内容作者标签""}]"
"陕西美食","","zh","消费题材","美食","消费内容作者标签","[{""url"":""https://www.douyin.com/video/7677753069438430611"",""recordId"":""DC-269"",""originalText"":""陕西美食"",""field"":""samples[268].tags[0]"",""sourceType"":""消费内容作者标签""}]"
"乾县美食","","zh","消费题材","美食","消费内容作者标签","[{""url"":""https://www.douyin.com/video/7677753069438430611"",""recordId"":""DC-269"",""originalText"":""乾县美食"",""field"":""samples[268].tags[1]"",""sourceType"":""消费内容作者标签""}]"
"乾县豆腐脑","","zh","消费题材","美食","消费内容作者标签","[{""url"":""https://www.douyin.com/video/7677753069438430611"",""recordId"":""DC-269"",""originalText"":""乾县豆腐脑"",""field"":""samples[268].tags[2]"",""sourceType"":""消费内容作者标签""}]"
"乾县羊肉泡馍","","zh","消费题材","美食","消费内容作者标签","[{""url"":""https://www.douyin.com/video/7677753069438430611"",""recordId"":""DC-269"",""originalText"":""乾县羊肉泡馍"",""field"":""samples[268].tags[3]"",""sourceType"":""消费内容作者标签""}]"
"铁锅炖鱼","","zh","消费题材","美食","消费内容作者标签","[{""url"":""https://www.douyin.com/video/7659007445129315750"",""recordId"":""DC-270"",""originalText"":""铁锅炖鱼"",""field"":""samples[269].tags[0]"",""sourceType"":""消费内容作者标签""}]"
"东北美食","","zh","消费题材","美食","消费内容作者标签","[{""url"":""https://www.douyin.com/video/7659007445129315750"",""recordId"":""DC-270"",""originalText"":""东北美食"",""field"":""samples[269].tags[1]"",""sourceType"":""消费内容作者标签""}]"
"三道鳞","","zh","消费题材","美食","消费内容作者标签","[{""url"":""https://www.douyin.com/video/7659007445129315750"",""recordId"":""DC-270"",""originalText"":""三道鳞"",""field"":""samples[269].tags[2]"",""sourceType"":""消费内容作者标签""}]"
"丹东美食","","zh","消费题材","美食","消费内容作者标签","[{""url"":""https://www.douyin.com/video/7659007445129315750"",""recordId"":""DC-270"",""originalText"":""丹东美食"",""field"":""samples[269].tags[3]"",""sourceType"":""消费内容作者标签""}]"
"三道鳞镜鲤","","zh","消费题材","美食","消费内容作者标签","[{""url"":""https://www.douyin.com/video/7659007445129315750"",""recordId"":""DC-270"",""originalText"":""三道鳞镜鲤"",""field"":""samples[269].tags[4]"",""sourceType"":""消费内容作者标签""}]"
"西安美食","","zh","消费题材","美食","消费内容作者标签","[{""url"":""https://www.douyin.com/video/7667898075892976939"",""recordId"":""DC-271"",""originalText"":""西安美食"",""field"":""samples[270].tags[2]"",""sourceType"":""消费内容作者标签""}]"
"美食教程","","zh","创作任务","美食","消费内容作者标签","[{""url"":""https://www.douyin.com/video/7664116660126764297"",""recordId"":""DC-272"",""originalText"":""美食教程"",""field"":""samples[271].tags[0]"",""sourceType"":""消费内容作者标签""},{""url"":""https://www.douyin.com/video/7681601665551568171"",""recordId"":""DC-278"",""originalText"":""美食教程"",""field"":""samples[277].tags[3]"",""sourceType"":""消费内容作者标签""}]"
"排骨","","zh","消费题材","美食","消费内容作者标签","[{""url"":""https://www.douyin.com/video/7664116660126764297"",""recordId"":""DC-272"",""originalText"":""排骨"",""field"":""samples[271].tags[2]"",""sourceType"":""消费内容作者标签""}]"
"下饭菜","","zh","消费题材","美食","消费内容作者标签","[{""url"":""https://www.douyin.com/video/7664116660126764297"",""recordId"":""DC-272"",""originalText"":""下饭菜"",""field"":""samples[271].tags[4]"",""sourceType"":""消费内容作者标签""}]"
"车险","","zh","消费题材","美食","消费内容作者标签","[{""url"":""https://www.douyin.com/video/7684099105852837130"",""recordId"":""DC-273"",""originalText"":""车险"",""field"":""samples[272].tags[0]"",""sourceType"":""消费内容作者标签""}]"
"零食测评","","zh","消费题材","美食","消费内容作者标签","[{""url"":""https://www.douyin.com/video/7684099105852837130"",""recordId"":""DC-273"",""originalText"":""零食测评"",""field"":""samples[272].tags[3]"",""sourceType"":""消费内容作者标签""}]"
"厨房知识","","zh","消费题材","美食","消费内容作者标签","[{""url"":""https://www.douyin.com/video/7678755112533216512"",""recordId"":""DC-274"",""originalText"":""厨房知识"",""field"":""samples[273].tags[1]"",""sourceType"":""消费内容作者标签""}]"
"做饭小技巧","","zh","创作任务","美食","消费内容作者标签","[{""url"":""https://www.douyin.com/video/7678755112533216512"",""recordId"":""DC-274"",""originalText"":""做饭小技巧"",""field"":""samples[273].tags[2]"",""sourceType"":""消费内容作者标签""}]"
"去腥","","zh","创作任务","美食","消费内容作者标签","[{""url"":""https://www.douyin.com/video/7678755112533216512"",""recordId"":""DC-274"",""originalText"":""去腥"",""field"":""samples[273].tags[3]"",""sourceType"":""消费内容作者标签""}]"
"白酒科普","","zh","消费题材","美食","消费内容作者标签","[{""url"":""https://www.douyin.com/video/7664033268857195786"",""recordId"":""DC-275"",""originalText"":""白酒科普"",""field"":""samples[274].tags[0]"",""sourceType"":""消费内容作者标签""}]"
"酱香酒","","zh","消费题材","美食","消费内容作者标签","[{""url"":""https://www.douyin.com/video/7664033268857195786"",""recordId"":""DC-275"",""originalText"":""酱香酒"",""field"":""samples[274].tags[1]"",""sourceType"":""消费内容作者标签""}]"
"五粮液","","zh","消费题材","美食","消费内容作者标签","[{""url"":""https://www.douyin.com/video/7664033268857195786"",""recordId"":""DC-275"",""originalText"":""五粮液"",""field"":""samples[274].tags[3]"",""sourceType"":""消费内容作者标签""}]"
"汾酒","","zh","消费题材","美食","消费内容作者标签","[{""url"":""https://www.douyin.com/video/7664033268857195786"",""recordId"":""DC-275"",""originalText"":""汾酒"",""field"":""samples[274].tags[4]"",""sourceType"":""消费内容作者标签""}]"
"烤牛肠","","zh","消费题材","美食","消费内容作者标签","[{""url"":""https://www.douyin.com/video/7683089765410901311"",""recordId"":""DC-276"",""originalText"":""烤牛肠"",""field"":""samples[275].tags[0]"",""sourceType"":""消费内容作者标签""}]"
"油爆双脆","","zh","消费题材","美食","消费内容作者标签","[{""url"":""https://www.douyin.com/video/7681601665551568171"",""recordId"":""DC-278"",""originalText"":""油爆双脆"",""field"":""samples[277].tags[0]"",""sourceType"":""消费内容作者标签""}]"
"鲁菜","","zh","消费题材","美食","消费内容作者标签","[{""url"":""https://www.douyin.com/video/7681601665551568171"",""recordId"":""DC-278"",""originalText"":""鲁菜"",""field"":""samples[277].tags[1]"",""sourceType"":""消费内容作者标签""}]"
"隆江猪脚饭","","zh","消费题材","美食","消费内容作者标签","[{""url"":""https://www.douyin.com/video/7654537085486992655"",""recordId"":""DC-279"",""originalText"":""隆江猪脚饭"",""field"":""samples[278].tags[0]"",""sourceType"":""消费内容作者标签""}]"
"猪脚饭","","zh","消费题材","美食","消费内容作者标签","[{""url"":""https://www.douyin.com/video/7654537085486992655"",""recordId"":""DC-279"",""originalText"":""猪脚饭"",""field"":""samples[278].tags[1]"",""sourceType"":""消费内容作者标签""}]"
"美食vlog","","mixed","消费题材","美食","消费内容作者标签","[{""url"":""https://www.douyin.com/video/7654537085486992655"",""recordId"":""DC-279"",""originalText"":""美食vlog"",""field"":""samples[278].tags[3]"",""sourceType"":""消费内容作者标签""}]"
"面食","","zh","消费题材","美食","消费内容作者标签","[{""url"":""https://www.douyin.com/video/7675305559498837275"",""recordId"":""DC-282"",""originalText"":""面食"",""field"":""samples[281].tags[1]"",""sourceType"":""消费内容作者标签""}]"
"臊子面","","zh","消费题材","美食","消费内容作者标签","[{""url"":""https://www.douyin.com/video/7675305559498837275"",""recordId"":""DC-282"",""originalText"":""臊子面"",""field"":""samples[281].tags[2]"",""sourceType"":""消费内容作者标签""}]"
"岐山臊子面","","zh","消费题材","美食","消费内容作者标签","[{""url"":""https://www.douyin.com/video/7675305559498837275"",""recordId"":""DC-282"",""originalText"":""岐山臊子面"",""field"":""samples[281].tags[3]"",""sourceType"":""消费内容作者标签""}]"
"美食探店","","zh","消费题材","美食","消费内容作者标签","[{""url"":""https://www.douyin.com/video/7684194495398743334"",""recordId"":""DC-283"",""originalText"":""美食探店"",""field"":""samples[282].tags[1]"",""sourceType"":""消费内容作者标签""}]"
"旅行攻略","","zh","消费题材","美食","消费内容作者标签","[{""url"":""https://www.douyin.com/video/7684194495398743334"",""recordId"":""DC-283"",""originalText"":""旅行攻略"",""field"":""samples[282].tags[2]"",""sourceType"":""消费内容作者标签""}]"
"上海美食","","zh","消费题材","美食","消费内容作者标签","[{""url"":""https://www.douyin.com/video/7684194495398743334"",""recordId"":""DC-283"",""originalText"":""上海美食"",""field"":""samples[282].tags[4]"",""sourceType"":""消费内容作者标签""}]"
"比亚迪大唐","","zh","消费题材","汽车","消费内容作者标签","[{""url"":""https://www.douyin.com/video/7656159828724747566"",""recordId"":""DC-284"",""originalText"":""比亚迪大唐"",""field"":""samples[283].tags[1]"",""sourceType"":""消费内容作者标签""},{""url"":""https://www.douyin.com/video/7681254179062517011"",""recordId"":""DC-290"",""originalText"":""比亚迪大唐"",""field"":""samples[289].tags[2]"",""sourceType"":""消费内容作者标签""},{""url"":""https://www.douyin.com/video/7671176759739551014"",""recordId"":""DC-296"",""originalText"":""比亚迪大唐"",""field"":""samples[295].tags[0]"",""sourceType"":""消费内容作者标签""},{""url"":""https://www.douyin.com/video/7652389751185476864"",""recordId"":""DC-303"",""originalText"":""比亚迪大唐"",""field"":""samples[302].tags[0]"",""sourceType"":""消费内容作者标签""}]"
"比亚迪大唐EV","","mixed","消费题材","汽车","消费内容作者标签","[{""url"":""https://www.douyin.com/video/7656159828724747566"",""recordId"":""DC-284"",""originalText"":""比亚迪大唐EV"",""field"":""samples[283].tags[2]"",""sourceType"":""消费内容作者标签""}]"
"海豹08","","zh","消费题材","汽车","消费内容作者标签","[{""url"":""https://www.douyin.com/video/7666403360311905570"",""recordId"":""DC-285"",""originalText"":""海豹08"",""field"":""samples[284].tags[0]"",""sourceType"":""消费内容作者标签""}]"
"比亚迪大汉","","zh","消费题材","汽车","消费内容作者标签","[{""url"":""https://www.douyin.com/video/7676325120041962762"",""recordId"":""DC-286"",""originalText"":""比亚迪大汉"",""field"":""samples[285].tags[0]"",""sourceType"":""消费内容作者标签""}]"
"比亚迪汉","","zh","消费题材","汽车","消费内容作者标签","[{""url"":""https://www.douyin.com/video/7676325120041962762"",""recordId"":""DC-286"",""originalText"":""比亚迪汉"",""field"":""samples[285].tags[2]"",""sourceType"":""消费内容作者标签""}]"
"新能源车","","zh","消费题材","汽车","消费内容作者标签","[{""url"":""https://www.douyin.com/video/7676325120041962762"",""recordId"":""DC-286"",""originalText"":""新能源车"",""field"":""samples[285].tags[3]"",""sourceType"":""消费内容作者标签""}]"
"汽车销量榜","","zh","消费题材","汽车","消费内容作者标签","[{""url"":""https://www.douyin.com/video/7656100000040013062"",""recordId"":""DC-288"",""originalText"":""汽车销量榜"",""field"":""samples[287].tags[0]"",""sourceType"":""消费内容作者标签""}]"
"中大型SUV","","mixed","消费题材","汽车","消费内容作者标签","[{""url"":""https://www.douyin.com/video/7656100000040013062"",""recordId"":""DC-288"",""originalText"":""中大型SUV"",""field"":""samples[287].tags[1]"",""sourceType"":""消费内容作者标签""}]"
"问界M7","","mixed","消费题材","汽车","消费内容作者标签","[{""url"":""https://www.douyin.com/video/7656100000040013062"",""recordId"":""DC-288"",""originalText"":""问界M7"",""field"":""samples[287].tags[2]"",""sourceType"":""消费内容作者标签""}]"
"比亚迪汽车","","zh","消费题材","汽车","消费内容作者标签","[{""url"":""https://www.douyin.com/video/7681254179062517011"",""recordId"":""DC-290"",""originalText"":""比亚迪汽车"",""field"":""samples[289].tags[1]"",""sourceType"":""消费内容作者标签""}]"
"小米汽车","","zh","消费题材","汽车","消费内容作者标签","[{""url"":""https://www.douyin.com/video/7677576284532812731"",""recordId"":""DC-291"",""originalText"":""小米汽车"",""field"":""samples[290].tags[0]"",""sourceType"":""消费内容作者标签""}]"
"麋鹿测试","","zh","消费题材","汽车","消费内容作者标签","[{""url"":""https://www.douyin.com/video/7656681827930803483"",""recordId"":""DC-292"",""originalText"":""麋鹿测试"",""field"":""samples[291].tags[0]"",""sourceType"":""消费内容作者标签""}]"
"家用车","","zh","消费题材","汽车","消费内容作者标签","[{""url"":""https://www.douyin.com/video/7663703039194238227"",""recordId"":""DC-293"",""originalText"":""家用车"",""field"":""samples[292].tags[0]"",""sourceType"":""消费内容作者标签""}]"
"家用车推荐","","zh","消费题材","汽车","消费内容作者标签","[{""url"":""https://www.douyin.com/video/7663703039194238227"",""recordId"":""DC-293"",""originalText"":""家用车推荐"",""field"":""samples[292].tags[3]"",""sourceType"":""消费内容作者标签""}]"
"新能源电池","","zh","消费题材","汽车","消费内容作者标签","[{""url"":""https://www.douyin.com/video/7665292740883647790"",""recordId"":""DC-298"",""originalText"":""新能源电池"",""field"":""samples[297].tags[0]"",""sourceType"":""消费内容作者标签""}]"
"刀片电池","","zh","消费题材","汽车","消费内容作者标签","[{""url"":""https://www.douyin.com/video/7665292740883647790"",""recordId"":""DC-298"",""originalText"":""刀片电池"",""field"":""samples[297].tags[1]"",""sourceType"":""消费内容作者标签""}]"
"神行电池","","zh","消费题材","汽车","消费内容作者标签","[{""url"":""https://www.douyin.com/video/7665292740883647790"",""recordId"":""DC-298"",""originalText"":""神行电池"",""field"":""samples[297].tags[2]"",""sourceType"":""消费内容作者标签""}]"
"麒麟电池","","zh","消费题材","汽车","消费内容作者标签","[{""url"":""https://www.douyin.com/video/7665292740883647790"",""recordId"":""DC-298"",""originalText"":""麒麟电池"",""field"":""samples[297].tags[3]"",""sourceType"":""消费内容作者标签""}]"
"领克","","zh","消费题材","汽车","消费内容作者标签","[{""url"":""https://www.douyin.com/video/7681588979312905512"",""recordId"":""DC-299"",""originalText"":""领克"",""field"":""samples[298].tags[0]"",""sourceType"":""消费内容作者标签""}]"
"极氪","","zh","消费题材","汽车","消费内容作者标签","[{""url"":""https://www.douyin.com/video/7681588979312905512"",""recordId"":""DC-299"",""originalText"":""极氪"",""field"":""samples[298].tags[1]"",""sourceType"":""消费内容作者标签""}]"
"领克03","","zh","消费题材","汽车","消费内容作者标签","[{""url"":""https://www.douyin.com/video/7681588979312905512"",""recordId"":""DC-299"",""originalText"":""领克03"",""field"":""samples[298].tags[4]"",""sourceType"":""消费内容作者标签""}]"
"房车","","zh","消费题材","汽车","消费内容作者标签","[{""url"":""https://www.douyin.com/video/7668295824639675684"",""recordId"":""DC-300"",""originalText"":""房车"",""field"":""samples[299].tags[0]"",""sourceType"":""消费内容作者标签""}]"
"家用mpv推荐","","mixed","消费题材","汽车","消费内容作者标签","[{""url"":""https://www.douyin.com/video/7656448694903934227"",""recordId"":""DC-301"",""originalText"":""家用mpv推荐"",""field"":""samples[300].tags[0]"",""sourceType"":""消费内容作者标签""}]"
"传祺E8","","mixed","消费题材","汽车","消费内容作者标签","[{""url"":""https://www.douyin.com/video/7656448694903934227"",""recordId"":""DC-301"",""originalText"":""传祺E8"",""field"":""samples[300].tags[1]"",""sourceType"":""消费内容作者标签""}]"
"理想MEGA","","mixed","消费题材","汽车","消费内容作者标签","[{""url"":""https://www.douyin.com/video/7680097043146149156"",""recordId"":""DC-302"",""originalText"":""理想MEGA"",""field"":""samples[301].tags[0]"",""sourceType"":""消费内容作者标签""}]"
"金铲铲之战","","zh","消费题材","游戏","消费内容作者标签","[{""url"":""https://www.douyin.com/video/7675929500500207990"",""recordId"":""DC-304"",""originalText"":""金铲铲之战"",""field"":""samples[303].tags[1]"",""sourceType"":""消费内容作者标签""},{""url"":""https://www.douyin.com/video/7683916613493574963"",""recordId"":""DC-310"",""originalText"":""金铲铲之战"",""field"":""samples[309].tags[0]"",""sourceType"":""消费内容作者标签""}]"
"金铲铲新赛季冲分阵容","","zh","消费题材","游戏","消费内容作者标签","[{""url"":""https://www.douyin.com/video/7675929500500207990"",""recordId"":""DC-304"",""originalText"":""金铲铲新赛季冲分阵容"",""field"":""samples[303].tags[2]"",""sourceType"":""消费内容作者标签""}]"
"女神异闻录","","zh","消费题材","游戏","消费内容作者标签","[{""url"":""https://www.douyin.com/video/7665680324180872490"",""recordId"":""DC-305"",""originalText"":""女神异闻录"",""field"":""samples[304].tags[0]"",""sourceType"":""消费内容作者标签""}]"
"P5R","","en","消费题材","游戏","消费内容作者标签","[{""url"":""https://www.douyin.com/video/7665680324180872490"",""recordId"":""DC-305"",""originalText"":""P5R"",""field"":""samples[304].tags[1]"",""sourceType"":""消费内容作者标签""}]"
"女神异闻录3","","zh","消费题材","游戏","消费内容作者标签","[{""url"":""https://www.douyin.com/video/7665680324180872490"",""recordId"":""DC-305"",""originalText"":""女神异闻录3"",""field"":""samples[304].tags[2]"",""sourceType"":""消费内容作者标签""}]"
"P3R","","en","消费题材","游戏","消费内容作者标签","[{""url"":""https://www.douyin.com/video/7665680324180872490"",""recordId"":""DC-305"",""originalText"":""P3R"",""field"":""samples[304].tags[3]"",""sourceType"":""消费内容作者标签""}]"
"结城理","","zh","消费题材","游戏","消费内容作者标签","[{""url"":""https://www.douyin.com/video/7665680324180872490"",""recordId"":""DC-305"",""originalText"":""结城理"",""field"":""samples[304].tags[4]"",""sourceType"":""消费内容作者标签""}]"
"lol","","en","消费题材","游戏","消费内容作者标签","[{""url"":""https://www.douyin.com/video/7675021138669407542"",""recordId"":""DC-306"",""originalText"":""lol"",""field"":""samples[305].tags[0]"",""sourceType"":""消费内容作者标签""},{""url"":""https://www.douyin.com/video/7661288603133185314"",""recordId"":""DC-312"",""originalText"":""LOL"",""field"":""samples[311].tags[1]"",""sourceType"":""消费内容作者标签""}]"
"童年游戏","","zh","消费题材","游戏","消费内容作者标签","[{""url"":""https://www.douyin.com/video/7659359024613231918"",""recordId"":""DC-307"",""originalText"":""童年游戏"",""field"":""samples[306].tags[1]"",""sourceType"":""消费内容作者标签""}]"
"怀旧游戏","","zh","消费题材","游戏","消费内容作者标签","[{""url"":""https://www.douyin.com/video/7659359024613231918"",""recordId"":""DC-307"",""originalText"":""怀旧游戏"",""field"":""samples[306].tags[2]"",""sourceType"":""消费内容作者标签""}]"
"灾殃","","zh","消费题材","游戏","消费内容作者标签","[{""url"":""https://www.douyin.com/video/7669264986102877490"",""recordId"":""DC-308"",""originalText"":""灾殃"",""field"":""samples[307].tags[1]"",""sourceType"":""消费内容作者标签""}]"
"电子榨菜","","zh","消费题材","游戏","消费内容作者标签","[{""url"":""https://www.douyin.com/video/7669264986102877490"",""recordId"":""DC-308"",""originalText"":""电子榨菜"",""field"":""samples[307].tags[2]"",""sourceType"":""消费内容作者标签""}]"
"街头霸王","","zh","消费题材","游戏","消费内容作者标签","[{""url"":""https://www.douyin.com/video/7678689089150831910"",""recordId"":""DC-309"",""originalText"":""街头霸王"",""field"":""samples[308].tags[0]"",""sourceType"":""消费内容作者标签""}]"
"春丽","","zh","消费题材","游戏","消费内容作者标签","[{""url"":""https://www.douyin.com/video/7678689089150831910"",""recordId"":""DC-309"",""originalText"":""春丽"",""field"":""samples[308].tags[1]"",""sourceType"":""消费内容作者标签""}]"
"游戏杂谈","","zh","消费题材","游戏","消费内容作者标签","[{""url"":""https://www.douyin.com/video/7678689089150831910"",""recordId"":""DC-309"",""originalText"":""游戏杂谈"",""field"":""samples[308].tags[2]"",""sourceType"":""消费内容作者标签""},{""url"":""https://www.douyin.com/video/7669329783167192355"",""recordId"":""DC-321"",""originalText"":""游戏杂谈"",""field"":""samples[320].tags[2]"",""sourceType"":""消费内容作者标签""}]"
"金铲铲上分阵容","","zh","消费题材","游戏","消费内容作者标签","[{""url"":""https://www.douyin.com/video/7683916613493574963"",""recordId"":""DC-310"",""originalText"":""金铲铲上分阵容"",""field"":""samples[309].tags[2]"",""sourceType"":""消费内容作者标签""}]"
"黑神话剧情解说","","zh","消费题材","游戏","消费内容作者标签","[{""url"":""https://www.douyin.com/video/7668645197584043274"",""recordId"":""DC-311"",""originalText"":""黑神话剧情解说"",""field"":""samples[310].tags[1]"",""sourceType"":""消费内容作者标签""}]"
"齐天大圣","","zh","消费题材","游戏","消费内容作者标签","[{""url"":""https://www.douyin.com/video/7668645197584043274"",""recordId"":""DC-311"",""originalText"":""齐天大圣"",""field"":""samples[310].tags[2]"",""sourceType"":""消费内容作者标签""}]"
"天命人","","zh","消费题材","游戏","消费内容作者标签","[{""url"":""https://www.douyin.com/video/7668645197584043274"",""recordId"":""DC-311"",""originalText"":""天命人"",""field"":""samples[310].tags[4]"",""sourceType"":""消费内容作者标签""}]"
"英雄联盟","","zh","消费题材","游戏","消费内容作者标签","[{""url"":""https://www.douyin.com/video/7661288603133185314"",""recordId"":""DC-312"",""originalText"":""英雄联盟"",""field"":""samples[311].tags[0]"",""sourceType"":""消费内容作者标签""}]"
"格雷福斯","","zh","消费题材","游戏","消费内容作者标签","[{""url"":""https://www.douyin.com/video/7661288603133185314"",""recordId"":""DC-312"",""originalText"":""格雷福斯"",""field"":""samples[311].tags[2]"",""sourceType"":""消费内容作者标签""}]"
"男枪","","zh","消费题材","游戏","消费内容作者标签","[{""url"":""https://www.douyin.com/video/7661288603133185314"",""recordId"":""DC-312"",""originalText"":""男枪"",""field"":""samples[311].tags[3]"",""sourceType"":""消费内容作者标签""}]"
"拳皇97","","zh","消费题材","游戏","消费内容作者标签","[{""url"":""https://www.douyin.com/video/7678248062896196873"",""recordId"":""DC-313"",""originalText"":""拳皇97"",""field"":""samples[312].tags[0]"",""sourceType"":""消费内容作者标签""}]"
"大门五郎","","zh","消费题材","游戏","消费内容作者标签","[{""url"":""https://www.douyin.com/video/7678248062896196873"",""recordId"":""DC-313"",""originalText"":""大门五郎"",""field"":""samples[312].tags[2]"",""sourceType"":""消费内容作者标签""}]"
"拳皇97克里斯","","zh","消费题材","游戏","消费内容作者标签","[{""url"":""https://www.douyin.com/video/7678248062896196873"",""recordId"":""DC-313"",""originalText"":""拳皇97克里斯"",""field"":""samples[312].tags[3]"",""sourceType"":""消费内容作者标签""}]"
"八神庵","","zh","消费题材","游戏","消费内容作者标签","[{""url"":""https://www.douyin.com/video/7678248062896196873"",""recordId"":""DC-313"",""originalText"":""八神庵"",""field"":""samples[312].tags[4]"",""sourceType"":""消费内容作者标签""}]"
"黑神话钟馗","","zh","消费题材","游戏","消费内容作者标签","[{""url"":""https://www.douyin.com/video/7676061401294671155"",""recordId"":""DC-314"",""originalText"":""黑神话钟馗"",""field"":""samples[313].tags[0]"",""sourceType"":""消费内容作者标签""}]"
"海克斯大乱斗","","zh","消费题材","游戏","消费内容作者标签","[{""url"":""https://www.douyin.com/video/7677446459259669795"",""recordId"":""DC-316"",""originalText"":""海克斯大乱斗"",""field"":""samples[315].tags[0]"",""sourceType"":""消费内容作者标签""}]"
"牙仙子","","zh","消费题材","游戏","消费内容作者标签","[{""url"":""https://www.douyin.com/video/7677446459259669795"",""recordId"":""DC-316"",""originalText"":""牙仙子"",""field"":""samples[315].tags[1]"",""sourceType"":""消费内容作者标签""}]"
"凯隐","","zh","消费题材","游戏","消费内容作者标签","[{""url"":""https://www.douyin.com/video/7677446459259669795"",""recordId"":""DC-316"",""originalText"":""凯隐"",""field"":""samples[315].tags[2]"",""sourceType"":""消费内容作者标签""}]"
"阿萝拉","","zh","消费题材","游戏","消费内容作者标签","[{""url"":""https://www.douyin.com/video/7677446459259669795"",""recordId"":""DC-316"",""originalText"":""阿萝拉"",""field"":""samples[315].tags[4]"",""sourceType"":""消费内容作者标签""}]"
"faker","","en","消费题材","游戏","消费内容作者标签","[{""url"":""https://www.douyin.com/video/7674214006492766821"",""recordId"":""DC-317"",""originalText"":""faker"",""field"":""samples[316].tags[0]"",""sourceType"":""消费内容作者标签""}]"
"blg","","en","消费题材","游戏","消费内容作者标签","[{""url"":""https://www.douyin.com/video/7674214006492766821"",""recordId"":""DC-317"",""originalText"":""blg"",""field"":""samples[316].tags[1]"",""sourceType"":""消费内容作者标签""}]"
"t1","","en","消费题材","游戏","消费内容作者标签","[{""url"":""https://www.douyin.com/video/7674214006492766821"",""recordId"":""DC-317"",""originalText"":""t1"",""field"":""samples[316].tags[2]"",""sourceType"":""消费内容作者标签""}]"
"象棋精妙杀招","","zh","消费题材","游戏","消费内容作者标签","[{""url"":""https://www.douyin.com/video/7678978480818437241"",""recordId"":""DC-319"",""originalText"":""象棋精妙杀招"",""field"":""samples[318].tags[0]"",""sourceType"":""消费内容作者标签""}]"
"象棋杀招","","zh","消费题材","游戏","消费内容作者标签","[{""url"":""https://www.douyin.com/video/7678978480818437241"",""recordId"":""DC-319"",""originalText"":""象棋杀招"",""field"":""samples[318].tags[1]"",""sourceType"":""消费内容作者标签""}]"
"象棋速胜飞刀","","zh","消费题材","游戏","消费内容作者标签","[{""url"":""https://www.douyin.com/video/7678978480818437241"",""recordId"":""DC-319"",""originalText"":""象棋速胜飞刀"",""field"":""samples[318].tags[2]"",""sourceType"":""消费内容作者标签""}]"
"象棋开局布局","","zh","消费题材","游戏","消费内容作者标签","[{""url"":""https://www.douyin.com/video/7678978480818437241"",""recordId"":""DC-319"",""originalText"":""象棋开局布局"",""field"":""samples[318].tags[3]"",""sourceType"":""消费内容作者标签""}]"
"象棋布局飞刀","","zh","消费题材","游戏","消费内容作者标签","[{""url"":""https://www.douyin.com/video/7678978480818437241"",""recordId"":""DC-319"",""originalText"":""象棋布局飞刀"",""field"":""samples[318].tags[4]"",""sourceType"":""消费内容作者标签""}]"
"上古卷轴","","zh","消费题材","游戏","消费内容作者标签","[{""url"":""https://www.douyin.com/video/7669329783167192355"",""recordId"":""DC-321"",""originalText"":""上古卷轴"",""field"":""samples[320].tags[1]"",""sourceType"":""消费内容作者标签""}]"
"单机游戏","","zh","消费题材","游戏","消费内容作者标签","[{""url"":""https://www.douyin.com/video/7669329783167192355"",""recordId"":""DC-321"",""originalText"":""单机游戏"",""field"":""samples[320].tags[3]"",""sourceType"":""消费内容作者标签""}]"
"3A游戏","","mixed","消费题材","游戏","消费内容作者标签","[{""url"":""https://www.douyin.com/video/7669329783167192355"",""recordId"":""DC-321"",""originalText"":""3A游戏"",""field"":""samples[320].tags[4]"",""sourceType"":""消费内容作者标签""}]"
"暗黑破坏神","","zh","消费题材","游戏","消费内容作者标签","[{""url"":""https://www.douyin.com/video/7659946819408940297"",""recordId"":""DC-322"",""originalText"":""暗黑破坏神"",""field"":""samples[321].tags[0]"",""sourceType"":""消费内容作者标签""}]"
"暗黑破坏神4","","zh","消费题材","游戏","消费内容作者标签","[{""url"":""https://www.douyin.com/video/7659946819408940297"",""recordId"":""DC-322"",""originalText"":""暗黑破坏神4"",""field"":""samples[321].tags[1]"",""sourceType"":""消费内容作者标签""}]"
"暗黑4剧情","","zh","消费题材","游戏","消费内容作者标签","[{""url"":""https://www.douyin.com/video/7659946819408940297"",""recordId"":""DC-322"",""originalText"":""暗黑4剧情"",""field"":""samples[321].tags[2]"",""sourceType"":""消费内容作者标签""}]"
"奈非天","","zh","消费题材","游戏","消费内容作者标签","[{""url"":""https://www.douyin.com/video/7659946819408940297"",""recordId"":""DC-322"",""originalText"":""奈非天"",""field"":""samples[321].tags[3]"",""sourceType"":""消费内容作者标签""}]"
"暗黑3","","zh","消费题材","游戏","消费内容作者标签","[{""url"":""https://www.douyin.com/video/7659946819408940297"",""recordId"":""DC-322"",""originalText"":""暗黑3"",""field"":""samples[321].tags[4]"",""sourceType"":""消费内容作者标签""}]"
"苏丹的游戏","","zh","消费题材","游戏","消费内容作者标签","[{""url"":""https://www.douyin.com/video/7658226850879065378"",""recordId"":""DC-323"",""originalText"":""苏丹的游戏"",""field"":""samples[322].tags[0]"",""sourceType"":""消费内容作者标签""}]"
"健康饮食","","zh","消费题材","体育","消费内容作者标签","[{""url"":""https://www.douyin.com/video/7668984762966510890"",""recordId"":""DC-324"",""originalText"":""健康饮食"",""field"":""samples[323].tags[1]"",""sourceType"":""消费内容作者标签""}]"
"艾弗森","","zh","消费题材","体育","消费内容作者标签","[{""url"":""https://www.douyin.com/video/7665584072642546979"",""recordId"":""DC-325"",""originalText"":""艾弗森"",""field"":""samples[324].tags[0]"",""sourceType"":""消费内容作者标签""}]"
"NBA球星","","mixed","消费题材","体育","消费内容作者标签","[{""url"":""https://www.douyin.com/video/7665584072642546979"",""recordId"":""DC-325"",""originalText"":""NBA球星"",""field"":""samples[324].tags[1]"",""sourceType"":""消费内容作者标签""}]"
"阿伦艾弗森","","zh","消费题材","体育","消费内容作者标签","[{""url"":""https://www.douyin.com/video/7665584072642546979"",""recordId"":""DC-325"",""originalText"":""阿伦艾弗森"",""field"":""samples[324].tags[2]"",""sourceType"":""消费内容作者标签""}]"
"路亚","","zh","消费题材","体育","消费内容作者标签","[{""url"":""https://www.douyin.com/video/7680922458311920938"",""recordId"":""DC-327"",""originalText"":""路亚"",""field"":""samples[326].tags[1]"",""sourceType"":""消费内容作者标签""}]"
"钓鱼","","zh","消费题材","体育","消费内容作者标签","[{""url"":""https://www.douyin.com/video/7680922458311920938"",""recordId"":""DC-327"",""originalText"":""钓鱼"",""field"":""samples[326].tags[2]"",""sourceType"":""消费内容作者标签""},{""url"":""https://www.douyin.com/video/7656711787684924691"",""recordId"":""DC-338"",""originalText"":""钓鱼"",""field"":""samples[337].tags[0]"",""sourceType"":""消费内容作者标签""}]"
"路亚邪修","","zh","消费题材","体育","消费内容作者标签","[{""url"":""https://www.douyin.com/video/7680922458311920938"",""recordId"":""DC-327"",""originalText"":""路亚邪修"",""field"":""samples[326].tags[4]"",""sourceType"":""消费内容作者标签""}]"
"斯诺克","","zh","消费题材","体育","消费内容作者标签","[{""url"":""https://www.douyin.com/video/7670122064245738787"",""recordId"":""DC-328"",""originalText"":""斯诺克"",""field"":""samples[327].tags[1]"",""sourceType"":""消费内容作者标签""}]"
"赵心童","","zh","消费题材","体育","消费内容作者标签","[{""url"":""https://www.douyin.com/video/7670122064245738787"",""recordId"":""DC-328"",""originalText"":""赵心童"",""field"":""samples[327].tags[2]"",""sourceType"":""消费内容作者标签""}]"
"希金斯","","zh","消费题材","体育","消费内容作者标签","[{""url"":""https://www.douyin.com/video/7670122064245738787"",""recordId"":""DC-328"",""originalText"":""希金斯"",""field"":""samples[327].tags[3]"",""sourceType"":""消费内容作者标签""}]"
"张伯伦","","zh","消费题材","体育","消费内容作者标签","[{""url"":""https://www.douyin.com/video/7668668687750175867"",""recordId"":""DC-329"",""originalText"":""张伯伦"",""field"":""samples[328].tags[0]"",""sourceType"":""消费内容作者标签""}]"
"篮球球星","","zh","消费题材","体育","消费内容作者标签","[{""url"":""https://www.douyin.com/video/7668668687750175867"",""recordId"":""DC-329"",""originalText"":""篮球球星"",""field"":""samples[328].tags[1]"",""sourceType"":""消费内容作者标签""}]"
"减脂认知误区","","zh","消费题材","体育","消费内容作者标签","[{""url"":""https://www.douyin.com/video/7676775579236167587"",""recordId"":""DC-330"",""originalText"":""减脂认知误区"",""field"":""samples[329].tags[1]"",""sourceType"":""消费内容作者标签""}]"
"减重经验分享","","zh","消费题材","体育","消费内容作者标签","[{""url"":""https://www.douyin.com/video/7676775579236167587"",""recordId"":""DC-330"",""originalText"":""减重经验分享"",""field"":""samples[329].tags[2]"",""sourceType"":""消费内容作者标签""}]"
"减肚子","","zh","消费题材","体育","消费内容作者标签","[{""url"":""https://www.douyin.com/video/7676775579236167587"",""recordId"":""DC-330"",""originalText"":""减肚子"",""field"":""samples[329].tags[4]"",""sourceType"":""消费内容作者标签""}]"
"马克塞尔比","","zh","消费题材","体育","消费内容作者标签","[{""url"":""https://www.douyin.com/video/7677475087460683054"",""recordId"":""DC-331"",""originalText"":""马克塞尔比"",""field"":""samples[330].tags[0]"",""sourceType"":""消费内容作者标签""}]"
"卢卡布雷切尔","","zh","消费题材","体育","消费内容作者标签","[{""url"":""https://www.douyin.com/video/7677475087460683054"",""recordId"":""DC-331"",""originalText"":""卢卡布雷切尔"",""field"":""samples[330].tags[1]"",""sourceType"":""消费内容作者标签""}]"
"2023斯诺克世锦赛决赛","","zh","消费题材","体育","消费内容作者标签","[{""url"":""https://www.douyin.com/video/7677475087460683054"",""recordId"":""DC-331"",""originalText"":""2023斯诺克世锦赛决赛"",""field"":""samples[330].tags[2]"",""sourceType"":""消费内容作者标签""}]"
"哈登","","zh","消费题材","体育","消费内容作者标签","[{""url"":""https://www.douyin.com/video/7680365145947688207"",""recordId"":""DC-332"",""originalText"":""哈登"",""field"":""samples[331].tags[1]"",""sourceType"":""消费内容作者标签""}]"
"篮球","","zh","消费题材","体育","消费内容作者标签","[{""url"":""https://www.douyin.com/video/7680365145947688207"",""recordId"":""DC-332"",""originalText"":""篮球"",""field"":""samples[331].tags[2]"",""sourceType"":""消费内容作者标签""},{""url"":""https://www.douyin.com/video/7664837817571348175"",""recordId"":""DC-340"",""originalText"":""篮球"",""field"":""samples[339].tags[1]"",""sourceType"":""消费内容作者标签""}]"
"街头篮球","","zh","消费题材","体育","消费内容作者标签","[{""url"":""https://www.douyin.com/video/7680365145947688207"",""recordId"":""DC-332"",""originalText"":""街头篮球"",""field"":""samples[331].tags[3]"",""sourceType"":""消费内容作者标签""}]"
"美式篮球","","zh","消费题材","体育","消费内容作者标签","[{""url"":""https://www.douyin.com/video/7680365145947688207"",""recordId"":""DC-332"",""originalText"":""美式篮球"",""field"":""samples[331].tags[4]"",""sourceType"":""消费内容作者标签""}]"
"阿勒泰","","zh","消费题材","体育","消费内容作者标签","[{""url"":""https://www.douyin.com/video/7666772638332734771"",""recordId"":""DC-333"",""originalText"":""阿勒泰"",""field"":""samples[332].tags[0]"",""sourceType"":""消费内容作者标签""}]"
"阿勒泰的夏天","","zh","消费题材","体育","消费内容作者标签","[{""url"":""https://www.douyin.com/video/7666772638332734771"",""recordId"":""DC-333"",""originalText"":""阿勒泰的夏天"",""field"":""samples[332].tags[1]"",""sourceType"":""消费内容作者标签""}]"
"喀纳斯","","zh","消费题材","体育","消费内容作者标签","[{""url"":""https://www.douyin.com/video/7666772638332734771"",""recordId"":""DC-333"",""originalText"":""喀纳斯"",""field"":""samples[332].tags[2]"",""sourceType"":""消费内容作者标签""}]"
"喀纳斯徒步","","zh","消费题材","体育","消费内容作者标签","[{""url"":""https://www.douyin.com/video/7666772638332734771"",""recordId"":""DC-333"",""originalText"":""喀纳斯徒步"",""field"":""samples[332].tags[3]"",""sourceType"":""消费内容作者标签""}]"
"小罗","","zh","消费题材","体育","消费内容作者标签","[{""url"":""https://www.douyin.com/video/7676363857828334894"",""recordId"":""DC-335"",""originalText"":""小罗"",""field"":""samples[334].tags[0]"",""sourceType"":""消费内容作者标签""}]"
"巴萨","","zh","消费题材","体育","消费内容作者标签","[{""url"":""https://www.douyin.com/video/7676363857828334894"",""recordId"":""DC-335"",""originalText"":""巴萨"",""field"":""samples[334].tags[1]"",""sourceType"":""消费内容作者标签""}]"
"樊振东","","zh","消费题材","体育","消费内容作者标签","[{""url"":""https://www.douyin.com/video/7671241321608252682"",""recordId"":""DC-336"",""originalText"":""樊振东"",""field"":""samples[335].tags[0]"",""sourceType"":""消费内容作者标签""}]"
"王楚钦","","zh","消费题材","体育","消费内容作者标签","[{""url"":""https://www.douyin.com/video/7671241321608252682"",""recordId"":""DC-336"",""originalText"":""王楚钦"",""field"":""samples[335].tags[1]"",""sourceType"":""消费内容作者标签""},{""url"":""https://www.douyin.com/video/7674512812546215174"",""recordId"":""DC-342"",""originalText"":""王楚钦"",""field"":""samples[341].tags[2]"",""sourceType"":""消费内容作者标签""}]"
"国乒","","zh","消费题材","体育","消费内容作者标签","[{""url"":""https://www.douyin.com/video/7671241321608252682"",""recordId"":""DC-336"",""originalText"":""国乒"",""field"":""samples[335].tags[3]"",""sourceType"":""消费内容作者标签""}]"
"裸拳","","zh","消费题材","体育","消费内容作者标签","[{""url"":""https://www.douyin.com/video/7672379135582458213"",""recordId"":""DC-337"",""originalText"":""裸拳"",""field"":""samples[336].tags[0]"",""sourceType"":""消费内容作者标签""}]"
"泰森","","zh","消费题材","体育","消费内容作者标签","[{""url"":""https://www.douyin.com/video/7672379135582458213"",""recordId"":""DC-337"",""originalText"":""泰森"",""field"":""samples[336].tags[1]"",""sourceType"":""消费内容作者标签""}]"
"bkfc","","en","消费题材","体育","消费内容作者标签","[{""url"":""https://www.douyin.com/video/7672379135582458213"",""recordId"":""DC-337"",""originalText"":""bkfc"",""field"":""samples[336].tags[2]"",""sourceType"":""消费内容作者标签""}]"
"格斗","","zh","消费题材","体育","消费内容作者标签","[{""url"":""https://www.douyin.com/video/7672379135582458213"",""recordId"":""DC-337"",""originalText"":""格斗"",""field"":""samples[336].tags[3]"",""sourceType"":""消费内容作者标签""}]"
"詹姆斯","","zh","消费题材","体育","消费内容作者标签","[{""url"":""https://www.douyin.com/video/7682361829867179304"",""recordId"":""DC-339"",""originalText"":""詹姆斯"",""field"":""samples[338].tags[0]"",""sourceType"":""消费内容作者标签""}]"
"湖人","","zh","消费题材","体育","消费内容作者标签","[{""url"":""https://www.douyin.com/video/7682361829867179304"",""recordId"":""DC-339"",""originalText"":""湖人"",""field"":""samples[338].tags[1]"",""sourceType"":""消费内容作者标签""}]"
"库里","","zh","消费题材","体育","消费内容作者标签","[{""url"":""https://www.douyin.com/video/7682361829867179304"",""recordId"":""DC-339"",""originalText"":""库里"",""field"":""samples[338].tags[3]"",""sourceType"":""消费内容作者标签""}]"
"勇士","","zh","消费题材","体育","消费内容作者标签","[{""url"":""https://www.douyin.com/video/7682361829867179304"",""recordId"":""DC-339"",""originalText"":""勇士"",""field"":""samples[338].tags[4]"",""sourceType"":""消费内容作者标签""}]"
"麦迪","","zh","消费题材","体育","消费内容作者标签","[{""url"":""https://www.douyin.com/video/7664837817571348175"",""recordId"":""DC-340"",""originalText"":""麦迪"",""field"":""samples[339].tags[0]"",""sourceType"":""消费内容作者标签""}]"
"nba","","en","消费题材","体育","消费内容作者标签","[{""url"":""https://www.douyin.com/video/7664837817571348175"",""recordId"":""DC-340"",""originalText"":""nba"",""field"":""samples[339].tags[2]"",""sourceType"":""消费内容作者标签""}]"
"篮球教学","","zh","创作任务","体育","消费内容作者标签","[{""url"":""https://www.douyin.com/video/7664837817571348175"",""recordId"":""DC-340"",""originalText"":""篮球教学"",""field"":""samples[339].tags[3]"",""sourceType"":""消费内容作者标签""}]"
"骑行裤","","zh","消费题材","体育","消费内容作者标签","[{""url"":""https://www.douyin.com/video/7661817644668013865"",""recordId"":""DC-341"",""originalText"":""骑行裤"",""field"":""samples[340].tags[0]"",""sourceType"":""消费内容作者标签""}]"
"公路车","","zh","消费题材","体育","消费内容作者标签","[{""url"":""https://www.douyin.com/video/7661817644668013865"",""recordId"":""DC-341"",""originalText"":""公路车"",""field"":""samples[340].tags[1]"",""sourceType"":""消费内容作者标签""}]"
"松岛辉空","","zh","消费题材","体育","消费内容作者标签","[{""url"":""https://www.douyin.com/video/7674512812546215174"",""recordId"":""DC-342"",""originalText"":""松岛辉空"",""field"":""samples[341].tags[3]"",""sourceType"":""消费内容作者标签""}]"
"九球","","zh","消费题材","体育","消费内容作者标签","[{""url"":""https://www.douyin.com/video/7675304627532860726"",""recordId"":""DC-343"",""originalText"":""九球"",""field"":""samples[342].tags[1]"",""sourceType"":""消费内容作者标签""}]"
"佟璐","","zh","消费题材","体育","消费内容作者标签","[{""url"":""https://www.douyin.com/video/7675304627532860726"",""recordId"":""DC-343"",""originalText"":""佟璐"",""field"":""samples[342].tags[2]"",""sourceType"":""消费内容作者标签""}]"
"孔德京","","zh","消费题材","体育","消费内容作者标签","[{""url"":""https://www.douyin.com/video/7675304627532860726"",""recordId"":""DC-343"",""originalText"":""孔德京"",""field"":""samples[342].tags[3]"",""sourceType"":""消费内容作者标签""}]"
"解读明朝","","zh","消费题材","知识","消费内容作者标题","[{""url"":""https://www.douyin.com/video/7664551837873261858"",""recordId"":""DC-001"",""originalText"":""解读明朝"",""field"":""samples[0].title"",""sourceType"":""消费内容作者标题""}]"
"辖区边界","","zh","消费题材","知识","消费内容作者标题","[{""url"":""https://www.douyin.com/video/7665250198007926042"",""recordId"":""DC-003"",""originalText"":""辖区边界"",""field"":""samples[2].title"",""sourceType"":""消费内容作者标题""}]"
"认知错误","","zh","消费题材","知识","消费内容作者标题","[{""url"":""https://www.douyin.com/video/7665276266328673572"",""recordId"":""DC-004"",""originalText"":""认知错误"",""field"":""samples[3].title"",""sourceType"":""消费内容作者标题""}]"
"王传福创业史","","zh","消费题材","知识","消费内容作者标题","[{""url"":""https://www.douyin.com/video/7668650707410554150"",""recordId"":""DC-005"",""originalText"":""王传福创业史"",""field"":""samples[4].title"",""sourceType"":""消费内容作者标题""}]"
"六大茶类","","zh","消费题材","知识","消费内容作者标题","[{""url"":""https://www.douyin.com/video/7670720984210492713"",""recordId"":""DC-006"",""originalText"":""六大茶类"",""field"":""samples[5].title"",""sourceType"":""消费内容作者标题""}]"
"水浒108将","","zh","消费题材","知识","消费内容作者标题","[{""url"":""https://www.douyin.com/video/7665567647748082994"",""recordId"":""DC-009"",""originalText"":""水浒108将"",""field"":""samples[8].title"",""sourceType"":""消费内容作者标题""}]"
"具体职务","","zh","消费题材","知识","消费内容作者标题","[{""url"":""https://www.douyin.com/video/7665567647748082994"",""recordId"":""DC-009"",""originalText"":""具体职务"",""field"":""samples[8].title"",""sourceType"":""消费内容作者标题""}]"
"安装配置","","zh","创作任务","知识","消费内容作者标题","[{""url"":""https://www.douyin.com/video/7674339465447361838"",""recordId"":""DC-010"",""originalText"":""安装配置"",""field"":""samples[9].title"",""sourceType"":""消费内容作者标题""}]"
"基础操作","","zh","消费题材","知识","消费内容作者标题","[{""url"":""https://www.douyin.com/video/7674339465447361838"",""recordId"":""DC-010"",""originalText"":""基础操作"",""field"":""samples[9].title"",""sourceType"":""消费内容作者标题""}]"
"零基础小白","","zh","消费题材","知识","消费内容作者标题","[{""url"":""https://www.douyin.com/video/7674339465447361838"",""recordId"":""DC-010"",""originalText"":""零基础小白"",""field"":""samples[9].title"",""sourceType"":""消费内容作者标题""}]"
"92号汽油","","zh","消费题材","知识","消费内容作者标题","[{""url"":""https://www.douyin.com/video/7673932746623929643"",""recordId"":""DC-011"",""originalText"":""92号汽油"",""field"":""samples[10].title"",""sourceType"":""消费内容作者标题""}]"
"95号","","zh","消费题材","知识","消费内容作者标题","[{""url"":""https://www.douyin.com/video/7673932746623929643"",""recordId"":""DC-011"",""originalText"":""95号"",""field"":""samples[10].title"",""sourceType"":""消费内容作者标题""}]"
"亚马逊热带雨林","","zh","消费题材","知识","消费内容作者标题","[{""url"":""https://www.douyin.com/video/7656438487805185332"",""recordId"":""DC-012"",""originalText"":""亚马逊热带雨林"",""field"":""samples[11].title"",""sourceType"":""消费内容作者标题""}]"
"非技术人员","","zh","消费题材","知识","消费内容作者标题","[{""url"":""https://www.douyin.com/video/7670140332318772506"",""recordId"":""DC-013"",""originalText"":""非技术人员"",""field"":""samples[12].title"",""sourceType"":""消费内容作者标题""}]"
"金钱焦虑","","zh","消费题材","知识","消费内容作者标题","[{""url"":""https://www.douyin.com/video/7651563399670795539"",""recordId"":""DC-014"",""originalText"":""金钱焦虑"",""field"":""samples[13].title"",""sourceType"":""消费内容作者标题""}]"
"上班/副业","","zh","消费题材","知识","消费内容作者标题","[{""url"":""https://www.douyin.com/video/7651563399670795539"",""recordId"":""DC-014"",""originalText"":""上班/副业"",""field"":""samples[13].title"",""sourceType"":""消费内容作者标题""}]"
"八王之乱","","zh","消费题材","知识","消费内容作者标题；消费内容作者说明；公开评论","[{""url"":""https://www.douyin.com/video/7662693254986501382"",""recordId"":""DC-015-comment-1"",""originalText"":""八王之乱"",""field"":""details[6].comments[0].text"",""sourceType"":""公开评论""},{""url"":""https://www.douyin.com/video/7662693254986501382"",""recordId"":""DC-015"",""originalText"":""八王之乱"",""field"":""samples[14].title"",""sourceType"":""消费内容作者标题""},{""url"":""https://www.douyin.com/video/7662693254986501382"",""recordId"":""DC-015"",""originalText"":""八王之乱"",""field"":""details[6].descriptionExcerpt"",""sourceType"":""消费内容作者说明""}]"
"观影指南","","zh","消费题材","知识","消费内容作者标题","[{""url"":""https://www.douyin.com/video/7675678215733562674"",""recordId"":""DC-016"",""originalText"":""观影指南"",""field"":""samples[15].title"",""sourceType"":""消费内容作者标题""}]"
"AI编程全流程","","mixed","消费题材","知识","消费内容作者标题","[{""url"":""https://www.douyin.com/video/7679416235511106843"",""recordId"":""DC-019"",""originalText"":""AI编程全流程"",""field"":""samples[18].title"",""sourceType"":""消费内容作者标题""}]"
"一元二次方程","","zh","消费题材","知识","消费内容作者标题","[{""url"":""https://www.douyin.com/video/7684128336159562853"",""recordId"":""DC-023"",""originalText"":""一元二次方程"",""field"":""samples[22].title"",""sourceType"":""消费内容作者标题""}]"
"利用人工智能加速构建","","zh","消费题材","公开课","消费内容作者标题","[{""url"":""https://www.douyin.com/video/7546068092703575338"",""recordId"":""DC-025"",""originalText"":""利用人工智能加速构建"",""field"":""samples[24].title"",""sourceType"":""消费内容作者标题""}]"
"AI在家庭教育的应用","","mixed","消费题材","公开课","消费内容作者标题","[{""url"":""https://www.douyin.com/video/7562839428796861711"",""recordId"":""DC-030"",""originalText"":""AI在家庭教育的应用"",""field"":""samples[29].title"",""sourceType"":""消费内容作者标题""}]"
"RAG知识图谱","","mixed","消费题材","公开课","消费内容作者标题","[{""url"":""https://www.douyin.com/video/7542831081242840372"",""recordId"":""DC-034"",""originalText"":""RAG知识图谱"",""field"":""samples[33].title"",""sourceType"":""消费内容作者标题""}]"
"MCP工具的开发部署与应用","","mixed","消费题材","公开课","消费内容作者标题","[{""url"":""https://www.douyin.com/video/7567284867466071306"",""recordId"":""DC-035"",""originalText"":""MCP工具的开发部署与应用"",""field"":""samples[34].title"",""sourceType"":""消费内容作者标题""}]"
"Gradio","","en","工具","公开课","消费内容作者标题","[{""url"":""https://www.douyin.com/video/7543185221487693090"",""recordId"":""DC-041"",""originalText"":""Gradio"",""field"":""samples[40].title"",""sourceType"":""消费内容作者标题""}]"
"人工智能的伦理","","zh","消费题材","公开课","消费内容作者标题","[{""url"":""https://www.douyin.com/video/7484151565238996264"",""recordId"":""DC-046"",""originalText"":""人工智能的伦理"",""field"":""samples[45].title"",""sourceType"":""消费内容作者标题""}]"
"龙餐馆","","zh","消费题材","影视","消费内容作者标题","[{""url"":""https://www.douyin.com/video/7674209796202958114"",""recordId"":""DC-051"",""originalText"":""龙餐馆"",""field"":""samples[50].title"",""sourceType"":""消费内容作者标题""}]"
"剧情吐槽","","zh","消费题材","影视","消费内容作者标题","[{""url"":""https://www.douyin.com/video/7673822641677636857"",""recordId"":""DC-052"",""originalText"":""剧情吐槽"",""field"":""samples[51].title"",""sourceType"":""消费内容作者标题""}]"
"入眠下饭视频","","zh","消费题材","影视","消费内容作者标题","[{""url"":""https://www.douyin.com/video/7673822641677636857"",""recordId"":""DC-052"",""originalText"":""入眠下饭视频"",""field"":""samples[51].title"",""sourceType"":""消费内容作者标题""}]"
"云南贵州交界","","zh","消费题材","影视","消费内容作者标题","[{""url"":""https://www.douyin.com/video/7677635383936421120"",""recordId"":""DC-055"",""originalText"":""云南贵州交界"",""field"":""samples[54].title"",""sourceType"":""消费内容作者标题""}]"
"万字精讲电影","","zh","消费题材","影视","消费内容作者标题","[{""url"":""https://www.douyin.com/video/7661454153507441970"",""recordId"":""DC-056"",""originalText"":""万字精讲电影"",""field"":""samples[55].title"",""sourceType"":""消费内容作者标题""}]"
"怪谈晚餐","","zh","消费题材","影视","消费内容作者标题","[{""url"":""https://www.douyin.com/video/7652396220878490930"",""recordId"":""DC-064"",""originalText"":""怪谈晚餐"",""field"":""samples[63].title"",""sourceType"":""消费内容作者标题""}]"
"原创AIGC故事连载","","mixed","消费题材","影视","消费内容作者标题","[{""url"":""https://www.douyin.com/video/7663756336345173258"",""recordId"":""DC-067"",""originalText"":""原创AIGC故事连载"",""field"":""samples[66].title"",""sourceType"":""消费内容作者标题""}]"
"山海","","zh","消费题材","影视","消费内容作者标题","[{""url"":""https://www.douyin.com/video/7663756336345173258"",""recordId"":""DC-067"",""originalText"":""山海"",""field"":""samples[66].title"",""sourceType"":""消费内容作者标题""}]"
"独自一人的异世界攻略","","zh","消费题材","二次元","消费内容作者标题","[{""url"":""https://www.douyin.com/video/7678251732815662363"",""recordId"":""DC-071"",""originalText"":""独自一人的异世界攻略"",""field"":""samples[70].title"",""sourceType"":""消费内容作者标题""}]"
"怪兽八号","","zh","消费题材","二次元","消费内容作者标题","[{""url"":""https://www.douyin.com/video/7670651045957192975"",""recordId"":""DC-073"",""originalText"":""怪兽八号"",""field"":""samples[72].title"",""sourceType"":""消费内容作者标题""}]"
"无限画布","","zh","消费题材","生活vlog","消费内容作者标题","[{""url"":""https://www.douyin.com/video/7653127455598710059"",""recordId"":""DC-135"",""originalText"":""无限画布"",""field"":""samples[134].title"",""sourceType"":""消费内容作者标题""}]"
"囤积式收藏","","zh","消费题材","生活vlog","消费内容作者标题","[{""url"":""https://www.douyin.com/video/7653127455598710059"",""recordId"":""DC-135"",""originalText"":""囤积式收藏"",""field"":""samples[134].title"",""sourceType"":""消费内容作者标题""}]"
"318自驾详细攻略","","zh","消费题材","旅行","消费内容作者标题","[{""url"":""https://www.douyin.com/video/7660539583184112915"",""recordId"":""DC-138"",""originalText"":""318自驾详细攻略"",""field"":""samples[137].title"",""sourceType"":""消费内容作者标题""}]"
"新能源房车","","zh","消费题材","旅行","消费内容作者标题","[{""url"":""https://www.douyin.com/video/7655311861592299624"",""recordId"":""DC-152"",""originalText"":""新能源房车"",""field"":""samples[151].title"",""sourceType"":""消费内容作者标题""}]"
"扎尕那","","zh","消费题材","旅行","消费内容作者标题","[{""url"":""https://www.douyin.com/video/7655311861592299624"",""recordId"":""DC-152"",""originalText"":""扎尕那"",""field"":""samples[151].title"",""sourceType"":""消费内容作者标题""}]"
"猜历史人物","","zh","消费题材","小剧场","消费内容作者标题","[{""url"":""https://www.douyin.com/video/7682401440496700699"",""recordId"":""DC-163"",""originalText"":""猜历史人物"",""field"":""samples[162].title"",""sourceType"":""消费内容作者标题""}]"
"八月龄睡整觉","","zh","消费题材","亲子","消费内容作者标题","[{""url"":""https://www.douyin.com/video/7660474654750019946"",""recordId"":""DC-226"",""originalText"":""八月龄睡整觉"",""field"":""samples[225].title"",""sourceType"":""消费内容作者标题""}]"
"第一次剪发","","zh","消费题材","亲子","消费内容作者标题","[{""url"":""https://www.douyin.com/video/7660474654750019946"",""recordId"":""DC-226"",""originalText"":""第一次剪发"",""field"":""samples[225].title"",""sourceType"":""消费内容作者标题""}]"
"豌豆射手开箱","","zh","消费题材","亲子","消费内容作者标题","[{""url"":""https://www.douyin.com/video/7673806472909137125"",""recordId"":""DC-227"",""originalText"":""豌豆射手开箱"",""field"":""samples[226].title"",""sourceType"":""消费内容作者标题""}]"
"抗冲击强度测试","","zh","消费题材","亲子","消费内容作者标题","[{""url"":""https://www.douyin.com/video/7680936387100691755"",""recordId"":""DC-228"",""originalText"":""抗冲击强度测试"",""field"":""samples[227].title"",""sourceType"":""消费内容作者标题""}]"
"玩车教程","","zh","创作任务","亲子","消费内容作者标题","[{""url"":""https://www.douyin.com/video/7680936387100691755"",""recordId"":""DC-228"",""originalText"":""玩车教程"",""field"":""samples[227].title"",""sourceType"":""消费内容作者标题""}]"
"自制仿真霉豆腐","","zh","消费题材","亲子","消费内容作者标题；消费内容作者说明","[{""url"":""https://www.douyin.com/video/7665582813676047668"",""recordId"":""DC-229"",""originalText"":""自制仿真霉豆腐"",""field"":""samples[228].title"",""sourceType"":""消费内容作者标题""},{""url"":""https://www.douyin.com/video/7665582813676047668"",""recordId"":""DC-229"",""originalText"":""自制仿真霉豆腐"",""field"":""details[9].descriptionExcerpt"",""sourceType"":""消费内容作者说明""}]"
"乐高街机弹珠机","","zh","消费题材","亲子","消费内容作者标题","[{""url"":""https://www.douyin.com/video/7652544679447153947"",""recordId"":""DC-232"",""originalText"":""乐高街机弹珠机"",""field"":""samples[231].title"",""sourceType"":""消费内容作者标题""}]"
"孩子的暑假","","zh","消费题材","亲子","消费内容作者标题","[{""url"":""https://www.douyin.com/video/7660442956754734386"",""recordId"":""DC-234"",""originalText"":""孩子的暑假"",""field"":""samples[233].title"",""sourceType"":""消费内容作者标题""}]"
"敕勒歌","","zh","消费题材","亲子","消费内容作者标题；消费内容作者说明","[{""url"":""https://www.douyin.com/video/7678155357679602995"",""recordId"":""DC-236"",""originalText"":""敕勒歌"",""field"":""samples[235].title"",""sourceType"":""消费内容作者标题""},{""url"":""https://www.douyin.com/video/7678155357679602995"",""recordId"":""DC-236"",""originalText"":""敕勒歌"",""field"":""details[0].descriptionExcerpt"",""sourceType"":""消费内容作者说明""}]"
"三千孤儿入内蒙","","zh","消费题材","亲子","消费内容作者标题；消费内容作者说明；公开评论；平台搜索联想","[{""url"":""https://www.douyin.com/video/7678155357679602995"",""recordId"":""DC-236-comment-2"",""originalText"":""三千孤儿入内蒙"",""field"":""details[0].comments[1].text"",""sourceType"":""公开评论""},{""url"":""https://www.douyin.com/video/7678155357679602995"",""recordId"":""DC-236"",""originalText"":""三千孤儿入内蒙"",""field"":""details[0].relatedSearch[0]"",""sourceType"":""平台搜索联想""},{""url"":""https://www.douyin.com/video/7678155357679602995"",""recordId"":""DC-236"",""originalText"":""三千孤儿入内蒙"",""field"":""samples[235].title"",""sourceType"":""消费内容作者标题""},{""url"":""https://www.douyin.com/video/7678155357679602995"",""recordId"":""DC-236"",""originalText"":""三千孤儿入内蒙"",""field"":""details[0].descriptionExcerpt"",""sourceType"":""消费内容作者说明""}]"
"西葫芦虾仁蒸饺","","zh","消费题材","亲子","消费内容作者标题","[{""url"":""https://www.douyin.com/video/7657525893891722822"",""recordId"":""DC-243"",""originalText"":""西葫芦虾仁蒸饺"",""field"":""samples[242].title"",""sourceType"":""消费内容作者标题""}]"
"小学二年级","","zh","消费题材","亲子","消费内容作者说明","[{""url"":""https://www.douyin.com/video/7678155357679602995"",""recordId"":""DC-236"",""originalText"":""小学二年级"",""field"":""details[0].descriptionExcerpt"",""sourceType"":""消费内容作者说明""}]"
"玉壁之战","","zh","消费题材","亲子","消费内容作者说明","[{""url"":""https://www.douyin.com/video/7678155357679602995"",""recordId"":""DC-236"",""originalText"":""玉壁之战"",""field"":""details[0].descriptionExcerpt"",""sourceType"":""消费内容作者说明""}]"
"海的尽头是草原","","zh","消费题材","亲子","公开评论","[{""url"":""https://www.douyin.com/video/7678155357679602995"",""recordId"":""DC-236-comment-3"",""originalText"":""海的尽头是草原"",""field"":""details[0].comments[2].text"",""sourceType"":""公开评论""}]"
"敕勒歌和这件事完全没关系","","zh","其他","亲子","公开评论","[{""url"":""https://www.douyin.com/video/7678155357679602995"",""recordId"":""DC-236-comment-5"",""originalText"":""敕勒歌和这件事完全没关系"",""field"":""details[0].comments[4].text"",""sourceType"":""公开评论""}]"
"岷江","","zh","消费题材","跨题材","消费内容作者说明","[{""url"":""https://www.douyin.com/video/7673513119460773120"",""recordId"":""DD-7673513119460773120"",""originalText"":""岷江"",""field"":""details[1].descriptionExcerpt"",""sourceType"":""消费内容作者说明""}]"
"李冰","","zh","消费题材","跨题材","消费内容作者说明；消费内容作者标签","[{""url"":""https://www.douyin.com/video/7673513119460773120"",""recordId"":""DD-7673513119460773120"",""originalText"":""李冰"",""field"":""details[1].tags[3]"",""sourceType"":""消费内容作者标签""},{""url"":""https://www.douyin.com/video/7673513119460773120"",""recordId"":""DD-7673513119460773120"",""originalText"":""李冰"",""field"":""details[1].descriptionExcerpt"",""sourceType"":""消费内容作者说明""}]"
"分水","","zh","消费题材","跨题材","消费内容作者说明","[{""url"":""https://www.douyin.com/video/7673513119460773120"",""recordId"":""DD-7673513119460773120"",""originalText"":""分水"",""field"":""details[1].descriptionExcerpt"",""sourceType"":""消费内容作者说明""}]"
"泄洪","","zh","消费题材","跨题材","消费内容作者说明","[{""url"":""https://www.douyin.com/video/7673513119460773120"",""recordId"":""DD-7673513119460773120"",""originalText"":""泄洪"",""field"":""details[1].descriptionExcerpt"",""sourceType"":""消费内容作者说明""}]"
"排沙","","zh","消费题材","跨题材","消费内容作者说明","[{""url"":""https://www.douyin.com/video/7673513119460773120"",""recordId"":""DD-7673513119460773120"",""originalText"":""排沙"",""field"":""details[1].descriptionExcerpt"",""sourceType"":""消费内容作者说明""}]"
"引流","","zh","消费题材","跨题材","消费内容作者说明","[{""url"":""https://www.douyin.com/video/7673513119460773120"",""recordId"":""DD-7673513119460773120"",""originalText"":""引流"",""field"":""details[1].descriptionExcerpt"",""sourceType"":""消费内容作者说明""}]"
"人文历史","","zh","消费题材","跨题材","消费内容作者标签","[{""url"":""https://www.douyin.com/video/7673513119460773120"",""recordId"":""DD-7673513119460773120"",""originalText"":""人文历史"",""field"":""details[1].tags[1]"",""sourceType"":""消费内容作者标签""}]"
"水患","","zh","消费题材","跨题材","公开评论","[{""url"":""https://www.douyin.com/video/7673513119460773120"",""recordId"":""DD-7673513119460773120-comment-2"",""originalText"":""水患"",""field"":""details[1].comments[1].text"",""sourceType"":""公开评论""}]"
"水利工程","","zh","消费题材","跨题材","公开评论","[{""url"":""https://www.douyin.com/video/7673513119460773120"",""recordId"":""DD-7673513119460773120-comment-3"",""originalText"":""水利工程"",""field"":""details[1].comments[2].text"",""sourceType"":""公开评论""}]"
"都江堰","","zh","消费题材","跨题材","公开评论；平台搜索联想","[{""url"":""https://www.douyin.com/video/7673513119460773120"",""recordId"":""DD-7673513119460773120-comment-3"",""originalText"":""都江堰"",""field"":""details[1].comments[2].text"",""sourceType"":""公开评论""},{""url"":""https://www.douyin.com/video/7673513119460773120"",""recordId"":""DD-7673513119460773120"",""originalText"":""都江堰"",""field"":""details[1].relatedSearch[0]"",""sourceType"":""平台搜索联想""}]"
"买票","","zh","消费题材","跨题材","公开评论","[{""url"":""https://www.douyin.com/video/7673513119460773120"",""recordId"":""DD-7673513119460773120-comment-4"",""originalText"":""买票"",""field"":""details[1].comments[3].text"",""sourceType"":""公开评论""}]"
"多人群像戏","","zh","消费题材","小剧场","消费内容作者说明","[{""url"":""https://www.douyin.com/video/7673074764340650597"",""recordId"":""DC-182"",""originalText"":""多人群像戏"",""field"":""details[2].descriptionExcerpt"",""sourceType"":""消费内容作者说明""}]"
"多人物站位","","zh","消费题材","小剧场","消费内容作者说明","[{""url"":""https://www.douyin.com/video/7673074764340650597"",""recordId"":""DC-182"",""originalText"":""多人物站位"",""field"":""details[2].descriptionExcerpt"",""sourceType"":""消费内容作者说明""}]"
"场景一致性","","zh","创作任务","小剧场","消费内容作者说明","[{""url"":""https://www.douyin.com/video/7673074764340650597"",""recordId"":""DC-182"",""originalText"":""场景一致性"",""field"":""details[2].descriptionExcerpt"",""sourceType"":""消费内容作者说明""}]"
"三锁控场法","","zh","消费题材","小剧场","消费内容作者说明","[{""url"":""https://www.douyin.com/video/7673074764340650597"",""recordId"":""DC-182"",""originalText"":""三锁控场法"",""field"":""details[2].descriptionExcerpt"",""sourceType"":""消费内容作者说明""}]"
"一镜到底","","zh","消费题材","小剧场","消费内容作者说明","[{""url"":""https://www.douyin.com/video/7673074764340650597"",""recordId"":""DC-182"",""originalText"":""一镜到底"",""field"":""details[2].descriptionExcerpt"",""sourceType"":""消费内容作者说明""}]"
"3d结构数据库","","mixed","消费题材","小剧场","公开评论","[{""url"":""https://www.douyin.com/video/7673074764340650597"",""recordId"":""DC-182-comment-1"",""originalText"":""3d结构数据库"",""field"":""details[2].comments[0].text"",""sourceType"":""公开评论""}]"
"演员agent","","mixed","消费题材","小剧场","公开评论","[{""url"":""https://www.douyin.com/video/7673074764340650597"",""recordId"":""DC-182-comment-1"",""originalText"":""演员agent"",""field"":""details[2].comments[0].text"",""sourceType"":""公开评论""}]"
"comfy ui","","en","工具","小剧场","公开评论","[{""url"":""https://www.douyin.com/video/7673074764340650597"",""recordId"":""DC-182-comment-2"",""originalText"":""comfy ui"",""field"":""details[2].comments[1].text"",""sourceType"":""公开评论""},{""url"":""https://www.douyin.com/video/7673074764340650597"",""recordId"":""DC-182-comment-2"",""originalText"":""ComfyUI"",""field"":""details[2].comments[1].text"",""sourceType"":""公开评论""}]"
"libtv","","en","工具","小剧场","公开评论","[{""url"":""https://www.douyin.com/video/7673074764340650597"",""recordId"":""DC-182-comment-2"",""originalText"":""libtv"",""field"":""details[2].comments[1].text"",""sourceType"":""公开评论""}]"
"libtv收费贵吗","","mixed","创作任务","小剧场","公开评论","[{""url"":""https://www.douyin.com/video/7673074764340650597"",""recordId"":""DC-182-comment-3"",""originalText"":""libtv收费贵吗"",""field"":""details[2].comments[2].text"",""sourceType"":""公开评论""}]"
"seedance","","en","工具","小剧场；跨题材","公开评论；消费内容作者说明","[{""url"":""https://www.douyin.com/video/7673074764340650597"",""recordId"":""DC-182-comment-4"",""originalText"":""seedance"",""field"":""details[2].comments[3].text"",""sourceType"":""公开评论""},{""url"":""https://www.douyin.com/video/7656887895558507810"",""recordId"":""DD-7656887895558507810"",""originalText"":""Seedance"",""field"":""details[12].descriptionExcerpt"",""sourceType"":""消费内容作者说明""}]"
"真人限制怎么解决","","zh","消费题材","小剧场","公开评论","[{""url"":""https://www.douyin.com/video/7673074764340650597"",""recordId"":""DC-182-comment-4"",""originalText"":""真人限制怎么解决"",""field"":""details[2].comments[3].text"",""sourceType"":""公开评论""}]"
"运镜","","zh","消费题材","小剧场","公开评论","[{""url"":""https://www.douyin.com/video/7673074764340650597"",""recordId"":""DC-182-comment-5"",""originalText"":""运镜"",""field"":""details[2].comments[4].text"",""sourceType"":""公开评论""}]"
"构图","","zh","消费题材","小剧场","公开评论","[{""url"":""https://www.douyin.com/video/7673074764340650597"",""recordId"":""DC-182-comment-5"",""originalText"":""构图"",""field"":""details[2].comments[4].text"",""sourceType"":""公开评论""}]"
"光影","","zh","消费题材","小剧场","公开评论","[{""url"":""https://www.douyin.com/video/7673074764340650597"",""recordId"":""DC-182-comment-5"",""originalText"":""光影"",""field"":""details[2].comments[4].text"",""sourceType"":""公开评论""}]"
"景别","","zh","消费题材","小剧场","公开评论","[{""url"":""https://www.douyin.com/video/7673074764340650597"",""recordId"":""DC-182-comment-5"",""originalText"":""景别"",""field"":""details[2].comments[4].text"",""sourceType"":""公开评论""}]"
"色彩","","zh","消费题材","小剧场","公开评论","[{""url"":""https://www.douyin.com/video/7673074764340650597"",""recordId"":""DC-182-comment-5"",""originalText"":""色彩"",""field"":""details[2].comments[4].text"",""sourceType"":""公开评论""}]"
"个人审美","","zh","消费题材","小剧场","公开评论","[{""url"":""https://www.douyin.com/video/7673074764340650597"",""recordId"":""DC-182-comment-5"",""originalText"":""个人审美"",""field"":""details[2].comments[4].text"",""sourceType"":""公开评论""}]"
"情感表达","","zh","消费题材","小剧场","公开评论","[{""url"":""https://www.douyin.com/video/7673074764340650597"",""recordId"":""DC-182-comment-5"",""originalText"":""情感表达"",""field"":""details[2].comments[4].text"",""sourceType"":""公开评论""}]"
"ai多人物站位提示词","","mixed","创作任务","小剧场","平台搜索联想","[{""url"":""https://www.douyin.com/video/7673074764340650597"",""recordId"":""DC-182"",""originalText"":""ai多人物站位提示词"",""field"":""details[2].relatedSearch[0]"",""sourceType"":""平台搜索联想""}]"
"中文字体","","zh","创作任务","知识","公开评论","[{""url"":""https://www.douyin.com/video/7661104649675623714"",""recordId"":""DC-008-comment-1"",""originalText"":""中文字体"",""field"":""details[3].comments[0].text"",""sourceType"":""公开评论""}]"
"复杂时间轴","","zh","创作任务","知识","公开评论","[{""url"":""https://www.douyin.com/video/7661104649675623714"",""recordId"":""DC-008-comment-1"",""originalText"":""复杂时间轴"",""field"":""details[3].comments[0].text"",""sourceType"":""公开评论""}]"
"成片稳定性","","zh","消费题材","知识","公开评论","[{""url"":""https://www.douyin.com/video/7661104649675623714"",""recordId"":""DC-008-comment-1"",""originalText"":""成片稳定性"",""field"":""details[3].comments[0].text"",""sourceType"":""公开评论""}]"
"logo的开场动画","","mixed","消费题材","知识","公开评论","[{""url"":""https://www.douyin.com/video/7661104649675623714"",""recordId"":""DC-008-comment-2"",""originalText"":""logo的开场动画"",""field"":""details[3].comments[1].text"",""sourceType"":""公开评论""}]"
"ae","","en","工具","知识","公开评论","[{""url"":""https://www.douyin.com/video/7661104649675623714"",""recordId"":""DC-008-comment-3"",""originalText"":""ae"",""field"":""details[3].comments[2].text"",""sourceType"":""公开评论""}]"
"用workbuddy使用remotion","","mixed","消费题材","知识","公开评论","[{""url"":""https://www.douyin.com/video/7661104649675623714"",""recordId"":""DC-008-comment-5"",""originalText"":""用workbuddy使用remotion"",""field"":""details[3].comments[4].text"",""sourceType"":""公开评论""}]"
"没有remotion插件","","mixed","创作任务","知识","公开评论","[{""url"":""https://www.douyin.com/video/7661104649675623714"",""recordId"":""DC-008-comment-6"",""originalText"":""没有remotion插件"",""field"":""details[3].comments[5].text"",""sourceType"":""公开评论""}]"
"remotion制作ai视频效果","","mixed","消费题材","知识","平台搜索联想","[{""url"":""https://www.douyin.com/video/7661104649675623714"",""recordId"":""DC-008"",""originalText"":""remotion制作ai视频效果"",""field"":""details[3].relatedSearch[0]"",""sourceType"":""平台搜索联想""}]"
"新郎","","zh","消费题材","二次元","消费内容作者说明","[{""url"":""https://www.douyin.com/video/7679390867152604467"",""recordId"":""DC-086"",""originalText"":""新郎"",""field"":""details[4].descriptionExcerpt"",""sourceType"":""消费内容作者说明""}]"
"聊斋志异改编","","zh","消费题材","二次元","消费内容作者说明","[{""url"":""https://www.douyin.com/video/7679390867152604467"",""recordId"":""DC-086"",""originalText"":""聊斋志异改编"",""field"":""details[4].descriptionExcerpt"",""sourceType"":""消费内容作者说明""}]"
"那个真的成亲的新娘呢","","zh","其他","二次元","公开评论","[{""url"":""https://www.douyin.com/video/7679390867152604467"",""recordId"":""DC-086-comment-4"",""originalText"":""那个真的成亲的新娘呢"",""field"":""details[4].comments[3].text"",""sourceType"":""公开评论""}]"
"聊斋新编全集完整版","","zh","消费题材","二次元","平台搜索联想","[{""url"":""https://www.douyin.com/video/7679390867152604467"",""recordId"":""DC-086"",""originalText"":""聊斋新编全集完整版"",""field"":""details[4].relatedSearch[0]"",""sourceType"":""平台搜索联想""}]"
"美短","","zh","消费题材","动物","消费内容作者说明；公开评论","[{""url"":""https://www.douyin.com/video/7654404354560118050"",""recordId"":""DC-220-comment-4"",""originalText"":""美短"",""field"":""details[5].comments[3].text"",""sourceType"":""公开评论""},{""url"":""https://www.douyin.com/video/7654404354560118050"",""recordId"":""DC-220"",""originalText"":""美短"",""field"":""details[5].descriptionExcerpt"",""sourceType"":""消费内容作者说明""}]"
"英短","","zh","消费题材","动物","公开评论","[{""url"":""https://www.douyin.com/video/7654404354560118050"",""recordId"":""DC-220-comment-4"",""originalText"":""英短"",""field"":""details[5].comments[3].text"",""sourceType"":""公开评论""}]"
"金吉拉","","zh","消费题材","动物","公开评论","[{""url"":""https://www.douyin.com/video/7654404354560118050"",""recordId"":""DC-220-comment-4"",""originalText"":""金吉拉"",""field"":""details[5].comments[3].text"",""sourceType"":""公开评论""}]"
"玳瑁猫","","zh","消费题材","动物","公开评论","[{""url"":""https://www.douyin.com/video/7654404354560118050"",""recordId"":""DC-220-comment-4"",""originalText"":""玳瑁猫"",""field"":""details[5].comments[3].text"",""sourceType"":""公开评论""}]"
"护主","","zh","消费题材","动物","公开评论","[{""url"":""https://www.douyin.com/video/7654404354560118050"",""recordId"":""DC-220-comment-5"",""originalText"":""护主"",""field"":""details[5].comments[4].text"",""sourceType"":""公开评论""}]"
"美短虎斑","","zh","消费题材","动物","平台搜索联想","[{""url"":""https://www.douyin.com/video/7654404354560118050"",""recordId"":""DC-220"",""originalText"":""美短虎斑"",""field"":""details[5].relatedSearch[0]"",""sourceType"":""平台搜索联想""}]"
"三国归晋","","zh","消费题材","知识","消费内容作者说明","[{""url"":""https://www.douyin.com/video/7662693254986501382"",""recordId"":""DC-015"",""originalText"":""三国归晋"",""field"":""details[6].descriptionExcerpt"",""sourceType"":""消费内容作者说明""}]"
"洛水之誓","","zh","消费题材","知识","公开评论","[{""url"":""https://www.douyin.com/video/7662693254986501382"",""recordId"":""DC-015-comment-1"",""originalText"":""洛水之誓"",""field"":""details[6].comments[0].text"",""sourceType"":""公开评论""}]"
"永嘉之乱","","zh","消费题材","知识","公开评论","[{""url"":""https://www.douyin.com/video/7662693254986501382"",""recordId"":""DC-015-comment-1"",""originalText"":""永嘉之乱"",""field"":""details[6].comments[0].text"",""sourceType"":""公开评论""}]"
"衣冠南渡","","zh","消费题材","知识","公开评论","[{""url"":""https://www.douyin.com/video/7662693254986501382"",""recordId"":""DC-015-comment-1"",""originalText"":""衣冠南渡"",""field"":""details[6].comments[0].text"",""sourceType"":""公开评论""}]"
"乱世平民","","zh","消费题材","知识","公开评论","[{""url"":""https://www.douyin.com/video/7662693254986501382"",""recordId"":""DC-015-comment-5"",""originalText"":""乱世平民"",""field"":""details[6].comments[4].text"",""sourceType"":""公开评论""}]"
"姜维","","zh","消费题材","知识","平台搜索联想","[{""url"":""https://www.douyin.com/video/7662693254986501382"",""recordId"":""DC-015"",""originalText"":""姜维"",""field"":""details[6].relatedSearch[0]"",""sourceType"":""平台搜索联想""}]"
"采伐证","","zh","消费题材","知识","公开评论","[{""url"":""https://www.douyin.com/video/7674875864693116194"",""recordId"":""DC-017-comment-2"",""originalText"":""采伐证"",""field"":""details[7].comments[1].text"",""sourceType"":""公开评论""}]"
"树除草","","zh","消费题材","知识","公开评论","[{""url"":""https://www.douyin.com/video/7674875864693116194"",""recordId"":""DC-017-comment-3"",""originalText"":""树除草"",""field"":""details[7].comments[2].text"",""sourceType"":""公开评论""}]"
"桉树加工厂","","zh","消费题材","知识","公开评论","[{""url"":""https://www.douyin.com/video/7674875864693116194"",""recordId"":""DC-017-comment-4"",""originalText"":""桉树加工厂"",""field"":""details[7].comments[3].text"",""sourceType"":""公开评论""}]"
"化肥除草喷药","","zh","消费题材","知识","公开评论","[{""url"":""https://www.douyin.com/video/7674875864693116194"",""recordId"":""DC-017-comment-5"",""originalText"":""化肥除草喷药"",""field"":""details[7].comments[4].text"",""sourceType"":""公开评论""}]"
"归雾镇","","zh","消费题材","小剧场","消费内容作者说明；平台搜索联想","[{""url"":""https://www.douyin.com/video/7675325310220422450"",""recordId"":""DC-176"",""originalText"":""归雾镇"",""field"":""details[8].relatedSearch[0]"",""sourceType"":""平台搜索联想""},{""url"":""https://www.douyin.com/video/7675325310220422450"",""recordId"":""DC-176"",""originalText"":""归雾镇"",""field"":""details[8].descriptionExcerpt"",""sourceType"":""消费内容作者说明""}]"
"第二集端上来啦","","zh","其他","小剧场","公开评论","[{""url"":""https://www.douyin.com/video/7675325310220422450"",""recordId"":""DC-176-comment-2"",""originalText"":""第二集端上来啦"",""field"":""details[8].comments[1].text"",""sourceType"":""公开评论""}]"
"提灯人","","zh","消费题材","小剧场","公开评论","[{""url"":""https://www.douyin.com/video/7675325310220422450"",""recordId"":""DC-176-comment-3"",""originalText"":""提灯人"",""field"":""details[8].comments[2].text"",""sourceType"":""公开评论""}]"
"不一样的时间线","","zh","消费题材","小剧场","公开评论","[{""url"":""https://www.douyin.com/video/7675325310220422450"",""recordId"":""DC-176-comment-6"",""originalText"":""不一样的时间线"",""field"":""details[8].comments[5].text"",""sourceType"":""公开评论""}]"
"故事连载","","zh","消费题材","影视","消费内容作者说明","[{""url"":""https://www.douyin.com/video/7663756336345173258"",""recordId"":""DC-067"",""originalText"":""故事连载"",""field"":""details[10].descriptionExcerpt"",""sourceType"":""消费内容作者说明""}]"
"面部表情","","zh","消费题材","影视","公开评论","[{""url"":""https://www.douyin.com/video/7663756336345173258"",""recordId"":""DC-067-comment-3"",""originalText"":""面部表情"",""field"":""details[10].comments[2].text"",""sourceType"":""公开评论""}]"
"网络电影","","zh","消费题材","影视","公开评论","[{""url"":""https://www.douyin.com/video/7663756336345173258"",""recordId"":""DC-067-comment-5"",""originalText"":""网络电影"",""field"":""details[10].comments[4].text"",""sourceType"":""公开评论""}]"
"过于理想化","","zh","其他","二次元","公开评论","[{""url"":""https://www.douyin.com/video/7681583082998205705"",""recordId"":""DC-092-comment-3"",""originalText"":""过于理想化"",""field"":""details[11].comments[2].text"",""sourceType"":""公开评论""}]"
"正在读这本书","","zh","其他","二次元","公开评论","[{""url"":""https://www.douyin.com/video/7681583082998205705"",""recordId"":""DC-092-comment-4"",""originalText"":""正在读这本书"",""field"":""details[11].comments[3].text"",""sourceType"":""公开评论""}]"
"杀死一只知更鸟正版书籍","","zh","消费题材","二次元","平台搜索联想","[{""url"":""https://www.douyin.com/video/7681583082998205705"",""recordId"":""DC-092"",""originalText"":""杀死一只知更鸟正版书籍"",""field"":""details[11].relatedSearch[0]"",""sourceType"":""平台搜索联想""}]"
"经典课文","","zh","消费题材","跨题材","消费内容作者说明","[{""url"":""https://www.douyin.com/video/7656887895558507810"",""recordId"":""DD-7656887895558507810"",""originalText"":""经典课文"",""field"":""details[12].descriptionExcerpt"",""sourceType"":""消费内容作者说明""}]"
"苏轼","","zh","消费题材","跨题材；历史人物与知识图解","公开评论；竞品作者用词","[{""url"":""https://www.douyin.com/video/7656887895558507810"",""recordId"":""DD-7656887895558507810-comment-2"",""originalText"":""苏轼"",""field"":""details[12].comments[1].text"",""sourceType"":""公开评论""},{""url"":""https://jimeng.jianying.com/ai-tool/work-detail/7649030276185656627?itemType=9&workDetailType=Image"",""recordId"":""cn-jimeng-09"",""originalText"":""苏轼"",""field"":""terms[130].sources[0].sourceExcerpt"",""sourceType"":""竞品作者用词""}]"
"豆包","","zh","消费题材","跨题材","公开评论","[{""url"":""https://www.douyin.com/video/7656887895558507810"",""recordId"":""DD-7656887895558507810-comment-5"",""originalText"":""豆包"",""field"":""details[12].comments[4].text"",""sourceType"":""公开评论""}]"
"历史故事","","zh","消费题材","历史故事","指数页面联想词","[{""url"":""https://creator.douyin.com/creator-micro/creator-count/arithmetic-index/analysis?source=creator&keyword=%E5%9C%B0%E5%9B%BE&appName=aweme"",""recordId"":""DS-1"",""originalText"":""历史故事"",""field"":""searches[0].terms[0]"",""sourceType"":""指数页面联想词""},{""url"":""https://creator.douyin.com/creator-micro/creator-count/arithmetic-index/analysis?source=creator&keyword=%E5%9C%B0%E5%9B%BE&appName=aweme"",""recordId"":""DS-1"",""originalText"":""历史故事、"",""field"":""searches[0].terms[1]"",""sourceType"":""指数页面联想词""}]"
"讲历史故事","","zh","消费题材","历史故事","指数页面联想词","[{""url"":""https://creator.douyin.com/creator-micro/creator-count/arithmetic-index/analysis?source=creator&keyword=%E5%9C%B0%E5%9B%BE&appName=aweme"",""recordId"":""DS-1"",""originalText"":""讲历史故事"",""field"":""searches[0].terms[2]"",""sourceType"":""指数页面联想词""}]"
"历史小故事","","zh","消费题材","历史故事","指数页面联想词","[{""url"":""https://creator.douyin.com/creator-micro/creator-count/arithmetic-index/analysis?source=creator&keyword=%E5%9C%B0%E5%9B%BE&appName=aweme"",""recordId"":""DS-1"",""originalText"":""历史小故事"",""field"":""searches[0].terms[3]"",""sourceType"":""指数页面联想词""}]"
"世界历史故事","","zh","消费题材","历史故事","指数页面联想词","[{""url"":""https://creator.douyin.com/creator-micro/creator-count/arithmetic-index/analysis?source=creator&keyword=%E5%9C%B0%E5%9B%BE&appName=aweme"",""recordId"":""DS-1"",""originalText"":""世界历史故事"",""field"":""searches[0].terms[4]"",""sourceType"":""指数页面联想词""}]"
"中华历史故事","","zh","消费题材","历史故事","指数页面联想词","[{""url"":""https://creator.douyin.com/creator-micro/creator-count/arithmetic-index/analysis?source=creator&keyword=%E5%9C%B0%E5%9B%BE&appName=aweme"",""recordId"":""DS-1"",""originalText"":""中华历史故事"",""field"":""searches[0].terms[5]"",""sourceType"":""指数页面联想词""}]"
"历史故事漫画","","zh","消费题材","历史故事","指数页面联想词","[{""url"":""https://creator.douyin.com/creator-micro/creator-count/arithmetic-index/analysis?source=creator&keyword=%E5%9C%B0%E5%9B%BE&appName=aweme"",""recordId"":""DS-1"",""originalText"":""历史故事漫画"",""field"":""searches[0].terms[6]"",""sourceType"":""指数页面联想词""}]"
"历史故事成语","","zh","消费题材","历史故事","指数页面联想词","[{""url"":""https://creator.douyin.com/creator-micro/creator-count/arithmetic-index/analysis?source=creator&keyword=%E5%9C%B0%E5%9B%BE&appName=aweme"",""recordId"":""DS-1"",""originalText"":""历史故事成语"",""field"":""searches[0].terms[7]"",""sourceType"":""指数页面联想词""}]"
"经典历史故事","","zh","消费题材","历史故事","指数页面联想词","[{""url"":""https://creator.douyin.com/creator-micro/creator-count/arithmetic-index/analysis?source=creator&keyword=%E5%9C%B0%E5%9B%BE&appName=aweme"",""recordId"":""DS-1"",""originalText"":""经典历史故事"",""field"":""searches[0].terms[8]"",""sourceType"":""指数页面联想词""}]"
"中外历史故事","","zh","消费题材","历史故事","指数页面联想词","[{""url"":""https://creator.douyin.com/creator-micro/creator-count/arithmetic-index/analysis?source=creator&keyword=%E5%9C%B0%E5%9B%BE&appName=aweme"",""recordId"":""DS-1"",""originalText"":""中外历史故事"",""field"":""searches[0].terms[9]"",""sourceType"":""指数页面联想词""}]"
"历史故事连播","","zh","消费题材","历史故事","指数页面联想词","[{""url"":""https://creator.douyin.com/creator-micro/creator-count/arithmetic-index/analysis?source=creator&keyword=%E5%9C%B0%E5%9B%BE&appName=aweme"",""recordId"":""DS-1"",""originalText"":""历史故事连播"",""field"":""searches[0].terms[10]"",""sourceType"":""指数页面联想词""}]"
"中国历史故事","","zh","消费题材","历史故事","指数页面联想词","[{""url"":""https://creator.douyin.com/creator-micro/creator-count/arithmetic-index/analysis?source=creator&keyword=%E5%9C%B0%E5%9B%BE&appName=aweme"",""recordId"":""DS-1"",""originalText"":""中国历史故事"",""field"":""searches[0].terms[11]"",""sourceType"":""指数页面联想词""}]"
"成语历史故事","","zh","消费题材","历史故事","指数页面联想词","[{""url"":""https://creator.douyin.com/creator-micro/creator-count/arithmetic-index/analysis?source=creator&keyword=%E5%9C%B0%E5%9B%BE&appName=aweme"",""recordId"":""DS-1"",""originalText"":""成语历史故事"",""field"":""searches[0].terms[12]"",""sourceType"":""指数页面联想词""}]"
"外国历史故事","","zh","消费题材","历史故事","指数页面联想词","[{""url"":""https://creator.douyin.com/creator-micro/creator-count/arithmetic-index/analysis?source=creator&keyword=%E5%9C%B0%E5%9B%BE&appName=aweme"",""recordId"":""DS-1"",""originalText"":""外国历史故事"",""field"":""searches[0].terms[13]"",""sourceType"":""指数页面联想词""}]"
"酒的历史故事","","zh","消费题材","历史故事","指数页面联想词","[{""url"":""https://creator.douyin.com/creator-micro/creator-count/arithmetic-index/analysis?source=creator&keyword=%E5%9C%B0%E5%9B%BE&appName=aweme"",""recordId"":""DS-1"",""originalText"":""酒的历史故事"",""field"":""searches[0].terms[14]"",""sourceType"":""指数页面联想词""}]"
"历史民间故事","","zh","消费题材","历史故事；民间故事","指数页面联想词","[{""url"":""https://creator.douyin.com/creator-micro/creator-count/arithmetic-index/analysis?source=creator&keyword=%E5%9C%B0%E5%9B%BE&appName=aweme"",""recordId"":""DS-1"",""originalText"":""历史民间故事"",""field"":""searches[0].terms[15]"",""sourceType"":""指数页面联想词""},{""url"":""https://creator.douyin.com/creator-micro/creator-count/arithmetic-index/analysis?source=creator&keyword=%E4%BF%AE%E4%BB%99&appName=aweme"",""recordId"":""DS-7"",""originalText"":""历史民间故事"",""field"":""searches[6].terms[13]"",""sourceType"":""指数页面联想词""}]"
"解说影视","","zh","消费题材","影视解说","指数页面联想词","[{""url"":""https://creator.douyin.com/creator-micro/creator-count/arithmetic-index/analysis?source=creator&keyword=%E5%8E%86%E5%8F%B2%E6%95%85%E4%BA%8B&appName=aweme"",""recordId"":""DS-2"",""originalText"":""解说影视"",""field"":""searches[1].terms[0]"",""sourceType"":""指数页面联想词""}]"
"影视解说号","","zh","消费题材","影视解说","指数页面联想词","[{""url"":""https://creator.douyin.com/creator-micro/creator-count/arithmetic-index/analysis?source=creator&keyword=%E5%8E%86%E5%8F%B2%E6%95%85%E4%BA%8B&appName=aweme"",""recordId"":""DS-2"",""originalText"":""影视解说号"",""field"":""searches[1].terms[1]"",""sourceType"":""指数页面联想词""}]"
"影视剧解说","","zh","消费题材","影视解说","指数页面联想词","[{""url"":""https://creator.douyin.com/creator-micro/creator-count/arithmetic-index/analysis?source=creator&keyword=%E5%8E%86%E5%8F%B2%E6%95%85%E4%BA%8B&appName=aweme"",""recordId"":""DS-2"",""originalText"":""影视剧解说"",""field"":""searches[1].terms[2]"",""sourceType"":""指数页面联想词""}]"
"影视解说电影","","zh","消费题材","影视解说","指数页面联想词","[{""url"":""https://creator.douyin.com/creator-micro/creator-count/arithmetic-index/analysis?source=creator&keyword=%E5%8E%86%E5%8F%B2%E6%95%85%E4%BA%8B&appName=aweme"",""recordId"":""DS-2"",""originalText"":""影视解说电影"",""field"":""searches[1].terms[4]"",""sourceType"":""指数页面联想词""}]"
"影视解说韩剧","","zh","消费题材","影视解说","指数页面联想词","[{""url"":""https://creator.douyin.com/creator-micro/creator-count/arithmetic-index/analysis?source=creator&keyword=%E5%8E%86%E5%8F%B2%E6%95%85%E4%BA%8B&appName=aweme"",""recordId"":""DS-2"",""originalText"":""影视解说韩剧"",""field"":""searches[1].terms[5]"",""sourceType"":""指数页面联想词""}]"
"热门影视解说","","zh","消费题材","影视解说","指数页面联想词","[{""url"":""https://creator.douyin.com/creator-micro/creator-count/arithmetic-index/analysis?source=creator&keyword=%E5%8E%86%E5%8F%B2%E6%95%85%E4%BA%8B&appName=aweme"",""recordId"":""DS-2"",""originalText"":""热门影视解说"",""field"":""searches[1].terms[6]"",""sourceType"":""指数页面联想词""}]"
"影视解说惊悚","","zh","消费题材","影视解说","指数页面联想词","[{""url"":""https://creator.douyin.com/creator-micro/creator-count/arithmetic-index/analysis?source=creator&keyword=%E5%8E%86%E5%8F%B2%E6%95%85%E4%BA%8B&appName=aweme"",""recordId"":""DS-2"",""originalText"":""影视解说惊悚"",""field"":""searches[1].terms[7]"",""sourceType"":""指数页面联想词""}]"
"影视解说剪辑","","zh","消费题材","影视解说","指数页面联想词","[{""url"":""https://creator.douyin.com/creator-micro/creator-count/arithmetic-index/analysis?source=creator&keyword=%E5%8E%86%E5%8F%B2%E6%95%85%E4%BA%8B&appName=aweme"",""recordId"":""DS-2"",""originalText"":""影视解说剪辑"",""field"":""searches[1].terms[8]"",""sourceType"":""指数页面联想词""}]"
"影视解说热门","","zh","消费题材","影视解说","指数页面联想词","[{""url"":""https://creator.douyin.com/creator-micro/creator-count/arithmetic-index/analysis?source=creator&keyword=%E5%8E%86%E5%8F%B2%E6%95%85%E4%BA%8B&appName=aweme"",""recordId"":""DS-2"",""originalText"":""影视解说热门"",""field"":""searches[1].terms[9]"",""sourceType"":""指数页面联想词""}]"
"恐怖影视解说","","zh","消费题材","影视解说","指数页面联想词","[{""url"":""https://creator.douyin.com/creator-micro/creator-count/arithmetic-index/analysis?source=creator&keyword=%E5%8E%86%E5%8F%B2%E6%95%85%E4%BA%8B&appName=aweme"",""recordId"":""DS-2"",""originalText"":""恐怖影视解说"",""field"":""searches[1].terms[10]"",""sourceType"":""指数页面联想词""}]"
"电影影视解说","","zh","消费题材","影视解说","指数页面联想词","[{""url"":""https://creator.douyin.com/creator-micro/creator-count/arithmetic-index/analysis?source=creator&keyword=%E5%8E%86%E5%8F%B2%E6%95%85%E4%BA%8B&appName=aweme"",""recordId"":""DS-2"",""originalText"":""电影影视解说"",""field"":""searches[1].terms[11]"",""sourceType"":""指数页面联想词""}]"
"影视解说教程","","zh","创作任务","影视解说","指数页面联想词","[{""url"":""https://creator.douyin.com/creator-micro/creator-count/arithmetic-index/analysis?source=creator&keyword=%E5%8E%86%E5%8F%B2%E6%95%85%E4%BA%8B&appName=aweme"",""recordId"":""DS-2"",""originalText"":""影视解说教程"",""field"":""searches[1].terms[12]"",""sourceType"":""指数页面联想词""}]"
"影视解说类型","","zh","消费题材","影视解说","指数页面联想词","[{""url"":""https://creator.douyin.com/creator-micro/creator-count/arithmetic-index/analysis?source=creator&keyword=%E5%8E%86%E5%8F%B2%E6%95%85%E4%BA%8B&appName=aweme"",""recordId"":""DS-2"",""originalText"":""影视解说类型"",""field"":""searches[1].terms[13]"",""sourceType"":""指数页面联想词""}]"
"影视解说配音","","zh","消费题材","影视解说","指数页面联想词","[{""url"":""https://creator.douyin.com/creator-micro/creator-count/arithmetic-index/analysis?source=creator&keyword=%E5%8E%86%E5%8F%B2%E6%95%85%E4%BA%8B&appName=aweme"",""recordId"":""DS-2"",""originalText"":""影视解说配音"",""field"":""searches[1].terms[14]"",""sourceType"":""指数页面联想词""}]"
"亮剑影视解说","","zh","消费题材","影视解说","指数页面联想词","[{""url"":""https://creator.douyin.com/creator-micro/creator-count/arithmetic-index/analysis?source=creator&keyword=%E5%8E%86%E5%8F%B2%E6%95%85%E4%BA%8B&appName=aweme"",""recordId"":""DS-2"",""originalText"":""亮剑影视解说"",""field"":""searches[1].terms[15]"",""sourceType"":""指数页面联想词""}]"
"历史人文","","zh","消费题材","人文历史","指数页面联想词","[{""url"":""https://creator.douyin.com/creator-micro/creator-count/arithmetic-index/analysis?source=creator&keyword=%E9%9D%9E%E9%81%97&appName=aweme"",""recordId"":""DS-4"",""originalText"":""历史人文"",""field"":""searches[3].terms[0]"",""sourceType"":""指数页面联想词""}]"
"历史文人","","zh","消费题材","人文历史","指数页面联想词","[{""url"":""https://creator.douyin.com/creator-micro/creator-count/arithmetic-index/analysis?source=creator&keyword=%E9%9D%9E%E9%81%97&appName=aweme"",""recordId"":""DS-4"",""originalText"":""历史文人"",""field"":""searches[3].terms[1]"",""sourceType"":""指数页面联想词""}]"
"国家人文历史","","zh","消费题材","人文历史","指数页面联想词","[{""url"":""https://creator.douyin.com/creator-micro/creator-count/arithmetic-index/analysis?source=creator&keyword=%E9%9D%9E%E9%81%97&appName=aweme"",""recordId"":""DS-4"",""originalText"":""国家人文历史"",""field"":""searches[3].terms[2]"",""sourceType"":""指数页面联想词""}]"
"历史人文地理","","zh","消费题材","人文历史","指数页面联想词","[{""url"":""https://creator.douyin.com/creator-micro/creator-count/arithmetic-index/analysis?source=creator&keyword=%E9%9D%9E%E9%81%97&appName=aweme"",""recordId"":""DS-4"",""originalText"":""历史人文地理"",""field"":""searches[3].terms[3]"",""sourceType"":""指数页面联想词""}]"
"历史文化名人传","","zh","消费题材","人文历史","指数页面联想词","[{""url"":""https://creator.douyin.com/creator-micro/creator-count/arithmetic-index/analysis?source=creator&keyword=%E9%9D%9E%E9%81%97&appName=aweme"",""recordId"":""DS-4"",""originalText"":""历史文化名人传"",""field"":""searches[3].terms[4]"",""sourceType"":""指数页面联想词""}]"
"故事民间","","zh","消费题材","民间故事","指数页面联想词","[{""url"":""https://creator.douyin.com/creator-micro/creator-count/arithmetic-index/analysis?source=creator&keyword=%E4%BF%AE%E4%BB%99&appName=aweme"",""recordId"":""DS-7"",""originalText"":""故事民间"",""field"":""searches[6].terms[0]"",""sourceType"":""指数页面联想词""}]"
"民间故事剧","","zh","消费题材","民间故事","指数页面联想词","[{""url"":""https://creator.douyin.com/creator-micro/creator-count/arithmetic-index/analysis?source=creator&keyword=%E4%BF%AE%E4%BB%99&appName=aweme"",""recordId"":""DS-7"",""originalText"":""民间故事剧"",""field"":""searches[6].terms[5]"",""sourceType"":""指数页面联想词""}]"
"民间小故事","","zh","消费题材","民间故事","指数页面联想词","[{""url"":""https://creator.douyin.com/creator-micro/creator-count/arithmetic-index/analysis?source=creator&keyword=%E4%BF%AE%E4%BB%99&appName=aweme"",""recordId"":""DS-7"",""originalText"":""民间小故事"",""field"":""searches[6].terms[9]"",""sourceType"":""指数页面联想词""}]"
"民间鬼故事","","zh","消费题材","民间故事","指数页面联想词","[{""url"":""https://creator.douyin.com/creator-micro/creator-count/arithmetic-index/analysis?source=creator&keyword=%E4%BF%AE%E4%BB%99&appName=aweme"",""recordId"":""DS-7"",""originalText"":""民间鬼故事"",""field"":""searches[6].terms[10]"",""sourceType"":""指数页面联想词""}]"
"泰国民间故事","","zh","消费题材","民间故事","指数页面联想词","[{""url"":""https://creator.douyin.com/creator-micro/creator-count/arithmetic-index/analysis?source=creator&keyword=%E4%BF%AE%E4%BB%99&appName=aweme"",""recordId"":""DS-7"",""originalText"":""泰国民间故事"",""field"":""searches[6].terms[11]"",""sourceType"":""指数页面联想词""}]"
"福州民间故事","","zh","消费题材","民间故事","指数页面联想词","[{""url"":""https://creator.douyin.com/creator-micro/creator-count/arithmetic-index/analysis?source=creator&keyword=%E4%BF%AE%E4%BB%99&appName=aweme"",""recordId"":""DS-7"",""originalText"":""福州民间故事"",""field"":""searches[6].terms[12]"",""sourceType"":""指数页面联想词""}]"
"中华民间故事","","zh","消费题材","民间故事","指数页面联想词","[{""url"":""https://creator.douyin.com/creator-micro/creator-count/arithmetic-index/analysis?source=creator&keyword=%E4%BF%AE%E4%BB%99&appName=aweme"",""recordId"":""DS-7"",""originalText"":""中华民间故事"",""field"":""searches[6].terms[14]"",""sourceType"":""指数页面联想词""}]"
"中外民间故事","","zh","消费题材","民间故事","指数页面联想词","[{""url"":""https://creator.douyin.com/creator-micro/creator-count/arithmetic-index/analysis?source=creator&keyword=%E4%BF%AE%E4%BB%99&appName=aweme"",""recordId"":""DS-7"",""originalText"":""中外民间故事"",""field"":""searches[6].terms[15]"",""sourceType"":""指数页面联想词""}]"
"英语 启蒙","","zh","消费题材","英语启蒙","指数页面联想词","[{""url"":""https://creator.douyin.com/creator-micro/creator-count/arithmetic-index/analysis?source=creator&keyword=%E7%BB%98%E6%9C%AC&appName=aweme"",""recordId"":""DS-8"",""originalText"":""英语 启蒙"",""field"":""searches[7].terms[1]"",""sourceType"":""指数页面联想词""}]"
"幼儿英语启蒙","","zh","消费题材","英语启蒙","指数页面联想词","[{""url"":""https://creator.douyin.com/creator-micro/creator-count/arithmetic-index/analysis?source=creator&keyword=%E7%BB%98%E6%9C%AC&appName=aweme"",""recordId"":""DS-8"",""originalText"":""幼儿英语启蒙"",""field"":""searches[7].terms[2]"",""sourceType"":""指数页面联想词""}]"
"儿童英语启蒙","","zh","消费题材","英语启蒙","指数页面联想词","[{""url"":""https://creator.douyin.com/creator-micro/creator-count/arithmetic-index/analysis?source=creator&keyword=%E7%BB%98%E6%9C%AC&appName=aweme"",""recordId"":""DS-8"",""originalText"":""儿童英语启蒙"",""field"":""searches[7].terms[3]"",""sourceType"":""指数页面联想词""}]"
"长春英语启蒙","","zh","消费题材","英语启蒙","指数页面联想词","[{""url"":""https://creator.douyin.com/creator-micro/creator-count/arithmetic-index/analysis?source=creator&keyword=%E7%BB%98%E6%9C%AC&appName=aweme"",""recordId"":""DS-8"",""originalText"":""长春英语启蒙"",""field"":""searches[7].terms[4]"",""sourceType"":""指数页面联想词""}]"
"家庭英语启蒙","","zh","消费题材","英语启蒙","指数页面联想词","[{""url"":""https://creator.douyin.com/creator-micro/creator-count/arithmetic-index/analysis?source=creator&keyword=%E7%BB%98%E6%9C%AC&appName=aweme"",""recordId"":""DS-8"",""originalText"":""家庭英语启蒙"",""field"":""searches[7].terms[5]"",""sourceType"":""指数页面联想词""}]"
"英语启蒙绘本","","zh","消费题材","英语启蒙","指数页面联想词","[{""url"":""https://creator.douyin.com/creator-micro/creator-count/arithmetic-index/analysis?source=creator&keyword=%E7%BB%98%E6%9C%AC&appName=aweme"",""recordId"":""DS-8"",""originalText"":""英语启蒙绘本"",""field"":""searches[7].terms[6]"",""sourceType"":""指数页面联想词""}]"
"在家英语启蒙","","zh","消费题材","英语启蒙","指数页面联想词","[{""url"":""https://creator.douyin.com/creator-micro/creator-count/arithmetic-index/analysis?source=creator&keyword=%E7%BB%98%E6%9C%AC&appName=aweme"",""recordId"":""DS-8"",""originalText"":""在家英语启蒙"",""field"":""searches[7].terms[7]"",""sourceType"":""指数页面联想词""}]"
"少儿英语启蒙","","zh","消费题材","英语启蒙","指数页面联想词","[{""url"":""https://creator.douyin.com/creator-micro/creator-count/arithmetic-index/analysis?source=creator&keyword=%E7%BB%98%E6%9C%AC&appName=aweme"",""recordId"":""DS-8"",""originalText"":""少儿英语启蒙"",""field"":""searches[7].terms[8]"",""sourceType"":""指数页面联想词""}]"
"英语启蒙规划","","zh","消费题材","英语启蒙","指数页面联想词","[{""url"":""https://creator.douyin.com/creator-micro/creator-count/arithmetic-index/analysis?source=creator&keyword=%E7%BB%98%E6%9C%AC&appName=aweme"",""recordId"":""DS-8"",""originalText"":""英语启蒙规划"",""field"":""searches[7].terms[9]"",""sourceType"":""指数页面联想词""}]"
"英语启蒙分级","","zh","消费题材","英语启蒙","指数页面联想词","[{""url"":""https://creator.douyin.com/creator-micro/creator-count/arithmetic-index/analysis?source=creator&keyword=%E7%BB%98%E6%9C%AC&appName=aweme"",""recordId"":""DS-8"",""originalText"":""英语启蒙分级"",""field"":""searches[7].terms[10]"",""sourceType"":""指数页面联想词""}]"
"英语启蒙动画","","zh","消费题材","英语启蒙","指数页面联想词","[{""url"":""https://creator.douyin.com/creator-micro/creator-count/arithmetic-index/analysis?source=creator&keyword=%E7%BB%98%E6%9C%AC&appName=aweme"",""recordId"":""DS-8"",""originalText"":""英语启蒙动画"",""field"":""searches[7].terms[11]"",""sourceType"":""指数页面联想词""}]"
"英语启蒙教育","","zh","消费题材","英语启蒙","指数页面联想词","[{""url"":""https://creator.douyin.com/creator-micro/creator-count/arithmetic-index/analysis?source=creator&keyword=%E7%BB%98%E6%9C%AC&appName=aweme"",""recordId"":""DS-8"",""originalText"":""英语启蒙教育"",""field"":""searches[7].terms[12]"",""sourceType"":""指数页面联想词""}]"
"亲子英语启蒙","","zh","消费题材","英语启蒙","指数页面联想词","[{""url"":""https://creator.douyin.com/creator-micro/creator-count/arithmetic-index/analysis?source=creator&keyword=%E7%BB%98%E6%9C%AC&appName=aweme"",""recordId"":""DS-8"",""originalText"":""亲子英语启蒙"",""field"":""searches[7].terms[13]"",""sourceType"":""指数页面联想词""}]"
"英语动画启蒙","","zh","消费题材","英语启蒙","指数页面联想词","[{""url"":""https://creator.douyin.com/creator-micro/creator-count/arithmetic-index/analysis?source=creator&keyword=%E7%BB%98%E6%9C%AC&appName=aweme"",""recordId"":""DS-8"",""originalText"":""英语动画启蒙"",""field"":""searches[7].terms[14]"",""sourceType"":""指数页面联想词""}]"
"幼儿启蒙英语","","zh","消费题材","英语启蒙","指数页面联想词","[{""url"":""https://creator.douyin.com/creator-micro/creator-count/arithmetic-index/analysis?source=creator&keyword=%E7%BB%98%E6%9C%AC&appName=aweme"",""recordId"":""DS-8"",""originalText"":""幼儿启蒙英语"",""field"":""searches[7].terms[15]"",""sourceType"":""指数页面联想词""}]"
"纪录片儿","","zh","消费题材","纪录片","指数页面联想词","[{""url"":""https://creator.douyin.com/creator-micro/creator-count/arithmetic-index/analysis?source=creator&keyword=%E7%BB%98%E6%9C%AC&appName=aweme"",""recordId"":""DS-9"",""originalText"":""纪录片儿"",""field"":""searches[8].terms[0]"",""sourceType"":""指数页面联想词""}]"
"微纪录片","","zh","消费题材","纪录片","指数页面联想词","[{""url"":""https://creator.douyin.com/creator-micro/creator-count/arithmetic-index/analysis?source=creator&keyword=%E7%BB%98%E6%9C%AC&appName=aweme"",""recordId"":""DS-9"",""originalText"":""微纪录片"",""field"":""searches[8].terms[3]"",""sourceType"":""指数页面联想词""}]"
"纪录 片","","zh","消费题材","纪录片；自然生态与科普","指数页面联想词；竞品作者用词","[{""url"":""https://www.liblib.art/modelinfo/3b3ef5c172154618be9d74cb4fe154ba"",""recordId"":""cn-liblib-05"",""originalText"":""纪录片"",""field"":""terms[62].sources[0].sourceExcerpt"",""sourceType"":""竞品作者用词""},{""url"":""https://creator.douyin.com/creator-micro/creator-count/arithmetic-index/analysis?source=creator&keyword=%E7%BB%98%E6%9C%AC&appName=aweme"",""recordId"":""DS-9"",""originalText"":""纪录 片"",""field"":""searches[8].terms[4]"",""sourceType"":""指数页面联想词""}]"
"纪录影片","","zh","消费题材","纪录片","指数页面联想词","[{""url"":""https://creator.douyin.com/creator-micro/creator-count/arithmetic-index/analysis?source=creator&keyword=%E7%BB%98%E6%9C%AC&appName=aweme"",""recordId"":""DS-9"",""originalText"":""纪录影片"",""field"":""searches[8].terms[5]"",""sourceType"":""指数页面联想词""}]"
"明星纪录片","","zh","消费题材","纪录片","指数页面联想词","[{""url"":""https://creator.douyin.com/creator-micro/creator-count/arithmetic-index/analysis?source=creator&keyword=%E7%BB%98%E6%9C%AC&appName=aweme"",""recordId"":""DS-9"",""originalText"":""明星纪录片"",""field"":""searches[8].terms[6]"",""sourceType"":""指数页面联想词""}]"
"考古纪录片","","zh","消费题材","纪录片","指数页面联想词","[{""url"":""https://creator.douyin.com/creator-micro/creator-count/arithmetic-index/analysis?source=creator&keyword=%E7%BB%98%E6%9C%AC&appName=aweme"",""recordId"":""DS-9"",""originalText"":""考古纪录片"",""field"":""searches[8].terms[7]"",""sourceType"":""指数页面联想词""}]"
"汽车纪录片","","zh","消费题材","纪录片","指数页面联想词","[{""url"":""https://creator.douyin.com/creator-micro/creator-count/arithmetic-index/analysis?source=creator&keyword=%E7%BB%98%E6%9C%AC&appName=aweme"",""recordId"":""DS-9"",""originalText"":""汽车纪录片"",""field"":""searches[8].terms[8]"",""sourceType"":""指数页面联想词""}]"
"救援纪录片","","zh","消费题材","纪录片","指数页面联想词","[{""url"":""https://creator.douyin.com/creator-micro/creator-count/arithmetic-index/analysis?source=creator&keyword=%E7%BB%98%E6%9C%AC&appName=aweme"",""recordId"":""DS-9"",""originalText"":""救援纪录片"",""field"":""searches[8].terms[10]"",""sourceType"":""指数页面联想词""}]"
"音乐纪录片","","zh","消费题材","纪录片","指数页面联想词","[{""url"":""https://creator.douyin.com/creator-micro/creator-count/arithmetic-index/analysis?source=creator&keyword=%E7%BB%98%E6%9C%AC&appName=aweme"",""recordId"":""DS-9"",""originalText"":""音乐纪录片"",""field"":""searches[8].terms[11]"",""sourceType"":""指数页面联想词""}]"
"反恐纪录片","","zh","消费题材","纪录片","指数页面联想词","[{""url"":""https://creator.douyin.com/creator-micro/creator-count/arithmetic-index/analysis?source=creator&keyword=%E7%BB%98%E6%9C%AC&appName=aweme"",""recordId"":""DS-9"",""originalText"":""反恐纪录片"",""field"":""searches[8].terms[12]"",""sourceType"":""指数页面联想词""}]"
"社会纪录片","","zh","消费题材","纪录片","指数页面联想词","[{""url"":""https://creator.douyin.com/creator-micro/creator-count/arithmetic-index/analysis?source=creator&keyword=%E7%BB%98%E6%9C%AC&appName=aweme"",""recordId"":""DS-9"",""originalText"":""社会纪录片"",""field"":""searches[8].terms[13]"",""sourceType"":""指数页面联想词""}]"
"人文纪录片","","zh","消费题材","纪录片","指数页面联想词","[{""url"":""https://creator.douyin.com/creator-micro/creator-count/arithmetic-index/analysis?source=creator&keyword=%E7%BB%98%E6%9C%AC&appName=aweme"",""recordId"":""DS-9"",""originalText"":""人文纪录片"",""field"":""searches[8].terms[14]"",""sourceType"":""指数页面联想词""}]"
"真实纪录片","","zh","消费题材","纪录片","指数页面联想词","[{""url"":""https://creator.douyin.com/creator-micro/creator-count/arithmetic-index/analysis?source=creator&keyword=%E7%BB%98%E6%9C%AC&appName=aweme"",""recordId"":""DS-9"",""originalText"":""真实纪录片"",""field"":""searches[8].terms[15]"",""sourceType"":""指数页面联想词""}]"
"机械工程","","zh","消费题材","工程机械","指数页面联想词","[{""url"":""https://creator.douyin.com/creator-micro/creator-count/arithmetic-index/analysis?source=creator&keyword=%E5%A4%A9%E6%96%87&appName=aweme"",""recordId"":""DS-10"",""originalText"":""机械工程"",""field"":""searches[9].terms[0]"",""sourceType"":""指数页面联想词""}]"
"机械工程师","","zh","消费题材","工程机械","指数页面联想词","[{""url"":""https://creator.douyin.com/creator-micro/creator-count/arithmetic-index/analysis?source=creator&keyword=%E5%A4%A9%E6%96%87&appName=aweme"",""recordId"":""DS-10"",""originalText"":""机械工程师"",""field"":""searches[9].terms[2]"",""sourceType"":""指数页面联想词""}]"
"工程机械销售","","zh","消费题材","工程机械","指数页面联想词","[{""url"":""https://creator.douyin.com/creator-micro/creator-count/arithmetic-index/analysis?source=creator&keyword=%E5%A4%A9%E6%96%87&appName=aweme"",""recordId"":""DS-10"",""originalText"":""工程机械销售"",""field"":""searches[9].terms[3]"",""sourceType"":""指数页面联想词""}]"
"工程机械培训","","zh","消费题材","工程机械","指数页面联想词","[{""url"":""https://creator.douyin.com/creator-micro/creator-count/arithmetic-index/analysis?source=creator&keyword=%E5%A4%A9%E6%96%87&appName=aweme"",""recordId"":""DS-10"",""originalText"":""工程机械培训"",""field"":""searches[9].terms[4]"",""sourceType"":""指数页面联想词""}]"
"二手工程机械","","zh","消费题材","工程机械","指数页面联想词","[{""url"":""https://creator.douyin.com/creator-micro/creator-count/arithmetic-index/analysis?source=creator&keyword=%E5%A4%A9%E6%96%87&appName=aweme"",""recordId"":""DS-10"",""originalText"":""二手工程机械"",""field"":""searches[9].terms[5]"",""sourceType"":""指数页面联想词""}]"
"工程机械底盘","","zh","消费题材","工程机械","指数页面联想词","[{""url"":""https://creator.douyin.com/creator-micro/creator-count/arithmetic-index/analysis?source=creator&keyword=%E5%A4%A9%E6%96%87&appName=aweme"",""recordId"":""DS-10"",""originalText"":""工程机械底盘"",""field"":""searches[9].terms[6]"",""sourceType"":""指数页面联想词""}]"
"隧道工程机械","","zh","消费题材","工程机械","指数页面联想词","[{""url"":""https://creator.douyin.com/creator-micro/creator-count/arithmetic-index/analysis?source=creator&keyword=%E5%A4%A9%E6%96%87&appName=aweme"",""recordId"":""DS-10"",""originalText"":""隧道工程机械"",""field"":""searches[9].terms[7]"",""sourceType"":""指数页面联想词""}]"
"工程机械租赁","","zh","消费题材","工程机械","指数页面联想词","[{""url"":""https://creator.douyin.com/creator-micro/creator-count/arithmetic-index/analysis?source=creator&keyword=%E5%A4%A9%E6%96%87&appName=aweme"",""recordId"":""DS-10"",""originalText"":""工程机械租赁"",""field"":""searches[9].terms[8]"",""sourceType"":""指数页面联想词""}]"
"工程机械配件","","zh","消费题材","工程机械","指数页面联想词","[{""url"":""https://creator.douyin.com/creator-micro/creator-count/arithmetic-index/analysis?source=creator&keyword=%E5%A4%A9%E6%96%87&appName=aweme"",""recordId"":""DS-10"",""originalText"":""工程机械配件"",""field"":""searches[9].terms[9]"",""sourceType"":""指数页面联想词""}]"
"工程机械轮胎","","zh","消费题材","工程机械","指数页面联想词","[{""url"":""https://creator.douyin.com/creator-micro/creator-count/arithmetic-index/analysis?source=creator&keyword=%E5%A4%A9%E6%96%87&appName=aweme"",""recordId"":""DS-10"",""originalText"":""工程机械轮胎"",""field"":""searches[9].terms[10]"",""sourceType"":""指数页面联想词""}]"
"工程机械环保","","zh","消费题材","工程机械","指数页面联想词","[{""url"":""https://creator.douyin.com/creator-micro/creator-count/arithmetic-index/analysis?source=creator&keyword=%E5%A4%A9%E6%96%87&appName=aweme"",""recordId"":""DS-10"",""originalText"":""工程机械环保"",""field"":""searches[9].terms[11]"",""sourceType"":""指数页面联想词""}]"
"矿山工程机械","","zh","消费题材","工程机械","指数页面联想词","[{""url"":""https://creator.douyin.com/creator-micro/creator-count/arithmetic-index/analysis?source=creator&keyword=%E5%A4%A9%E6%96%87&appName=aweme"",""recordId"":""DS-10"",""originalText"":""矿山工程机械"",""field"":""searches[9].terms[12]"",""sourceType"":""指数页面联想词""}]"
"工程机械行业","","zh","消费题材","工程机械","指数页面联想词","[{""url"":""https://creator.douyin.com/creator-micro/creator-count/arithmetic-index/analysis?source=creator&keyword=%E5%A4%A9%E6%96%87&appName=aweme"",""recordId"":""DS-10"",""originalText"":""工程机械行业"",""field"":""searches[9].terms[13]"",""sourceType"":""指数页面联想词""}]"
"建筑工程机械","","zh","消费题材","工程机械","指数页面联想词","[{""url"":""https://creator.douyin.com/creator-micro/creator-count/arithmetic-index/analysis?source=creator&keyword=%E5%A4%A9%E6%96%87&appName=aweme"",""recordId"":""DS-10"",""originalText"":""建筑工程机械"",""field"":""searches[9].terms[14]"",""sourceType"":""指数页面联想词""}]"
"农业工程机械","","zh","消费题材","工程机械","指数页面联想词","[{""url"":""https://creator.douyin.com/creator-micro/creator-count/arithmetic-index/analysis?source=creator&keyword=%E5%A4%A9%E6%96%87&appName=aweme"",""recordId"":""DS-10"",""originalText"":""农业工程机械"",""field"":""searches[9].terms[15]"",""sourceType"":""指数页面联想词""}]"
"自动做分镜","","zh","创作任务","叙事与分镜","竞品作者用词","[{""url"":""https://tusi.cn/template/927966263844578246"",""recordId"":""cn-tusi-01"",""originalText"":""自动做分镜"",""field"":""terms[1].sources[0].sourceExcerpt"",""sourceType"":""竞品作者用词""}]"
"电商","","zh","消费题材","叙事与分镜","竞品作者用词","[{""url"":""https://tusi.cn/template/927966263844578246"",""recordId"":""cn-tusi-01"",""originalText"":""电商"",""field"":""terms[2].sources[0].sourceExcerpt"",""sourceType"":""竞品作者用词""}]"
"短剧","","zh","消费题材","叙事与分镜","竞品作者用词","[{""url"":""https://tusi.cn/template/927966263844578246"",""recordId"":""cn-tusi-01"",""originalText"":""短剧"",""field"":""terms[4].sources[0].sourceExcerpt"",""sourceType"":""竞品作者用词""}]"
"超清视频","","zh","创作任务","图像视频制作","竞品作者用词","[{""url"":""https://tusi.cn/template/891278706889220616"",""recordId"":""cn-tusi-02"",""originalText"":""超清视频"",""field"":""terms[7].sources[0].sourceExcerpt"",""sourceType"":""竞品作者用词""}]"
"老照片","","zh","消费题材","家庭记忆与照片修复","竞品作者用词","[{""url"":""https://tusi.cn/template/881945735438829337"",""recordId"":""cn-tusi-03"",""originalText"":""老照片"",""field"":""terms[9].sources[0].sourceExcerpt"",""sourceType"":""竞品作者用词""}]"
"超清修复","","zh","创作任务","家庭记忆与照片修复","竞品作者用词","[{""url"":""https://tusi.cn/template/881945735438829337"",""recordId"":""cn-tusi-03"",""originalText"":""超清修复"",""field"":""terms[10].sources[0].sourceExcerpt"",""sourceType"":""竞品作者用词""}]"
"上色","","zh","创作任务","家庭记忆与照片修复","竞品作者用词","[{""url"":""https://tusi.cn/template/881945735438829337"",""recordId"":""cn-tusi-03"",""originalText"":""上色"",""field"":""terms[11].sources[0].sourceExcerpt"",""sourceType"":""竞品作者用词""}]"
"游戏三视图","","zh","创作任务","游戏角色与资产","竞品作者用词","[{""url"":""https://tusi.cn/template/719839714282047453"",""recordId"":""cn-tusi-04"",""originalText"":""游戏三视图"",""field"":""terms[12].sources[0].sourceExcerpt"",""sourceType"":""竞品作者用词""}]"
"组件生成","","zh","创作任务","游戏角色与资产","竞品作者用词","[{""url"":""https://tusi.cn/template/719839714282047453"",""recordId"":""cn-tusi-04"",""originalText"":""组件生成"",""field"":""terms[13].sources[0].sourceExcerpt"",""sourceType"":""竞品作者用词""}]"
"Live Wallpaper","动态壁纸","en","创作任务","生活与个性化","竞品作者用词","[{""url"":""https://tusi.cn/template/855972617843127801"",""recordId"":""cn-tusi-05"",""originalText"":""Live Wallpaper"",""field"":""terms[14].sources[0].sourceExcerpt"",""sourceType"":""竞品作者用词""}]"
"多邻国","","zh","工具","角色风格与娱乐","竞品作者用词","[{""url"":""https://tusi.cn/template/856012118388929344"",""recordId"":""cn-tusi-06"",""originalText"":""多邻国"",""field"":""terms[16].sources[0].sourceExcerpt"",""sourceType"":""竞品作者用词""}]"
"照片转换","","zh","创作任务","角色风格与娱乐","竞品作者用词","[{""url"":""https://tusi.cn/template/856012118388929344"",""recordId"":""cn-tusi-06"",""originalText"":""照片转换"",""field"":""terms[17].sources[0].sourceExcerpt"",""sourceType"":""竞品作者用词""}]"
"试穿","","zh","创作任务","服饰与商品展示","竞品作者用词","[{""url"":""https://tusi.cn/template/730227968860782663"",""recordId"":""cn-tusi-07"",""originalText"":""试穿"",""field"":""terms[18].sources[0].sourceExcerpt"",""sourceType"":""竞品作者用词""}]"
"换装","","zh","创作任务","服饰与商品展示","竞品作者用词","[{""url"":""https://tusi.cn/template/730227968860782663"",""recordId"":""cn-tusi-07"",""originalText"":""换装"",""field"":""terms[19].sources[0].sourceExcerpt"",""sourceType"":""竞品作者用词""}]"
"相似衣服风格","","zh","创作任务","服饰与商品展示","竞品作者用词","[{""url"":""https://tusi.cn/template/730227968860782663"",""recordId"":""cn-tusi-07"",""originalText"":""相似衣服风格"",""field"":""terms[20].sources[0].sourceExcerpt"",""sourceType"":""竞品作者用词""}]"
"迪士尼","","zh","消费题材","角色风格与娱乐","竞品作者用词","[{""url"":""https://tusi.cn/template/689112246936157890"",""recordId"":""cn-tusi-08"",""originalText"":""迪士尼"",""field"":""terms[21].sources[0].sourceExcerpt"",""sourceType"":""竞品作者用词""}]"
"皮克斯风格","","zh","消费题材","角色风格与娱乐","竞品作者用词","[{""url"":""https://tusi.cn/template/689112246936157890"",""recordId"":""cn-tusi-08"",""originalText"":""皮克斯风格"",""field"":""terms[22].sources[0].sourceExcerpt"",""sourceType"":""竞品作者用词""}]"
"写实照片","","zh","创作任务","角色风格与娱乐","竞品作者用词","[{""url"":""https://tusi.cn/template/689112246936157890"",""recordId"":""cn-tusi-08"",""originalText"":""写实照片"",""field"":""terms[23].sources[0].sourceExcerpt"",""sourceType"":""竞品作者用词""}]"
"插图","","zh","创作任务","品牌与界面设计","竞品作者用词","[{""url"":""https://tusi.cn/template/818878125369841218"",""recordId"":""cn-tusi-09"",""originalText"":""插图"",""field"":""terms[24].sources[0].sourceExcerpt"",""sourceType"":""竞品作者用词""}]"
"LOGO","标志","en","创作任务","品牌与界面设计","竞品作者用词","[{""url"":""https://tusi.cn/template/818878125369841218"",""recordId"":""cn-tusi-09"",""originalText"":""LOGO"",""field"":""terms[25].sources[0].sourceExcerpt"",""sourceType"":""竞品作者用词""}]"
"图标生成","","zh","创作任务","品牌与界面设计","竞品作者用词","[{""url"":""https://tusi.cn/template/818878125369841218"",""recordId"":""cn-tusi-09"",""originalText"":""图标生成"",""field"":""terms[26].sources[0].sourceExcerpt"",""sourceType"":""竞品作者用词""}]"
"人物3D化","","mixed","创作任务","角色风格与娱乐","竞品作者用词","[{""url"":""https://tusi.cn/template/679615790777072833"",""recordId"":""cn-tusi-10"",""originalText"":""人物3D化"",""field"":""terms[27].sources[0].sourceExcerpt"",""sourceType"":""竞品作者用词""}]"
"Chatbot","聊天机器人","en","工具","对话与教学","官方或合作方模板用词","[{""url"":""https://marketplace.dify.ai/template/langgenius/db1972b0-b019-47dd-a2a6-cb3736bb5bab"",""recordId"":""cn-dify-01"",""originalText"":""Chatbot"",""field"":""terms[28].sources[0].sourceExcerpt"",""sourceType"":""官方或合作方模板用词""}]"
"built-in memory","内置记忆","en","创作任务","对话与教学","官方或合作方模板用词","[{""url"":""https://marketplace.dify.ai/template/langgenius/db1972b0-b019-47dd-a2a6-cb3736bb5bab"",""recordId"":""cn-dify-01"",""originalText"":""built-in memory"",""field"":""terms[29].sources[0].sourceExcerpt"",""sourceType"":""官方或合作方模板用词""}]"
"Business Card Reader","名片读取器","en","工具","办公与信息整理","官方或合作方模板用词","[{""url"":""https://marketplace.dify.ai/template/langgenius/d97091e7-9948-475f-90e4-ea85f7632ba2"",""recordId"":""cn-dify-02"",""originalText"":""Business Card Reader"",""field"":""terms[30].sources[0].sourceExcerpt"",""sourceType"":""官方或合作方模板用词""}]"
"structured digital data","结构化数字数据","en","创作任务","办公与信息整理","官方或合作方模板用词","[{""url"":""https://marketplace.dify.ai/template/langgenius/d97091e7-9948-475f-90e4-ea85f7632ba2"",""recordId"":""cn-dify-02"",""originalText"":""structured digital data"",""field"":""terms[31].sources[0].sourceExcerpt"",""sourceType"":""官方或合作方模板用词""}]"
"Mythbuster","辟谣判断模板","en","工具","知识判断与工作流教学","官方或合作方模板用词","[{""url"":""https://marketplace.dify.ai/template/langgenius/e9e12fc5-22de-4c3b-9bb3-510e4363be0e"",""recordId"":""cn-dify-03"",""originalText"":""Mythbuster"",""field"":""terms[32].sources[0].sourceExcerpt"",""sourceType"":""官方或合作方模板用词""}]"
"fact or a myth","事实或传言","en","创作任务","知识判断与工作流教学","官方或合作方模板用词","[{""url"":""https://marketplace.dify.ai/template/langgenius/e9e12fc5-22de-4c3b-9bb3-510e4363be0e"",""recordId"":""cn-dify-03"",""originalText"":""fact or a myth"",""field"":""terms[33].sources[0].sourceExcerpt"",""sourceType"":""官方或合作方模板用词""}]"
"Daily News Digest","每日新闻摘要","en","工具","资讯与知识消费","官方或合作方模板用词","[{""url"":""https://marketplace.dify.ai/template/langgenius/Tool:%20Daily%20News%20Digest?creationType=templates&templateId=a11bec50-0e82-4258-8ba3-c745d5d0c8e3"",""recordId"":""cn-dify-04"",""originalText"":""Daily News Digest"",""field"":""terms[34].sources[0].sourceExcerpt"",""sourceType"":""官方或合作方模板用词""}]"
"real-time news summaries","实时新闻摘要","en","创作任务","资讯与知识消费","官方或合作方模板用词","[{""url"":""https://marketplace.dify.ai/template/langgenius/Tool:%20Daily%20News%20Digest?creationType=templates&templateId=a11bec50-0e82-4258-8ba3-c745d5d0c8e3"",""recordId"":""cn-dify-04"",""originalText"":""real-time news summaries"",""field"":""terms[35].sources[0].sourceExcerpt"",""sourceType"":""官方或合作方模板用词""}]"
"Market Research","市场研究","en","创作任务","商业研究","官方或合作方模板用词","[{""url"":""https://marketplace.dify.ai/template/langgenius/Agent%20&%20Template:%20Market%20Research%20Agent?creationType=templates&templateId=11ccd3c7-44f4-4695-9970-e8567ebb4b41"",""recordId"":""cn-dify-05"",""originalText"":""Market Research"",""field"":""terms[36].sources[0].sourceExcerpt"",""sourceType"":""官方或合作方模板用词""}]"
"licensed soundtrack","带许可的配乐","en","创作任务","视频后期与配乐","官方或合作方模板用词","[{""url"":""https://marketplace.dify.ai/template/sonilo/Generate%20a%20licensed%20soundtrack%20for%20your%20video?creationType=templates&templateId=c558a1fb-bb8c-4a5e-9404-d681c6659cf2"",""recordId"":""cn-dify-06"",""originalText"":""licensed soundtrack"",""field"":""terms[38].sources[0].sourceExcerpt"",""sourceType"":""官方或合作方模板用词""}]"
"Doc Extractor","文档提取器","en","工具","知识消费与办公","官方或合作方模板用词","[{""url"":""https://marketplace.dify.ai/template/langgenius/008cedde-aa22-4d9b-8628-5ef272f5ecba"",""recordId"":""cn-dify-07"",""originalText"":""Doc Extractor"",""field"":""terms[40].sources[0].sourceExcerpt"",""sourceType"":""官方或合作方模板用词""}]"
"AI Summarizer","AI摘要工具","en","工具","知识消费与办公","官方或合作方模板用词","[{""url"":""https://marketplace.dify.ai/template/langgenius/008cedde-aa22-4d9b-8628-5ef272f5ecba"",""recordId"":""cn-dify-07"",""originalText"":""AI Summarizer"",""field"":""terms[41].sources[0].sourceExcerpt"",""sourceType"":""官方或合作方模板用词""}]"
"Tech News","科技新闻","en","创作任务","科技资讯","官方或合作方模板用词","[{""url"":""https://marketplace.dify.ai/template/langgenius/fa22de74-dfe8-44ae-ae51-2897c522e45a"",""recordId"":""cn-dify-08"",""originalText"":""Tech News"",""field"":""terms[42].sources[0].sourceExcerpt"",""sourceType"":""官方或合作方模板用词""}]"
"Human Input","人工输入","en","创作任务","内容写作与编辑","官方或合作方模板用词","[{""url"":""https://marketplace.dify.ai/template/langgenius/Human%20Input:%20Writing%20Assistant?creationType=templates&templateId=646708b7-26d9-44d9-8c8b-e2ebf41d44b6"",""recordId"":""cn-dify-09"",""originalText"":""Human Input"",""field"":""terms[43].sources[0].sourceExcerpt"",""sourceType"":""官方或合作方模板用词""}]"
"Writing Assistant","写作助手","en","工具","内容写作与编辑","官方或合作方模板用词","[{""url"":""https://marketplace.dify.ai/template/langgenius/Human%20Input:%20Writing%20Assistant?creationType=templates&templateId=646708b7-26d9-44d9-8c8b-e2ebf41d44b6"",""recordId"":""cn-dify-09"",""originalText"":""Writing Assistant"",""field"":""terms[44].sources[0].sourceExcerpt"",""sourceType"":""官方或合作方模板用词""}]"
"Open-Box Deals","开箱品优惠","en","工具","生活消费与采购","官方或合作方模板用词","[{""url"":""https://marketplace.dify.ai/template/skyfish/85d4848f-9d52-4d33-b423-0169058f3b8c"",""recordId"":""cn-dify-10"",""originalText"":""Open-Box Deals"",""field"":""terms[45].sources[0].sourceExcerpt"",""sourceType"":""官方或合作方模板用词""}]"
"苏州园林","","zh","消费题材","旅游与地方文化","竞品作者用词","[{""url"":""https://www.liblib.art/modelinfo/fd511c7c882e45ee89b4792178a38967"",""recordId"":""cn-liblib-01"",""originalText"":""苏州园林"",""field"":""terms[46].sources[0].sourceExcerpt"",""sourceType"":""竞品作者用词""}]"
"城市旅游宣传","","zh","创作任务","旅游与城市营销","竞品作者用词","[{""url"":""https://www.liblib.art/modelinfo/96c04c52edd94210bf830d13bbd8d02f"",""recordId"":""cn-liblib-02"",""originalText"":""城市旅游宣传"",""field"":""terms[48].sources[0].sourceExcerpt"",""sourceType"":""竞品作者用词""}]"
"3D卡通风格","","mixed","创作任务","旅游与城市营销","竞品作者用词","[{""url"":""https://www.liblib.art/modelinfo/96c04c52edd94210bf830d13bbd8d02f"",""recordId"":""cn-liblib-02"",""originalText"":""3D卡通风格"",""field"":""terms[49].sources[0].sourceExcerpt"",""sourceType"":""竞品作者用词""}]"
"旅游地图","","zh","创作任务","旅游与城市营销","竞品作者用词","[{""url"":""https://www.liblib.art/modelinfo/96c04c52edd94210bf830d13bbd8d02f"",""recordId"":""cn-liblib-02"",""originalText"":""旅游地图"",""field"":""terms[50].sources[0].sourceExcerpt"",""sourceType"":""竞品作者用词""}]"
"文创衍生品","","zh","创作任务","旅游与城市营销","竞品作者用词","[{""url"":""https://www.liblib.art/modelinfo/96c04c52edd94210bf830d13bbd8d02f"",""recordId"":""cn-liblib-02"",""originalText"":""文创衍生品"",""field"":""terms[51].sources[0].sourceExcerpt"",""sourceType"":""竞品作者用词""}]"
"细胞大世界","","zh","消费题材","科学幻想与科普","竞品作者用词","[{""url"":""https://www.liblib.art/modelinfo/30cc314731b943fc9404268747a4b17e"",""recordId"":""cn-liblib-03"",""originalText"":""细胞大世界"",""field"":""terms[52].sources[0].sourceExcerpt"",""sourceType"":""竞品作者用词""}]"
"动画分镜","","zh","创作任务","科学幻想与科普","竞品作者用词","[{""url"":""https://www.liblib.art/modelinfo/30cc314731b943fc9404268747a4b17e"",""recordId"":""cn-liblib-03"",""originalText"":""动画分镜"",""field"":""terms[53].sources[0].sourceExcerpt"",""sourceType"":""竞品作者用词""}]"
"互动课件","","zh","创作任务","科学幻想与科普","竞品作者用词","[{""url"":""https://www.liblib.art/modelinfo/30cc314731b943fc9404268747a4b17e"",""recordId"":""cn-liblib-03"",""originalText"":""互动课件"",""field"":""terms[54].sources[0].sourceExcerpt"",""sourceType"":""竞品作者用词""}]"
"深空","","zh","消费题材","天文与科学艺术","竞品作者用词","[{""url"":""https://www.liblib.art/modelinfo/1c03c98a394b4eb29f94bbaa772918cc"",""recordId"":""cn-liblib-04"",""originalText"":""深空"",""field"":""terms[55].sources[0].sourceExcerpt"",""sourceType"":""竞品作者用词""}]"
"星云","","zh","消费题材","天文与科学艺术","竞品作者用词","[{""url"":""https://www.liblib.art/modelinfo/1c03c98a394b4eb29f94bbaa772918cc"",""recordId"":""cn-liblib-04"",""originalText"":""星云"",""field"":""terms[56].sources[0].sourceExcerpt"",""sourceType"":""竞品作者用词""}]"
"星系","","zh","消费题材","天文与科学艺术","竞品作者用词","[{""url"":""https://www.liblib.art/modelinfo/1c03c98a394b4eb29f94bbaa772918cc"",""recordId"":""cn-liblib-04"",""originalText"":""星系"",""field"":""terms[57].sources[0].sourceExcerpt"",""sourceType"":""竞品作者用词""}]"
"星团","","zh","消费题材","天文与科学艺术","竞品作者用词","[{""url"":""https://www.liblib.art/modelinfo/1c03c98a394b4eb29f94bbaa772918cc"",""recordId"":""cn-liblib-04"",""originalText"":""星团"",""field"":""terms[58].sources[0].sourceExcerpt"",""sourceType"":""竞品作者用词""}]"
"引力透镜","","zh","消费题材","天文与科学艺术","竞品作者用词","[{""url"":""https://www.liblib.art/modelinfo/1c03c98a394b4eb29f94bbaa772918cc"",""recordId"":""cn-liblib-04"",""originalText"":""引力透镜"",""field"":""terms[59].sources[0].sourceExcerpt"",""sourceType"":""竞品作者用词""}]"
"海洋科普文章","","zh","消费题材","自然生态与科普","竞品作者用词","[{""url"":""https://www.liblib.art/modelinfo/3b3ef5c172154618be9d74cb4fe154ba"",""recordId"":""cn-liblib-05"",""originalText"":""海洋科普文章"",""field"":""terms[61].sources[0].sourceExcerpt"",""sourceType"":""竞品作者用词""}]"
"教育课件","","zh","创作任务","自然生态与科普","竞品作者用词","[{""url"":""https://www.liblib.art/modelinfo/3b3ef5c172154618be9d74cb4fe154ba"",""recordId"":""cn-liblib-05"",""originalText"":""教育课件"",""field"":""terms[63].sources[0].sourceExcerpt"",""sourceType"":""竞品作者用词""}]"
"国潮","","zh","消费题材","传统文化与节气","竞品作者用词","[{""url"":""https://www.liblib.art/modelinfo/fb945508a0464f03af28f001110c8297"",""recordId"":""cn-liblib-06"",""originalText"":""国潮"",""field"":""terms[64].sources[0].sourceExcerpt"",""sourceType"":""竞品作者用词""}]"
"立春","","zh","消费题材","传统文化与节气","竞品作者用词","[{""url"":""https://www.liblib.art/modelinfo/fb945508a0464f03af28f001110c8297"",""recordId"":""cn-liblib-06"",""originalText"":""立春"",""field"":""terms[65].sources[0].sourceExcerpt"",""sourceType"":""竞品作者用词""}]"
"二十四节气","","zh","消费题材","传统文化与节气","竞品作者用词","[{""url"":""https://www.liblib.art/modelinfo/fb945508a0464f03af28f001110c8297"",""recordId"":""cn-liblib-06"",""originalText"":""二十四节气"",""field"":""terms[66].sources[0].sourceExcerpt"",""sourceType"":""竞品作者用词""}]"
"文物数字复原","","zh","创作任务","传统文化与节气","竞品作者用词","[{""url"":""https://www.liblib.art/modelinfo/fb945508a0464f03af28f001110c8297"",""recordId"":""cn-liblib-06"",""originalText"":""文物数字复原"",""field"":""terms[67].sources[0].sourceExcerpt"",""sourceType"":""竞品作者用词""}]"
"照片修复","","zh","创作任务","家庭记忆与照片修复","竞品作者用词","[{""url"":""https://www.liblib.art/modelinfo/f6c007ddfc0d4055a248b2aa07af5aca"",""recordId"":""cn-liblib-07"",""originalText"":""照片修复"",""field"":""terms[68].sources[0].sourceExcerpt"",""sourceType"":""竞品作者用词""}]"
"裂缝","","zh","创作任务","家庭记忆与照片修复","竞品作者用词","[{""url"":""https://www.liblib.art/modelinfo/f6c007ddfc0d4055a248b2aa07af5aca"",""recordId"":""cn-liblib-07"",""originalText"":""裂缝"",""field"":""terms[69].sources[0].sourceExcerpt"",""sourceType"":""竞品作者用词""}]"
"手动涂抹","","zh","创作任务","家庭记忆与照片修复","竞品作者用词","[{""url"":""https://www.liblib.art/modelinfo/f6c007ddfc0d4055a248b2aa07af5aca"",""recordId"":""cn-liblib-07"",""originalText"":""手动涂抹"",""field"":""terms[70].sources[0].sourceExcerpt"",""sourceType"":""竞品作者用词""}]"
"产品精修","","zh","创作任务","商品营销","竞品作者用词","[{""url"":""https://www.liblib.art/modelinfo/7150f2bec6ef4766b08074056fc03f8e"",""recordId"":""cn-liblib-08"",""originalText"":""产品精修"",""field"":""terms[71].sources[0].sourceExcerpt"",""sourceType"":""竞品作者用词""}]"
"文字保留","","zh","创作任务","商品营销","竞品作者用词","[{""url"":""https://www.liblib.art/modelinfo/7150f2bec6ef4766b08074056fc03f8e"",""recordId"":""cn-liblib-08"",""originalText"":""文字保留"",""field"":""terms[72].sources[0].sourceExcerpt"",""sourceType"":""竞品作者用词""}]"
"小颗粒纹理","","zh","创作任务","商品营销","竞品作者用词","[{""url"":""https://www.liblib.art/modelinfo/7150f2bec6ef4766b08074056fc03f8e"",""recordId"":""cn-liblib-08"",""originalText"":""小颗粒纹理"",""field"":""terms[73].sources[0].sourceExcerpt"",""sourceType"":""竞品作者用词""}]"
"精准转绘","","zh","创作任务","短剧与风格改编","竞品作者用词","[{""url"":""https://www.liblib.art/modelinfo/5dbf5f658fa14419ab4277f48a13cee0"",""recordId"":""cn-liblib-09"",""originalText"":""精准转绘"",""field"":""terms[74].sources[0].sourceExcerpt"",""sourceType"":""竞品作者用词""}]"
"kontext模型","","mixed","工具","短剧与风格改编","竞品作者用词","[{""url"":""https://www.liblib.art/modelinfo/5dbf5f658fa14419ab4277f48a13cee0"",""recordId"":""cn-liblib-09"",""originalText"":""kontext模型"",""field"":""terms[75].sources[0].sourceExcerpt"",""sourceType"":""竞品作者用词""}]"
"趣味扁平风格","","zh","创作任务","插画与教学素材","竞品作者用词","[{""url"":""https://www.liblib.art/modelinfo/074b24c27f344523ad2d098faed48c40"",""recordId"":""cn-liblib-10"",""originalText"":""趣味扁平风格"",""field"":""terms[76].sources[0].sourceExcerpt"",""sourceType"":""竞品作者用词""}]"
"儿童绘本","","zh","创作任务","插画与教学素材","竞品作者用词","[{""url"":""https://www.liblib.art/modelinfo/074b24c27f344523ad2d098faed48c40"",""recordId"":""cn-liblib-10"",""originalText"":""儿童绘本"",""field"":""terms[77].sources[0].sourceExcerpt"",""sourceType"":""竞品作者用词""}]"
"教育APP","","mixed","工具","插画与教学素材","竞品作者用词","[{""url"":""https://www.liblib.art/modelinfo/074b24c27f344523ad2d098faed48c40"",""recordId"":""cn-liblib-10"",""originalText"":""教育APP"",""field"":""terms[78].sources[0].sourceExcerpt"",""sourceType"":""竞品作者用词""}]"
"科普动画","","zh","创作任务","插画与教学素材","竞品作者用词","[{""url"":""https://www.liblib.art/modelinfo/074b24c27f344523ad2d098faed48c40"",""recordId"":""cn-liblib-10"",""originalText"":""科普动画"",""field"":""terms[79].sources[0].sourceExcerpt"",""sourceType"":""竞品作者用词""}]"
"多角度相机","","zh","创作任务","多视角制作与科普可视化","竞品作者用词","[{""url"":""https://www.runninghub.cn/post/2012894465811288065"",""recordId"":""cn-runninghub-01"",""originalText"":""多角度相机"",""field"":""terms[80].sources[0].sourceExcerpt"",""sourceType"":""竞品作者用词""}]"
"多角度照明","","zh","创作任务","多视角制作与科普可视化","竞品作者用词","[{""url"":""https://www.runninghub.cn/post/2012894465811288065"",""recordId"":""cn-runninghub-01"",""originalText"":""多角度照明"",""field"":""terms[81].sources[0].sourceExcerpt"",""sourceType"":""竞品作者用词""}]"
"立体知识讲解","","zh","创作任务","多视角制作与科普可视化","竞品作者用词","[{""url"":""https://www.runninghub.cn/post/2012894465811288065"",""recordId"":""cn-runninghub-01"",""originalText"":""立体知识讲解"",""field"":""terms[82].sources[0].sourceExcerpt"",""sourceType"":""竞品作者用词""}]"
"科普图鉴","","zh","创作任务","生物科普与图鉴","竞品作者用词","[{""url"":""https://www.runninghub.cn/ai-detail/2014613196321067009"",""recordId"":""cn-runninghub-02"",""originalText"":""科普图鉴"",""field"":""terms[83].sources[0].sourceExcerpt"",""sourceType"":""竞品作者用词""}]"
"国家地理","","zh","消费题材","生物科普与图鉴","竞品作者用词","[{""url"":""https://www.runninghub.cn/ai-detail/2014613196321067009"",""recordId"":""cn-runninghub-02"",""originalText"":""国家地理"",""field"":""terms[84].sources[0].sourceExcerpt"",""sourceType"":""竞品作者用词""}]"
"小红书","","zh","工具","知识科普与社交图文","竞品作者用词","[{""url"":""https://www.runninghub.cn/ai-detail/2047914396705366017"",""recordId"":""cn-runninghub-03"",""originalText"":""小红书"",""field"":""terms[86].sources[0].sourceExcerpt"",""sourceType"":""竞品作者用词""}]"
"科普流程图","","zh","创作任务","知识科普与社交图文","竞品作者用词","[{""url"":""https://www.runninghub.cn/ai-detail/2047914396705366017"",""recordId"":""cn-runninghub-03"",""originalText"":""科普流程图"",""field"":""terms[87].sources[0].sourceExcerpt"",""sourceType"":""竞品作者用词""}]"
"太阳系行星图","","zh","消费题材","科普信息图与影视视觉","竞品作者用词","[{""url"":""https://www.runninghub.cn/post/1992951508994031617/aiDetail"",""recordId"":""cn-runninghub-04"",""originalText"":""太阳系行星图"",""field"":""terms[88].sources[0].sourceExcerpt"",""sourceType"":""竞品作者用词""}]"
"中国朝代时间轴","","zh","创作任务","科普信息图与影视视觉","竞品作者用词","[{""url"":""https://www.runninghub.cn/post/1992951508994031617/aiDetail"",""recordId"":""cn-runninghub-04"",""originalText"":""中国朝代时间轴"",""field"":""terms[89].sources[0].sourceExcerpt"",""sourceType"":""竞品作者用词""}]"
"动作迁移","","zh","创作任务","娱乐与动作视频","竞品作者用词","[{""url"":""https://www.runninghub.cn/post/1933077979956215810"",""recordId"":""cn-runninghub-05"",""originalText"":""动作迁移"",""field"":""terms[91].sources[0].sourceExcerpt"",""sourceType"":""竞品作者用词""}]"
"爆显存","","zh","创作任务","娱乐与动作视频","竞品作者用词","[{""url"":""https://www.runninghub.cn/post/1933077979956215810"",""recordId"":""cn-runninghub-05"",""originalText"":""爆显存"",""field"":""terms[92].sources[0].sourceExcerpt"",""sourceType"":""竞品作者用词""}]"
"产品图","","zh","创作任务","商品营销与解说视频","竞品作者用词","[{""url"":""https://www.runninghub.cn/post/1998643899310727169"",""recordId"":""cn-runninghub-06"",""originalText"":""产品图"",""field"":""terms[93].sources[0].sourceExcerpt"",""sourceType"":""竞品作者用词""}]"
"分镜提示词","","zh","创作任务","商品营销与解说视频","竞品作者用词","[{""url"":""https://www.runninghub.cn/post/1998643899310727169"",""recordId"":""cn-runninghub-06"",""originalText"":""分镜提示词"",""field"":""terms[94].sources[0].sourceExcerpt"",""sourceType"":""竞品作者用词""}]"
"产品全景展示","","zh","创作任务","商品营销与解说视频","竞品作者用词","[{""url"":""https://www.runninghub.cn/post/1998643899310727169"",""recordId"":""cn-runninghub-06"",""originalText"":""产品全景展示"",""field"":""terms[95].sources[0].sourceExcerpt"",""sourceType"":""竞品作者用词""}]"
"文生图","","zh","创作任务","视觉制作与信息图","竞品作者用词","[{""url"":""https://www.runninghub.cn/post/2075504105182810113"",""recordId"":""cn-runninghub-07"",""originalText"":""文生图"",""field"":""terms[96].sources[0].sourceExcerpt"",""sourceType"":""竞品作者用词""}]"
"信息图","","zh","创作任务","视觉制作与信息图","竞品作者用词","[{""url"":""https://www.runninghub.cn/post/2075504105182810113"",""recordId"":""cn-runninghub-07"",""originalText"":""信息图"",""field"":""terms[97].sources[0].sourceExcerpt"",""sourceType"":""竞品作者用词""}]"
"科普长图","","zh","创作任务","视觉制作与信息图","竞品作者用词","[{""url"":""https://www.runninghub.cn/post/2075504105182810113"",""recordId"":""cn-runninghub-07"",""originalText"":""科普长图"",""field"":""terms[98].sources[0].sourceExcerpt"",""sourceType"":""竞品作者用词""}]"
"商业 PPT 配图","","mixed","创作任务","视觉制作与信息图","竞品作者用词","[{""url"":""https://www.runninghub.cn/post/2075504105182810113"",""recordId"":""cn-runninghub-07"",""originalText"":""商业 PPT 配图"",""field"":""terms[99].sources[0].sourceExcerpt"",""sourceType"":""竞品作者用词""}]"
"图生图","","zh","创作任务","视觉编辑与商品营销","竞品作者用词","[{""url"":""https://www.runninghub.cn/post/2080131585785032705"",""recordId"":""cn-runninghub-08"",""originalText"":""图生图"",""field"":""terms[100].sources[0].sourceExcerpt"",""sourceType"":""竞品作者用词""}]"
"带货海报","","zh","创作任务","视觉编辑与商品营销","竞品作者用词","[{""url"":""https://www.runninghub.cn/post/2080131585785032705"",""recordId"":""cn-runninghub-08"",""originalText"":""带货海报"",""field"":""terms[101].sources[0].sourceExcerpt"",""sourceType"":""竞品作者用词""}]"
"短视频封面","","zh","创作任务","视觉编辑与商品营销","竞品作者用词","[{""url"":""https://www.runninghub.cn/post/2080131585785032705"",""recordId"":""cn-runninghub-08"",""originalText"":""短视频封面"",""field"":""terms[102].sources[0].sourceExcerpt"",""sourceType"":""竞品作者用词""}]"
"视频反推","","zh","创作任务","视频分析与学习","竞品作者用词","[{""url"":""https://www.runninghub.cn/post/1980924554673606657"",""recordId"":""cn-runninghub-09"",""originalText"":""视频反推"",""field"":""terms[103].sources[0].sourceExcerpt"",""sourceType"":""竞品作者用词""}]"
"反推提示词","","zh","创作任务","视频分析与学习","竞品作者用词","[{""url"":""https://www.runninghub.cn/post/1980924554673606657"",""recordId"":""cn-runninghub-09"",""originalText"":""反推提示词"",""field"":""terms[104].sources[0].sourceExcerpt"",""sourceType"":""竞品作者用词""}]"
"可选横竖屏","","zh","创作任务","图像视频制作","竞品作者用词","[{""url"":""https://www.runninghub.cn/post/1980924554673606657"",""recordId"":""cn-runninghub-10"",""originalText"":""可选横竖屏"",""field"":""terms[105].sources[0].sourceExcerpt"",""sourceType"":""竞品作者用词""}]"
"手腕骨关节","","zh","消费题材","医学科普视觉","竞品作者用词","[{""url"":""https://jimeng.jianying.com/ai-tool/work-detail/7527675377557310746?itemType=9&workDetailType=Image"",""recordId"":""cn-jimeng-01"",""originalText"":""手腕骨关节"",""field"":""terms[106].sources[0].sourceExcerpt"",""sourceType"":""竞品作者用词""}]"
"3D关节模型","","mixed","创作任务","医学科普视觉","竞品作者用词","[{""url"":""https://jimeng.jianying.com/ai-tool/work-detail/7527675377557310746?itemType=9&workDetailType=Image"",""recordId"":""cn-jimeng-01"",""originalText"":""3D关节模型"",""field"":""terms[107].sources[0].sourceExcerpt"",""sourceType"":""竞品作者用词""}]"
"骨科疾病科普","","zh","消费题材","医学科普视觉","竞品作者用词","[{""url"":""https://jimeng.jianying.com/ai-tool/work-detail/7527675377557310746?itemType=9&workDetailType=Image"",""recordId"":""cn-jimeng-01"",""originalText"":""骨科疾病科普"",""field"":""terms[108].sources[0].sourceExcerpt"",""sourceType"":""竞品作者用词""}]"
"康复治疗说明","","zh","消费题材","医学科普视觉","竞品作者用词","[{""url"":""https://jimeng.jianying.com/ai-tool/work-detail/7527675377557310746?itemType=9&workDetailType=Image"",""recordId"":""cn-jimeng-01"",""originalText"":""康复治疗说明"",""field"":""terms[109].sources[0].sourceExcerpt"",""sourceType"":""竞品作者用词""}]"
"立体字","","zh","消费题材","旅游与活动营销","竞品作者用词","[{""url"":""https://jimeng.jianying.com/ai-tool/work-detail/7656617675535158537?itemType=9&workDetailType=Image"",""recordId"":""cn-jimeng-02"",""originalText"":""立体字"",""field"":""terms[110].sources[0].sourceExcerpt"",""sourceType"":""竞品作者用词""}]"
"漂流","","zh","消费题材","旅游与活动营销","竞品作者用词","[{""url"":""https://jimeng.jianying.com/ai-tool/work-detail/7656617675535158537?itemType=9&workDetailType=Image"",""recordId"":""cn-jimeng-02"",""originalText"":""漂流"",""field"":""terms[111].sources[0].sourceExcerpt"",""sourceType"":""竞品作者用词""}]"
"字体设计","","zh","创作任务","旅游与活动营销","竞品作者用词","[{""url"":""https://jimeng.jianying.com/ai-tool/work-detail/7656617675535158537?itemType=9&workDetailType=Image"",""recordId"":""cn-jimeng-02"",""originalText"":""字体设计"",""field"":""terms[112].sources[0].sourceExcerpt"",""sourceType"":""竞品作者用词""}]"
"长阳丹水漂流","","zh","消费题材","旅游与活动营销","竞品作者用词","[{""url"":""https://jimeng.jianying.com/ai-tool/work-detail/7656617675535158537?itemType=9&workDetailType=Image"",""recordId"":""cn-jimeng-02"",""originalText"":""长阳丹水漂流"",""field"":""terms[113].sources[0].sourceExcerpt"",""sourceType"":""竞品作者用词""}]"
"三家分晋","","zh","消费题材","历史叙事","竞品作者用词","[{""url"":""https://jimeng.jianying.com/ai-tool/work-detail/7622187414223736102?itemType=53&workDetailType=AiVideo"",""recordId"":""cn-jimeng-03"",""originalText"":""三家分晋"",""field"":""terms[114].sources[0].sourceExcerpt"",""sourceType"":""竞品作者用词""}]"
"旅游App","","mixed","工具","旅游产品设计","竞品作者用词","[{""url"":""https://jimeng.jianying.com/ai-tool/work-detail/7626020284662828326?itemType=9&workDetailType=Image"",""recordId"":""cn-jimeng-04"",""originalText"":""旅游App"",""field"":""terms[115].sources[0].sourceExcerpt"",""sourceType"":""竞品作者用词""}]"
"UI界面","","mixed","创作任务","旅游产品设计","竞品作者用词","[{""url"":""https://jimeng.jianying.com/ai-tool/work-detail/7626020284662828326?itemType=9&workDetailType=Image"",""recordId"":""cn-jimeng-04"",""originalText"":""UI界面"",""field"":""terms[116].sources[0].sourceExcerpt"",""sourceType"":""竞品作者用词""}]"
"网站设计","","zh","创作任务","旅游产品设计","竞品作者用词","[{""url"":""https://jimeng.jianying.com/ai-tool/work-detail/7626020284662828326?itemType=9&workDetailType=Image"",""recordId"":""cn-jimeng-04"",""originalText"":""网站设计"",""field"":""terms[117].sources[0].sourceExcerpt"",""sourceType"":""竞品作者用词""}]"
"直播","","zh","消费题材","旅游与亲子活动","竞品作者用词","[{""url"":""https://jimeng.jianying.com/ai-tool/work-detail/7614104058302860571?itemType=9&workDetailType=Image"",""recordId"":""cn-jimeng-05"",""originalText"":""直播"",""field"":""terms[119].sources[0].sourceExcerpt"",""sourceType"":""竞品作者用词""}]"
"踏青","","zh","消费题材","旅游与亲子活动","竞品作者用词","[{""url"":""https://jimeng.jianying.com/ai-tool/work-detail/7614104058302860571?itemType=9&workDetailType=Image"",""recordId"":""cn-jimeng-05"",""originalText"":""踏青"",""field"":""terms[121].sources[0].sourceExcerpt"",""sourceType"":""竞品作者用词""}]"
"清江画廊","","zh","消费题材","旅游与亲子活动","竞品作者用词","[{""url"":""https://jimeng.jianying.com/ai-tool/work-detail/7614104058302860571?itemType=9&workDetailType=Image"",""recordId"":""cn-jimeng-05"",""originalText"":""清江画廊"",""field"":""terms[122].sources[0].sourceExcerpt"",""sourceType"":""竞品作者用词""}]"
"君子馆","","zh","消费题材","历史叙事与分镜","竞品作者用词","[{""url"":""https://jimeng.jianying.com/ai-tool/work-detail/7654622192352644390?itemType=9&workDetailType=Image"",""recordId"":""cn-jimeng-06"",""originalText"":""君子馆"",""field"":""terms[123].sources[0].sourceExcerpt"",""sourceType"":""竞品作者用词""}]"
"宋军步兵","","zh","消费题材","历史叙事与分镜","竞品作者用词","[{""url"":""https://jimeng.jianying.com/ai-tool/work-detail/7654622192352644390?itemType=9&workDetailType=Image"",""recordId"":""cn-jimeng-06"",""originalText"":""宋军步兵"",""field"":""terms[124].sources[0].sourceExcerpt"",""sourceType"":""竞品作者用词""}]"
"国庆旅游","","zh","消费题材","旅游文化与兴趣创作","竞品作者用词","[{""url"":""https://jimeng.jianying.com/ai-tool/work-detail/7555101692467973414?itemType=9&workDetailType=Image"",""recordId"":""cn-jimeng-07"",""originalText"":""国庆旅游"",""field"":""terms[125].sources[0].sourceExcerpt"",""sourceType"":""竞品作者用词""}]"
"植物图谱","","zh","消费题材","植物知识图谱","竞品作者用词","[{""url"":""https://jimeng.jianying.com/ai-tool/work-detail/7589462225853680922?itemType=9&workDetailType=Image"",""recordId"":""cn-jimeng-08"",""originalText"":""植物图谱"",""field"":""terms[127].sources[0].sourceExcerpt"",""sourceType"":""竞品作者用词""}]"
"中药材","","zh","消费题材","植物知识图谱","竞品作者用词","[{""url"":""https://jimeng.jianying.com/ai-tool/work-detail/7589462225853680922?itemType=9&workDetailType=Image"",""recordId"":""cn-jimeng-08"",""originalText"":""中药材"",""field"":""terms[128].sources[0].sourceExcerpt"",""sourceType"":""竞品作者用词""}]"
"全景科普图","","zh","消费题材","植物知识图谱","竞品作者用词","[{""url"":""https://jimeng.jianying.com/ai-tool/work-detail/7589462225853680922?itemType=9&workDetailType=Image"",""recordId"":""cn-jimeng-08"",""originalText"":""全景科普图"",""field"":""terms[129].sources[0].sourceExcerpt"",""sourceType"":""竞品作者用词""}]"
"知识图解海报","","zh","创作任务","历史人物与知识图解","竞品作者用词","[{""url"":""https://jimeng.jianying.com/ai-tool/work-detail/7649030276185656627?itemType=9&workDetailType=Image"",""recordId"":""cn-jimeng-09"",""originalText"":""知识图解海报"",""field"":""terms[132].sources[0].sourceExcerpt"",""sourceType"":""竞品作者用词""}]"
"整颗蓝莓","","zh","消费题材","食品营销与人物叙事","竞品作者用词","[{""url"":""https://jimeng.jianying.com/ai-tool/work-detail/7633773644845550857?itemType=210&workDetailType=ShowcaseVideo"",""recordId"":""cn-jimeng-10"",""originalText"":""整颗蓝莓"",""field"":""terms[133].sources[0].sourceExcerpt"",""sourceType"":""竞品作者用词""}]"
"甘肃的歌","","zh","消费题材","地方文化与旅游","媒体具名作品","[{""url"":""https://m.thepaper.cn/newsDetail_forward_29699661"",""recordId"":""cn-kling-01"",""originalText"":""甘肃的歌"",""field"":""terms[135].sources[0].sourceExcerpt"",""sourceType"":""媒体具名作品""}]"
"墨子","","zh","消费题材","传统文化与科学精神","媒体具名作品","[{""url"":""https://news.iqilu.com/shandong/yuanchuang/2025/0110/5766375.shtml"",""recordId"":""cn-kling-02"",""originalText"":""墨子"",""field"":""terms[136].sources[0].sourceExcerpt"",""sourceType"":""媒体具名作品""}]"
"木鸢","","zh","消费题材","传统文化与科学精神","媒体具名作品","[{""url"":""https://news.iqilu.com/shandong/yuanchuang/2025/0110/5766375.shtml"",""recordId"":""cn-kling-02"",""originalText"":""木鸢"",""field"":""terms[137].sources[0].sourceExcerpt"",""sourceType"":""媒体具名作品""}]"
"一百七十五米深的春天","","zh","消费题材","家庭、故乡与社会生活","媒体具名作品","[{""url"":""https://m.thepaper.cn/newsDetail_forward_33577472"",""recordId"":""cn-kling-03"",""originalText"":""一百七十五米深的春天"",""field"":""terms[138].sources[0].sourceExcerpt"",""sourceType"":""媒体具名作品""}]"
"玛纳斯","","zh","消费题材","民族文化与非遗","媒体具名作品","[{""url"":""https://m.thepaper.cn/newsDetail_forward_33577472"",""recordId"":""cn-kling-04"",""originalText"":""玛纳斯"",""field"":""terms[139].sources[0].sourceExcerpt"",""sourceType"":""媒体具名作品""}]"
"哭泣的洗手盆","","zh","消费题材","环境议题","媒体具名作品","[{""url"":""https://m.thepaper.cn/newsDetail_forward_33577472"",""recordId"":""cn-kling-09"",""originalText"":""哭泣的洗手盆"",""field"":""terms[140].sources[0].sourceExcerpt"",""sourceType"":""媒体具名作品""}]"
"Dinosaur","恐龙","en","消费题材","自然动物；幻想生物","竞品作者用词","[{""url"":""https://www.seaart.ai/explore/detail/crp030te878c739675rg"",""recordId"":""gl-seaart-01"",""originalText"":""Dinosaur"",""field"":""samples[0].evidenceExcerpt"",""sourceType"":""竞品作者用词""}]"
"Fantasy","幻想","en","消费题材","自然动物；幻想生物","竞品作者用词","[{""url"":""https://www.seaart.ai/explore/detail/crp030te878c739675rg"",""recordId"":""gl-seaart-01"",""originalText"":""Fantasy"",""field"":""samples[0].evidenceExcerpt"",""sourceType"":""竞品作者用词""}]"
"Paleontologists","古生物学家","en","消费题材","古生物；科学场景","竞品作者用词","[{""url"":""https://www.seaart.ai/explore/detail/cvfquate878c73fmsjh0?source=share_link"",""recordId"":""gl-seaart-02"",""originalText"":""Paleontologists"",""field"":""samples[1].evidenceExcerpt"",""sourceType"":""竞品作者用词""}]"
"Fossilized bones","骨骼化石","en","消费题材","古生物；科学场景","竞品作者用词","[{""url"":""https://www.seaart.ai/explore/detail/cvfquate878c73fmsjh0?source=share_link"",""recordId"":""gl-seaart-02"",""originalText"":""Fossilized bones"",""field"":""samples[1].evidenceExcerpt"",""sourceType"":""竞品作者用词""}]"
"extinction of dinosaurs","恐龙灭绝","en","消费题材","古生物；灭绝场景","竞品作者用词","[{""url"":""https://www.seaart.ai/explore/detail/d0lusrte878c739t6am0?source=share_link"",""recordId"":""gl-seaart-03"",""originalText"":""extinction of dinosaurs"",""field"":""samples[2].evidenceExcerpt"",""sourceType"":""竞品作者用词""}]"
"Mythology","神话","en","消费题材","古生物；灭绝场景","竞品作者用词","[{""url"":""https://www.seaart.ai/explore/detail/d0lusrte878c739t6am0?source=share_link"",""recordId"":""gl-seaart-03"",""originalText"":""Mythology"",""field"":""samples[2].evidenceExcerpt"",""sourceType"":""竞品作者用词""}]"
"pastry shop","甜品店","en","消费题材","餐饮空间；恐龙主题","竞品作者用词","[{""url"":""https://www.seaart.ai/explore/detail/cvi66ide878c73d45s2g"",""recordId"":""gl-seaart-04"",""originalText"":""pastry shop"",""field"":""samples[3].evidenceExcerpt"",""sourceType"":""竞品作者用词""}]"
"dinosaur theme","恐龙主题","en","消费题材","餐饮空间；恐龙主题","竞品作者用词","[{""url"":""https://www.seaart.ai/explore/detail/cvi66ide878c73d45s2g"",""recordId"":""gl-seaart-04"",""originalText"":""dinosaur theme"",""field"":""samples[3].evidenceExcerpt"",""sourceType"":""竞品作者用词""}]"
"Argentinosaurus","阿根廷龙","en","消费题材","幻想文明；古生物","竞品作者用词","[{""url"":""https://www.seaart.ai/explore/detail/d0ff1qle878c73a9k57g?source=share_link"",""recordId"":""gl-seaart-05"",""originalText"":""Argentinosaurus"",""field"":""samples[4].evidenceExcerpt"",""sourceType"":""竞品作者用词""}]"
"Atlantis","亚特兰蒂斯","en","消费题材","幻想文明；古生物","竞品作者用词","[{""url"":""https://www.seaart.ai/explore/detail/d0ff1qle878c73a9k57g?source=share_link"",""recordId"":""gl-seaart-05"",""originalText"":""Atlantis"",""field"":""samples[4].evidenceExcerpt"",""sourceType"":""竞品作者用词""}]"
"Solar System structure","太阳系结构","en","消费题材","宇宙天文；信息图","竞品作者用词","[{""url"":""https://www.seaart.ai/explore/detail/d6bico5e878c7387h2t0?pt=cluster_image_49"",""recordId"":""gl-seaart-06"",""originalText"":""Solar System structure"",""field"":""samples[5].evidenceExcerpt"",""sourceType"":""竞品作者用词""}]"
"orbital rings","轨道环","en","消费题材","宇宙天文；信息图","竞品作者用词","[{""url"":""https://www.seaart.ai/explore/detail/d6bico5e878c7387h2t0?pt=cluster_image_49"",""recordId"":""gl-seaart-06"",""originalText"":""orbital rings"",""field"":""samples[5].evidenceExcerpt"",""sourceType"":""竞品作者用词""}]"
"circular paper craft diorama","环形纸艺场景","en","消费题材","宇宙天文；纸艺","竞品作者用词","[{""url"":""https://www.seaart.ai/explore/detail/d0cjmble878c73d51230"",""recordId"":""gl-seaart-07"",""originalText"":""circular paper craft diorama"",""field"":""samples[6].evidenceExcerpt"",""sourceType"":""竞品作者用词""}]"
"Origami","折纸","en","消费题材","宇宙天文；纸艺","竞品作者用词","[{""url"":""https://www.seaart.ai/explore/detail/d0cjmble878c73d51230"",""recordId"":""gl-seaart-07"",""originalText"":""Origami"",""field"":""samples[6].evidenceExcerpt"",""sourceType"":""竞品作者用词""}]"
"messy and dirty","凌乱和脏污","en","消费题材","生活空间；场景设计","竞品作者用词","[{""url"":""https://www.seaart.ai/explore/detail/cpqc3tte878c7383t6q0"",""recordId"":""gl-seaart-08"",""originalText"":""messy and dirty"",""field"":""samples[7].evidenceExcerpt"",""sourceType"":""竞品作者用词""}]"
"Scene Design","场景设计","en","创作任务","生活空间；场景设计","竞品作者用词","[{""url"":""https://www.seaart.ai/explore/detail/cpqc3tte878c7383t6q0"",""recordId"":""gl-seaart-08"",""originalText"":""Scene Design"",""field"":""samples[7].evidenceExcerpt"",""sourceType"":""竞品作者用词""}]"
"interior photo","室内照片","en","创作任务","室内设计；北欧风格","竞品作者用词","[{""url"":""https://www.seaart.ai/explore/detail/cjve98h4msbf9f2h7ing"",""recordId"":""gl-seaart-09"",""originalText"":""interior photo"",""field"":""samples[8].evidenceExcerpt"",""sourceType"":""竞品作者用词""}]"
"Scandinavian Interior","北欧室内","en","消费题材","室内设计；北欧风格","竞品作者用词","[{""url"":""https://www.seaart.ai/explore/detail/cjve98h4msbf9f2h7ing"",""recordId"":""gl-seaart-09"",""originalText"":""Scandinavian Interior"",""field"":""samples[8].evidenceExcerpt"",""sourceType"":""竞品作者用词""}]"
"3d rendering","三维渲染风格","en","创作任务","室内设计；工作空间","竞品作者用词","[{""url"":""https://www.seaart.ai/explore/detail/cjs188h4msb18srhks60"",""recordId"":""gl-seaart-10"",""originalText"":""3d rendering"",""field"":""samples[9].evidenceExcerpt"",""sourceType"":""竞品作者用词""}]"
"render vray","V-Ray渲染表述","en","创作任务","室内设计；工作空间","竞品作者用词","[{""url"":""https://www.seaart.ai/explore/detail/cjs188h4msb18srhks60"",""recordId"":""gl-seaart-10"",""originalText"":""render vray"",""field"":""samples[9].evidenceExcerpt"",""sourceType"":""竞品作者用词""}]"
"Pigment Museum","颜料博物馆","en","消费题材","展陈空间；博物馆","竞品作者用词","[{""url"":""https://www.seaart.ai/explore/detail/cj67oep4msbabq81epi0"",""recordId"":""gl-seaart-11"",""originalText"":""Pigment Museum"",""field"":""samples[10].evidenceExcerpt"",""sourceType"":""竞品作者用词""}]"
"Interior showroom design","室内展厅设计","en","创作任务","展陈空间；博物馆","竞品作者用词","[{""url"":""https://www.seaart.ai/explore/detail/cj67oep4msbabq81epi0"",""recordId"":""gl-seaart-11"",""originalText"":""Interior showroom design"",""field"":""samples[10].evidenceExcerpt"",""sourceType"":""竞品作者用词""}]"
"Wallpaper","壁纸","en","消费题材","航天；壁纸","竞品作者用词","[{""url"":""https://www.seaart.ai/explore/detail/cvtgps5e878c738lpmpg"",""recordId"":""gl-seaart-12"",""originalText"":""Wallpaper"",""field"":""samples[11].evidenceExcerpt"",""sourceType"":""竞品作者用词""}]"
"Cosmic rays","宇宙射线","en","消费题材","航天；壁纸","竞品作者用词","[{""url"":""https://www.seaart.ai/explore/detail/cvtgps5e878c738lpmpg"",""recordId"":""gl-seaart-12"",""originalText"":""Cosmic rays"",""field"":""samples[11].evidenceExcerpt"",""sourceType"":""竞品作者用词""}]"
"Napoleon","拿破仑","en","消费题材","历史人物","竞品作者用词","[{""url"":""https://www.seaart.ai/explore/detail/cugas1le878c73dir0hg?source=share_link"",""recordId"":""gl-seaart-13"",""originalText"":""Napoleon"",""field"":""samples[12].evidenceExcerpt"",""sourceType"":""竞品作者用词""}]"
"burning city of Moscow","燃烧的莫斯科城","en","消费题材","历史场景；影视风格","竞品作者用词","[{""url"":""https://www.seaart.ai/explore/detail/coafpgde878c73b3m9q0"",""recordId"":""gl-seaart-14"",""originalText"":""burning city of Moscow"",""field"":""samples[13].evidenceExcerpt"",""sourceType"":""竞品作者用词""}]"
"Cinematic","电影风格","en","创作任务","历史场景；影视风格","竞品作者用词","[{""url"":""https://www.seaart.ai/explore/detail/coafpgde878c73b3m9q0"",""recordId"":""gl-seaart-14"",""originalText"":""Cinematic"",""field"":""samples[13].evidenceExcerpt"",""sourceType"":""竞品作者用词""}]"
"comic strip","条漫","en","创作任务","职场教育；漫画","竞品作者用词","[{""url"":""https://www.seaart.ai/explore/detail/cppqajde878c73ep5djg"",""recordId"":""gl-seaart-15"",""originalText"":""comic strip"",""field"":""samples[14].evidenceExcerpt"",""sourceType"":""竞品作者用词""}]"
"gender-neutral terms","性别中立用语","en","消费题材","职场教育；漫画","竞品作者用词","[{""url"":""https://www.seaart.ai/explore/detail/cppqajde878c73ep5djg"",""recordId"":""gl-seaart-15"",""originalText"":""gender-neutral terms"",""field"":""samples[14].evidenceExcerpt"",""sourceType"":""竞品作者用词""}]"
"Martial Arts Matches","武术比赛","en","消费题材","武术；漫画","竞品作者用词","[{""url"":""https://www.seaart.ai/explore/detail/ckc50094msb0ko4nkoq0"",""recordId"":""gl-seaart-16"",""originalText"":""Martial Arts Matches"",""field"":""samples[15].evidenceExcerpt"",""sourceType"":""竞品作者用词""}]"
"Voice bubbles","对白气泡","en","创作任务","武术；漫画","竞品作者用词","[{""url"":""https://www.seaart.ai/explore/detail/ckc50094msb0ko4nkoq0"",""recordId"":""gl-seaart-16"",""originalText"":""Voice bubbles"",""field"":""samples[15].evidenceExcerpt"",""sourceType"":""竞品作者用词""}]"
"cuttlefish head","乌贼头部","en","消费题材","幻想生物；生物设计","竞品作者用词","[{""url"":""https://www.seaart.ai/explore/detail/cikgd8p4msb1g3im74h0"",""recordId"":""gl-seaart-17"",""originalText"":""cuttlefish head"",""field"":""samples[16].evidenceExcerpt"",""sourceType"":""竞品作者用词""}]"
"unknown signal received","收到未知信号","en","消费题材","科幻宇宙；场景设计","竞品作者用词","[{""url"":""https://www.seaart.ai/explore/detail/clnjgup4msbc73b4rtmg"",""recordId"":""gl-seaart-18"",""originalText"":""unknown signal received"",""field"":""samples[17].evidenceExcerpt"",""sourceType"":""竞品作者用词""}]"
"Futuristic Science Lab","未来科学实验室","en","消费题材","科幻宇宙；场景设计","竞品作者用词","[{""url"":""https://www.seaart.ai/explore/detail/clnjgup4msbc73b4rtmg"",""recordId"":""gl-seaart-18"",""originalText"":""Futuristic Science Lab"",""field"":""samples[17].evidenceExcerpt"",""sourceType"":""竞品作者用词""}]"
"LAN Connections and Uses","局域网连接与用途","en","消费题材","网络知识；教育可视化","竞品作者用词","[{""url"":""https://app.leonardo.ai/generation/image/generate-educational-infographic-based-following-8e9d5f4f-26b4-4b4f-ad3c-035ca1d6f64d"",""recordId"":""gl-leonardo-01"",""originalText"":""LAN Connections and Uses"",""field"":""samples[18].evidenceExcerpt"",""sourceType"":""竞品作者用词""}]"
"editable PowerPoint placement","便于放入可编辑演示文稿","en","消费题材","网络知识；教育可视化","竞品作者用词","[{""url"":""https://app.leonardo.ai/generation/image/generate-educational-infographic-based-following-8e9d5f4f-26b4-4b4f-ad3c-035ca1d6f64d"",""recordId"":""gl-leonardo-01"",""originalText"":""editable PowerPoint placement"",""field"":""samples[18].evidenceExcerpt"",""sourceType"":""竞品作者用词""}]"
"CRISPR","CRISPR基因编辑","en","消费题材","生物科学；教育可视化","竞品作者用词","[{""url"":""https://app.leonardo.ai/generation/image/scientific-editorial-illustration-style-reference-9001d959-c3ab-4337-8107-0ae0c6788aa2"",""recordId"":""gl-leonardo-02"",""originalText"":""CRISPR"",""field"":""samples[19].evidenceExcerpt"",""sourceType"":""竞品作者用词""}]"
"BASE EDITING","碱基编辑","en","消费题材","生物科学；教育可视化","竞品作者用词","[{""url"":""https://app.leonardo.ai/generation/image/scientific-editorial-illustration-style-reference-9001d959-c3ab-4337-8107-0ae0c6788aa2"",""recordId"":""gl-leonardo-02"",""originalText"":""BASE EDITING"",""field"":""samples[19].evidenceExcerpt"",""sourceType"":""竞品作者用词""}]"
"TiO2 nanotube arrays","二氧化钛纳米管阵列","en","消费题材","材料科学；科研图示","竞品作者用词","[{""url"":""https://app.leonardo.ai/generation/image/create-high-quality-scientific-graphical-abstract-2e21b414-726d-4d38-9a33-f9d45627d59c"",""recordId"":""gl-leonardo-03"",""originalText"":""TiO2 nanotube arrays"",""field"":""samples[20].evidenceExcerpt"",""sourceType"":""竞品作者用词""}]"
"Electronic structure evolution","电子结构演变","en","消费题材","材料科学；科研图示","竞品作者用词","[{""url"":""https://app.leonardo.ai/generation/image/create-high-quality-scientific-graphical-abstract-2e21b414-726d-4d38-9a33-f9d45627d59c"",""recordId"":""gl-leonardo-03"",""originalText"":""Electronic structure evolution"",""field"":""samples[20].evidenceExcerpt"",""sourceType"":""竞品作者用词""}]"
"Douyin picture-comic","抖音图文漫画","en","消费题材","亲情故事；社交图文","竞品作者用词","[{""url"":""https://app.leonardo.ai/generation/image/generate-exactly-one-image-prompt-return-markdown-c3f82321-6c60-41b9-96e2-080b945e9f51"",""recordId"":""gl-leonardo-04"",""originalText"":""Douyin picture-comic"",""field"":""samples[21].evidenceExcerpt"",""sourceType"":""竞品作者用词""}]"
"faded quilt","褪色棉被","en","消费题材","亲情故事；社交图文","竞品作者用词","[{""url"":""https://app.leonardo.ai/generation/image/generate-exactly-one-image-prompt-return-markdown-c3f82321-6c60-41b9-96e2-080b945e9f51"",""recordId"":""gl-leonardo-04"",""originalText"":""faded quilt"",""field"":""samples[21].evidenceExcerpt"",""sourceType"":""竞品作者用词""}]"
"speech bubbles","对白气泡","en","创作任务","漫画素材；平面设计","竞品作者用词","[{""url"":""https://app.leonardo.ai/generation/image/image-features-set-four-comic-style-speech-bubbles-c3c4fcf2-5d08-478d-852b-9dbffe5e40d4"",""recordId"":""gl-leonardo-05"",""originalText"":""speech bubbles"",""field"":""samples[22].evidenceExcerpt"",""sourceType"":""竞品作者用词""}]"
"halftone dot pattern","半调网点","en","创作任务","漫画素材；平面设计","竞品作者用词","[{""url"":""https://app.leonardo.ai/generation/image/image-features-set-four-comic-style-speech-bubbles-c3c4fcf2-5d08-478d-852b-9dbffe5e40d4"",""recordId"":""gl-leonardo-05"",""originalText"":""halftone dot pattern"",""field"":""samples[22].evidenceExcerpt"",""sourceType"":""竞品作者用词""}]"
"Comedy Movies","喜剧电影","en","消费题材","影视封面；漫画风格","竞品作者用词","[{""url"":""https://app.leonardo.ai/generation/image/high-quality-vibrant-comic-book-style-illustration-bfba00b9-91e6-4029-9938-a614814d6634"",""recordId"":""gl-leonardo-06"",""originalText"":""Comedy Movies"",""field"":""samples[23].evidenceExcerpt"",""sourceType"":""竞品作者用词""}]"
"streaming cover","流媒体封面","en","创作任务","影视封面；漫画风格","竞品作者用词","[{""url"":""https://app.leonardo.ai/generation/image/high-quality-vibrant-comic-book-style-illustration-bfba00b9-91e6-4029-9938-a614814d6634"",""recordId"":""gl-leonardo-06"",""originalText"":""streaming cover"",""field"":""samples[23].evidenceExcerpt"",""sourceType"":""竞品作者用词""}]"
"wildlife photography edit","野生动物摄影编辑","en","创作任务","自然动物；摄影后期","竞品作者用词","[{""url"":""https://app.leonardo.ai/generation/image/apply-high-end-cinematic-wildlife-photography-edit-78bf1942-c444-40b1-aa02-ff03e44139b3"",""recordId"":""gl-leonardo-07"",""originalText"":""wildlife photography edit"",""field"":""samples[24].evidenceExcerpt"",""sourceType"":""竞品作者用词""}]"
"natural textures","自然纹理","en","消费题材","自然动物；摄影后期","竞品作者用词","[{""url"":""https://app.leonardo.ai/generation/image/apply-high-end-cinematic-wildlife-photography-edit-78bf1942-c444-40b1-aa02-ff03e44139b3"",""recordId"":""gl-leonardo-07"",""originalText"":""natural textures"",""field"":""samples[24].evidenceExcerpt"",""sourceType"":""竞品作者用词""}]"
"Royal Bengal tiger","孟加拉虎","en","消费题材","自然动物；幽默幻想","竞品作者用词","[{""url"":""https://app.leonardo.ai/generation/image/photorealistic-wildlife-photography-cinematic-c618e5fe-a0f1-4937-ae5e-2fb9b351a0f2"",""recordId"":""gl-leonardo-08"",""originalText"":""Royal Bengal tiger"",""field"":""samples[25].evidenceExcerpt"",""sourceType"":""竞品作者用词""}]"
"grilled steak","烤牛排","en","消费题材","自然动物；幽默幻想","竞品作者用词","[{""url"":""https://app.leonardo.ai/generation/image/photorealistic-wildlife-photography-cinematic-c618e5fe-a0f1-4937-ae5e-2fb9b351a0f2"",""recordId"":""gl-leonardo-08"",""originalText"":""grilled steak"",""field"":""samples[25].evidenceExcerpt"",""sourceType"":""竞品作者用词""}]"
"ancient greece","古希腊","en","消费题材","古代文明；神话场景","竞品作者用词","[{""url"":""https://app.leonardo.ai/generation/image/ancient-greece-stormy-scene-foreground-sharp-focus-a235eb4d-8abf-4f15-897f-854fd56ac802"",""recordId"":""gl-leonardo-09"",""originalText"":""ancient greece"",""field"":""samples[26].evidenceExcerpt"",""sourceType"":""竞品作者用词""}]"
"mythic realism","神话写实风格","en","消费题材","古代文明；神话场景","竞品作者用词","[{""url"":""https://app.leonardo.ai/generation/image/ancient-greece-stormy-scene-foreground-sharp-focus-a235eb4d-8abf-4f15-897f-854fd56ac802"",""recordId"":""gl-leonardo-09"",""originalText"":""mythic realism"",""field"":""samples[26].evidenceExcerpt"",""sourceType"":""竞品作者用词""}]"
"Sufi Master","苏菲导师","en","消费题材","宗教文化；科幻混搭","竞品作者用词","[{""url"":""https://app.leonardo.ai/generation/image/futuristic-sci-fi-style-dynamic-motion-ancient-26b43f60-ff5a-426c-88b1-89e731514bb2"",""recordId"":""gl-leonardo-10"",""originalText"":""Sufi Master"",""field"":""samples[27].evidenceExcerpt"",""sourceType"":""竞品作者用词""}]"
"Persian robes","波斯长袍","en","消费题材","宗教文化；科幻混搭","竞品作者用词","[{""url"":""https://app.leonardo.ai/generation/image/futuristic-sci-fi-style-dynamic-motion-ancient-26b43f60-ff5a-426c-88b1-89e731514bb2"",""recordId"":""gl-leonardo-10"",""originalText"":""Persian robes"",""field"":""samples[27].evidenceExcerpt"",""sourceType"":""竞品作者用词""}]"
"ancient crocodile","古鳄鱼","en","消费题材","古生物；自然场景","竞品作者用词","[{""url"":""https://app.leonardo.ai/generation/image/ancient-crocodile-watching-dark-water-world-897808d9-a4f3-496f-b0e8-89936752eadc"",""recordId"":""gl-leonardo-11"",""originalText"":""ancient crocodile"",""field"":""samples[28].evidenceExcerpt"",""sourceType"":""竞品作者用词""}]"
"paleoart","古生物复原艺术","en","消费题材","古生物；自然场景","竞品作者用词","[{""url"":""https://app.leonardo.ai/generation/image/ancient-crocodile-watching-dark-water-world-897808d9-a4f3-496f-b0e8-89936752eadc"",""recordId"":""gl-leonardo-11"",""originalText"":""paleoart"",""field"":""samples[28].evidenceExcerpt"",""sourceType"":""竞品作者用词""}]"
"editorial restoration","编辑级修复","en","创作任务","照片修复；访谈视觉","竞品作者用词","[{""url"":""https://app.leonardo.ai/generation/image/restore-enhance-original-photo-maximum-quality-543be252-9f23-45ab-8e86-e6865885ff3c"",""recordId"":""gl-leonardo-12"",""originalText"":""editorial restoration"",""field"":""samples[29].evidenceExcerpt"",""sourceType"":""竞品作者用词""}]"
"INTERVIEW STUDIO","访谈演播室","en","消费题材","照片修复；访谈视觉","竞品作者用词","[{""url"":""https://app.leonardo.ai/generation/image/restore-enhance-original-photo-maximum-quality-543be252-9f23-45ab-8e86-e6865885ff3c"",""recordId"":""gl-leonardo-12"",""originalText"":""INTERVIEW STUDIO"",""field"":""samples[29].evidenceExcerpt"",""sourceType"":""竞品作者用词""}]"
"Daily Challenges","每日挑战","en","运营热词","个人表达；主题创作","官方模板或教程用词","[{""url"":""https://nightcafe.studio/blogs/blog/ai-art-and-art-therapy"",""recordId"":""gl-nightcafe-01"",""originalText"":""Daily Challenges"",""field"":""samples[30].evidenceExcerpt"",""sourceType"":""官方模板或教程用词""}]"
"morning pages","晨间书写","en","消费题材","个人表达；主题创作","官方模板或教程用词","[{""url"":""https://nightcafe.studio/blogs/blog/ai-art-and-art-therapy"",""recordId"":""gl-nightcafe-01"",""originalText"":""morning pages"",""field"":""samples[30].evidenceExcerpt"",""sourceType"":""官方模板或教程用词""}]"
"Victorian inventors","维多利亚时代发明家","en","消费题材","历史混搭；科幻","官方模板或教程用词","[{""url"":""https://nightcafe.studio/blogs/blog/past-future-ai-art"",""recordId"":""gl-nightcafe-02"",""originalText"":""Victorian inventors"",""field"":""samples[31].evidenceExcerpt"",""sourceType"":""官方模板或教程用词""}]"
"Stories Breaking Reality","故事突破现实","en","消费题材","故事插图；幻想","官方模板或教程用词","[{""url"":""https://nightcafe.studio/blogs/blog/turn-stories-into-ai-art-prompt-guide"",""recordId"":""gl-nightcafe-03"",""originalText"":""Stories Breaking Reality"",""field"":""samples[32].evidenceExcerpt"",""sourceType"":""官方模板或教程用词""}]"
"dramatic shadows","戏剧化阴影","en","消费题材","故事插图；幻想","官方模板或教程用词","[{""url"":""https://nightcafe.studio/blogs/blog/turn-stories-into-ai-art-prompt-guide"",""recordId"":""gl-nightcafe-03"",""originalText"":""dramatic shadows"",""field"":""samples[32].evidenceExcerpt"",""sourceType"":""官方模板或教程用词""}]"
"Unlikely Duos","不寻常的搭档","en","消费题材","动物幻想；角色组合","官方模板或教程用词","[{""url"":""https://nightcafe.studio/blogs/blog/unlikely-duos-ai-art"",""recordId"":""gl-nightcafe-04"",""originalText"":""Unlikely Duos"",""field"":""samples[33].evidenceExcerpt"",""sourceType"":""官方模板或教程用词""}]"
"samurai cat","武士猫","en","消费题材","动物幻想；角色组合","官方模板或教程用词","[{""url"":""https://nightcafe.studio/blogs/blog/unlikely-duos-ai-art"",""recordId"":""gl-nightcafe-04"",""originalText"":""samurai cat"",""field"":""samples[33].evidenceExcerpt"",""sourceType"":""官方模板或教程用词""}]"
"Everyday Enemies","日常冤家","en","消费题材","生活幽默；动物幻想","官方模板或教程用词","[{""url"":""https://nightcafe.studio/blogs/blog/everyday-enemies-ai-art"",""recordId"":""gl-nightcafe-05"",""originalText"":""Everyday Enemies"",""field"":""samples[34].evidenceExcerpt"",""sourceType"":""官方模板或教程用词""}]"
"vacuum cleaner","吸尘器","en","消费题材","生活幽默；动物幻想","官方模板或教程用词","[{""url"":""https://nightcafe.studio/blogs/blog/everyday-enemies-ai-art"",""recordId"":""gl-nightcafe-05"",""originalText"":""vacuum cleaner"",""field"":""samples[34].evidenceExcerpt"",""sourceType"":""官方模板或教程用词""}]"
"Unlikely Friends","意想不到的朋友","en","消费题材","动物幻想；关系叙事","官方模板或教程用词","[{""url"":""https://nightcafe.studio/blogs/blog/small-big-ai-art-prompt-unlikely-friends"",""recordId"":""gl-nightcafe-06"",""originalText"":""Unlikely Friends"",""field"":""samples[35].evidenceExcerpt"",""sourceType"":""官方模板或教程用词""}]"
"Mother’s Day","母亲节","en","消费题材","节日生活；情感表达","官方模板或教程用词","[{""url"":""https://nightcafe.studio/blogs/blog/how-to-create-ai-mothers-day-art-greeting-cards"",""recordId"":""gl-nightcafe-07"",""originalText"":""Mother’s Day"",""field"":""samples[36].evidenceExcerpt"",""sourceType"":""官方模板或教程用词""}]"
"Greeting Cards","贺卡","en","创作任务","节日生活；情感表达","官方模板或教程用词","[{""url"":""https://nightcafe.studio/blogs/blog/how-to-create-ai-mothers-day-art-greeting-cards"",""recordId"":""gl-nightcafe-07"",""originalText"":""Greeting Cards"",""field"":""samples[36].evidenceExcerpt"",""sourceType"":""官方模板或教程用词""}]"
"black-and-white coloring-page","黑白填色线稿","en","创作任务","插图动画；图生视频","官方模板或教程用词","[{""url"":""https://nightcafe.studio/blogs/blog/how-to-animate-an-image-with-minimax-h3"",""recordId"":""gl-nightcafe-08"",""originalText"":""black-and-white coloring-page"",""field"":""samples[37].evidenceExcerpt"",""sourceType"":""官方模板或教程用词""}]"
"camera movement","镜头运动","en","创作任务","插图动画；图生视频","官方模板或教程用词","[{""url"":""https://nightcafe.studio/blogs/blog/how-to-animate-an-image-with-minimax-h3"",""recordId"":""gl-nightcafe-08"",""originalText"":""camera movement"",""field"":""samples[37].evidenceExcerpt"",""sourceType"":""官方模板或教程用词""}]"
"gourmet burger","精品汉堡","en","消费题材","食物视觉","官方模板或教程用词","[{""url"":""https://openart.ai/blog/post/stable-diffusion-prompts-for-food"",""recordId"":""gl-openart-02"",""originalText"":""gourmet burger"",""field"":""samples[39].evidenceExcerpt"",""sourceType"":""官方模板或教程用词""}]"
"fruit platter","水果拼盘","en","消费题材","食物视觉","官方模板或教程用词","[{""url"":""https://openart.ai/blog/post/stable-diffusion-prompts-for-food"",""recordId"":""gl-openart-02"",""originalText"":""fruit platter"",""field"":""samples[39].evidenceExcerpt"",""sourceType"":""官方模板或教程用词""}]"
"Fantasy book cover","奇幻书籍封面","en","创作任务","出版视觉；故事封面","官方模板或教程用词","[{""url"":""https://openart.ai/blog/post/stable-diffusion-prompts-for-book-cover"",""recordId"":""gl-openart-03"",""originalText"":""Fantasy book cover"",""field"":""samples[40].evidenceExcerpt"",""sourceType"":""官方模板或教程用词""}]"
"Romance book cover","言情书籍封面","en","创作任务","出版视觉；故事封面","官方模板或教程用词","[{""url"":""https://openart.ai/blog/post/stable-diffusion-prompts-for-book-cover"",""recordId"":""gl-openart-03"",""originalText"":""Romance book cover"",""field"":""samples[40].evidenceExcerpt"",""sourceType"":""官方模板或教程用词""}]"
"The Fool","愚人牌","en","消费题材","卡牌设计；兴趣图像","官方模板或教程用词","[{""url"":""https://openart.ai/blog/post/stable-diffusion-prompts-for-tarot-card"",""recordId"":""gl-openart-04"",""originalText"":""The Fool"",""field"":""samples[41].evidenceExcerpt"",""sourceType"":""官方模板或教程用词""}]"
"The High Priestess","女祭司牌","en","消费题材","卡牌设计；兴趣图像","官方模板或教程用词","[{""url"":""https://openart.ai/blog/post/stable-diffusion-prompts-for-tarot-card"",""recordId"":""gl-openart-04"",""originalText"":""The High Priestess"",""field"":""samples[41].evidenceExcerpt"",""sourceType"":""官方模板或教程用词""}]"
"royal banquet","王室宴会","en","消费题材","美术史风格；历史幻想","官方模板或教程用词","[{""url"":""https://openart.ai/blog/post/stable-diffusion-prompts-for-renaissance-art"",""recordId"":""gl-openart-05"",""originalText"":""royal banquet"",""field"":""samples[42].evidenceExcerpt"",""sourceType"":""官方模板或教程用词""}]"
"medieval castle","中世纪城堡","en","消费题材","美术史风格；历史幻想","官方模板或教程用词","[{""url"":""https://openart.ai/blog/post/stable-diffusion-prompts-for-renaissance-art"",""recordId"":""gl-openart-05"",""originalText"":""medieval castle"",""field"":""samples[42].evidenceExcerpt"",""sourceType"":""官方模板或教程用词""}]"
"Modern skyscraper","现代摩天楼","en","消费题材","建筑视觉；空间设计","官方模板或教程用词","[{""url"":""https://openart.ai/blog/post/stable-diffusion-prompts-for-architecture"",""recordId"":""gl-openart-06"",""originalText"":""Modern skyscraper"",""field"":""samples[43].evidenceExcerpt"",""sourceType"":""官方模板或教程用词""}]"
"Cozy cottage","舒适乡间小屋","en","消费题材","建筑视觉；空间设计","官方模板或教程用词","[{""url"":""https://openart.ai/blog/post/stable-diffusion-prompts-for-architecture"",""recordId"":""gl-openart-06"",""originalText"":""Cozy cottage"",""field"":""samples[43].evidenceExcerpt"",""sourceType"":""官方模板或教程用词""}]"
"space station","空间站","en","消费题材","宇宙天文；科幻宇宙","官方模板或教程用词","[{""url"":""https://openart.ai/blog/post/stable-diffusion-prompts-for-space"",""recordId"":""gl-openart-07"",""originalText"":""space station"",""field"":""samples[44].evidenceExcerpt"",""sourceType"":""官方模板或教程用词""}]"
"black hole","黑洞","en","消费题材","宇宙天文；科幻宇宙","官方模板或教程用词","[{""url"":""https://openart.ai/blog/post/stable-diffusion-prompts-for-space"",""recordId"":""gl-openart-07"",""originalText"":""black hole"",""field"":""samples[44].evidenceExcerpt"",""sourceType"":""官方模板或教程用词""}]"
"Retro 80s movie poster","复古八十年代电影海报","en","创作任务","影视海报；活动视觉","官方模板或教程用词","[{""url"":""https://openart.ai/blog/post/stable-diffusion-prompts-for-poster"",""recordId"":""gl-openart-08"",""originalText"":""Retro 80s movie poster"",""field"":""samples[45].evidenceExcerpt"",""sourceType"":""官方模板或教程用词""}]"
"Minimalist concert poster","极简音乐会海报","en","创作任务","影视海报；活动视觉","官方模板或教程用词","[{""url"":""https://openart.ai/blog/post/stable-diffusion-prompts-for-poster"",""recordId"":""gl-openart-08"",""originalText"":""Minimalist concert poster"",""field"":""samples[45].evidenceExcerpt"",""sourceType"":""官方模板或教程用词""}]"
"website homepage mockup","网站首页样机","en","创作任务","产品设计；界面视觉","官方模板或教程用词","[{""url"":""https://openart.ai/blog/post/stable-diffusion-prompts-for-mockup"",""recordId"":""gl-openart-09"",""originalText"":""website homepage mockup"",""field"":""samples[46].evidenceExcerpt"",""sourceType"":""官方模板或教程用词""}]"
"Mobile app interface mockup","移动应用界面样机","en","创作任务","产品设计；界面视觉","官方模板或教程用词","[{""url"":""https://openart.ai/blog/post/stable-diffusion-prompts-for-mockup"",""recordId"":""gl-openart-09"",""originalText"":""Mobile app interface mockup"",""field"":""samples[46].evidenceExcerpt"",""sourceType"":""官方模板或教程用词""}]"
"Lush forest landscape","茂密森林景观","en","消费题材","自然风景；艺术风格","官方模板或教程用词","[{""url"":""https://openart.ai/blog/post/stable-diffusion-prompts-for-nature"",""recordId"":""gl-openart-10"",""originalText"":""Lush forest landscape"",""field"":""samples[47].evidenceExcerpt"",""sourceType"":""官方模板或教程用词""}]"
"mountain range at sunrise","日出山脉","en","消费题材","自然风景；艺术风格","官方模板或教程用词","[{""url"":""https://openart.ai/blog/post/stable-diffusion-prompts-for-nature"",""recordId"":""gl-openart-10"",""originalText"":""mountain range at sunrise"",""field"":""samples[47].evidenceExcerpt"",""sourceType"":""官方模板或教程用词""}]"
"Fantasy map","幻想地图","en","创作任务","世界观设计；地图视觉","官方模板或教程用词","[{""url"":""https://openart.ai/blog/post/stable-diffusion-prompts-for-map"",""recordId"":""gl-openart-11"",""originalText"":""Fantasy map"",""field"":""samples[48].evidenceExcerpt"",""sourceType"":""官方模板或教程用词""}]"
"Pirate treasure map","海盗藏宝图","en","创作任务","世界观设计；地图视觉","官方模板或教程用词","[{""url"":""https://openart.ai/blog/post/stable-diffusion-prompts-for-map"",""recordId"":""gl-openart-11"",""originalText"":""Pirate treasure map"",""field"":""samples[48].evidenceExcerpt"",""sourceType"":""官方模板或教程用词""}]"
"modern apartment layout","现代公寓布局","en","创作任务","室内布局；设计参考","官方模板或教程用词","[{""url"":""https://openart.ai/blog/post/stable-diffusion-prompts-for-floor-plan"",""recordId"":""gl-openart-12"",""originalText"":""modern apartment layout"",""field"":""samples[49].evidenceExcerpt"",""sourceType"":""官方模板或教程用词""}]"
"isometric 3D style","等距三维风格","en","创作任务","室内布局；设计参考","官方模板或教程用词","[{""url"":""https://openart.ai/blog/post/stable-diffusion-prompts-for-floor-plan"",""recordId"":""gl-openart-12"",""originalText"":""isometric 3D style"",""field"":""samples[49].evidenceExcerpt"",""sourceType"":""官方模板或教程用词""}]"
"geometric patterns","几何图案","en","创作任务","桌面装饰；自然幻想","官方模板或教程用词","[{""url"":""https://openart.ai/blog/post/stable-diffusion-prompts-for-wallpaper"",""recordId"":""gl-openart-13"",""originalText"":""geometric patterns"",""field"":""samples[50].evidenceExcerpt"",""sourceType"":""官方模板或教程用词""}]"
"desktop background","桌面背景","en","创作任务","桌面装饰；自然幻想","官方模板或教程用词","[{""url"":""https://openart.ai/blog/post/stable-diffusion-prompts-for-wallpaper"",""recordId"":""gl-openart-13"",""originalText"":""desktop background"",""field"":""samples[50].evidenceExcerpt"",""sourceType"":""官方模板或教程用词""}]"
"RPG character sprite","角色扮演游戏精灵","en","创作任务","游戏美术；场景素材","官方模板或教程用词","[{""url"":""https://openart.ai/blog/post/stable-diffusion-prompts-for-game-assets"",""recordId"":""gl-openart-14"",""originalText"":""RPG character sprite"",""field"":""samples[51].evidenceExcerpt"",""sourceType"":""官方模板或教程用词""}]"
"2D platformer background","二维平台游戏背景","en","创作任务","游戏美术；场景素材","官方模板或教程用词","[{""url"":""https://openart.ai/blog/post/stable-diffusion-prompts-for-game-assets"",""recordId"":""gl-openart-14"",""originalText"":""2D platformer background"",""field"":""samples[51].evidenceExcerpt"",""sourceType"":""官方模板或教程用词""}]"
"space battle","太空战斗","en","消费题材","影视视觉；故事场景","官方模板或教程用词","[{""url"":""https://openart.ai/blog/post/stable-diffusion-prompts-for-cinematic"",""recordId"":""gl-openart-15"",""originalText"":""space battle"",""field"":""samples[52].evidenceExcerpt"",""sourceType"":""官方模板或教程用词""}]"
"rainy city","雨中城市","en","消费题材","影视视觉；故事场景","官方模板或教程用词","[{""url"":""https://openart.ai/blog/post/stable-diffusion-prompts-for-cinematic"",""recordId"":""gl-openart-15"",""originalText"":""rainy city"",""field"":""samples[52].evidenceExcerpt"",""sourceType"":""官方模板或教程用词""}]"
"cover of my next book","下一本书的封面","en","创作任务","故事插图；幻想","竞品公开评论","[{""url"":""https://nightcafe.studio/blogs/blog/turn-stories-into-ai-art-prompt-guide"",""recordId"":""gl-nightcafe-03"",""originalText"":""cover of my next book"",""field"":""terms[106].term"",""sourceType"":""竞品公开评论""}]"
"images for songs","歌曲配图","en","创作任务","故事插图；幻想","竞品公开评论","[{""url"":""https://nightcafe.studio/blogs/blog/turn-stories-into-ai-art-prompt-guide"",""recordId"":""gl-nightcafe-03"",""originalText"":""images for songs"",""field"":""terms[107].term"",""sourceType"":""竞品公开评论""}]"
"想给视频配音","","zh","创作任务","视频解说；字幕配音","实践社区用户表达","[{""url"":""https://linux.do/t/topic/882368"",""recordId"":""w3-practice-linuxdo-01"",""originalText"":""想给视频配音"",""field"":""terms[0].sourceExcerpt"",""sourceType"":""实践社区用户表达""}]"
"AI味道轻一点","","mixed","创作任务","视频解说；字幕配音","实践社区用户表达","[{""url"":""https://linux.do/t/topic/882368"",""recordId"":""w3-practice-linuxdo-01"",""originalText"":""AI味道轻一点"",""field"":""terms[1].sourceExcerpt"",""sourceType"":""实践社区用户表达""}]"
"能导入字幕","","zh","创作任务","视频解说；视频编辑；配音字幕联动","实践社区用户表达","[{""url"":""https://linux.do/t/topic/2592450"",""recordId"":""w3-practice-linuxdo-02"",""originalText"":""能导入字幕"",""field"":""terms[2].sourceExcerpt"",""sourceType"":""实践社区用户表达""}]"
"按句切好一些","","zh","创作任务","视频解说；视频编辑；配音字幕联动","实践社区用户表达","[{""url"":""https://linux.do/t/topic/2592450"",""recordId"":""w3-practice-linuxdo-02"",""originalText"":""按句切好一些"",""field"":""terms[3].sourceExcerpt"",""sourceType"":""实践社区用户表达""}]"
"重走一遍流程","","zh","其他","视频解说；视频编辑；配音字幕联动","实践社区用户表达","[{""url"":""https://linux.do/t/topic/2592450"",""recordId"":""w3-practice-linuxdo-02"",""originalText"":""重走一遍流程"",""field"":""terms[4].sourceExcerpt"",""sourceType"":""实践社区用户表达""}]"
"截图搬运太慢","","zh","其他","课程理解；视频问答；历史作业","实践社区用户表达","[{""url"":""https://linux.do/t/topic/1676601"",""recordId"":""w3-practice-linuxdo-03"",""originalText"":""截图搬运太慢"",""field"":""terms[5].sourceExcerpt"",""sourceType"":""实践社区用户表达""}]"
"仔细问问原理","","zh","消费题材","课程理解；视频问答；历史作业","实践社区用户表达","[{""url"":""https://linux.do/t/topic/1676601"",""recordId"":""w3-practice-linuxdo-03"",""originalText"":""仔细问问原理"",""field"":""terms[6].sourceExcerpt"",""sourceType"":""实践社区用户表达""}]"
"近代史素材视频","","zh","创作任务","课程理解；视频问答；历史作业","实践社区用户表达","[{""url"":""https://linux.do/t/topic/1676601"",""recordId"":""w3-practice-linuxdo-03"",""originalText"":""近代史素材视频"",""field"":""terms[7].sourceExcerpt"",""sourceType"":""实践社区用户表达""}]"
"未经校对的字幕","","zh","创作任务","字幕制作；翻译；课程消费","创作者使用经历","[{""url"":""https://linux.do/t/topic/1617188"",""recordId"":""w3-practice-linuxdo-04"",""originalText"":""未经校对的字幕"",""field"":""terms[8].sourceExcerpt"",""sourceType"":""创作者使用经历""}]"
"想看的视频没有字幕","","zh","消费题材","字幕制作；翻译；课程消费","实践社区用户表达","[{""url"":""https://linux.do/t/topic/1617188"",""recordId"":""w3-practice-linuxdo-04"",""originalText"":""想看的视频没有字幕"",""field"":""terms[9].sourceExcerpt"",""sourceType"":""实践社区用户表达""}]"
"本地视频翻译","","zh","消费题材","视频翻译；知识传播；配音","实践社区用户表达","[{""url"":""https://linux.do/t/topic/178885"",""recordId"":""w3-practice-linuxdo-05"",""originalText"":""本地视频翻译"",""field"":""terms[10].sourceExcerpt"",""sourceType"":""实践社区用户表达""}]"
"数字人对口型","","zh","创作任务","视频翻译；知识传播；配音","实践供给者说明","[{""url"":""https://linux.do/t/topic/178885"",""recordId"":""w3-practice-linuxdo-05"",""originalText"":""数字人对口型"",""field"":""terms[11].sourceExcerpt"",""sourceType"":""实践供给者说明""}]"
"看视频本身","","zh","消费题材","外语学习；视频消费；字幕配音","实践社区用户表达","[{""url"":""https://linux.do/t/topic/270757"",""recordId"":""w3-practice-linuxdo-06"",""originalText"":""看视频本身"",""field"":""terms[12].sourceExcerpt"",""sourceType"":""实践社区用户表达""}]"
"自定义API","","mixed","创作任务","外语学习；视频消费；字幕配音","实践社区用户表达","[{""url"":""https://linux.do/t/topic/270757"",""recordId"":""w3-practice-linuxdo-06"",""originalText"":""自定义API"",""field"":""terms[13].sourceExcerpt"",""sourceType"":""实践社区用户表达""}]"
"缓存的问题","","zh","创作任务","外语学习；视频消费；字幕配音","创作者使用经历","[{""url"":""https://linux.do/t/topic/270757"",""recordId"":""w3-practice-linuxdo-06"",""originalText"":""缓存的问题"",""field"":""terms[14].sourceExcerpt"",""sourceType"":""创作者使用经历""}]"
"后期校准","","zh","其他","视频翻译；字幕校准；配音","实践社区用户表达","[{""url"":""https://linux.do/t/topic/222731"",""recordId"":""w3-practice-linuxdo-07"",""originalText"":""后期校准"",""field"":""terms[15].sourceExcerpt"",""sourceType"":""实践社区用户表达""}]"
"收费的啊","","zh","其他","视频翻译；字幕校准；配音","实践社区用户表达","[{""url"":""https://linux.do/t/topic/222731"",""recordId"":""w3-practice-linuxdo-07"",""originalText"":""收费的啊"",""field"":""terms[16].sourceExcerpt"",""sourceType"":""实践社区用户表达""}]"
"漏一段","","zh","其他","外语视频消费；移动端；实时字幕","实践社区用户表达","[{""url"":""https://linux.do/t/topic/1570447"",""recordId"":""w3-practice-linuxdo-08"",""originalText"":""漏一段"",""field"":""terms[17].sourceExcerpt"",""sourceType"":""实践社区用户表达""}]"
"原视频没字幕","","zh","其他","外语视频消费；移动端；实时字幕","实践社区用户表达","[{""url"":""https://linux.do/t/topic/1570447"",""recordId"":""w3-practice-linuxdo-08"",""originalText"":""原视频没字幕"",""field"":""terms[18].sourceExcerpt"",""sourceType"":""实践社区用户表达""}]"
"实时识别语音","","zh","消费题材","外语视频消费；移动端；实时字幕","实践社区用户表达","[{""url"":""https://linux.do/t/topic/1570447"",""recordId"":""w3-practice-linuxdo-08"",""originalText"":""实时识别语音"",""field"":""terms[19].sourceExcerpt"",""sourceType"":""实践社区用户表达""}]"
"本地视频","","zh","消费题材","双语学习；本地视频；字幕导出","实践社区用户表达","[{""url"":""https://linux.do/t/topic/181311"",""recordId"":""w3-practice-linuxdo-09"",""originalText"":""本地视频"",""field"":""terms[20].sourceExcerpt"",""sourceType"":""实践社区用户表达""}]"
"字幕可以导出txt吗","","mixed","创作任务","双语学习；本地视频；字幕导出","实践社区用户表达","[{""url"":""https://linux.do/t/topic/181311"",""recordId"":""w3-practice-linuxdo-09"",""originalText"":""字幕可以导出txt吗"",""field"":""terms[21].sourceExcerpt"",""sourceType"":""实践社区用户表达""}]"
"分析视频内容","","zh","消费题材","视频解说；视频理解；二次整理","实践社区用户表达","[{""url"":""https://linux.do/t/topic/894003"",""recordId"":""w3-practice-linuxdo-10"",""originalText"":""分析视频内容"",""field"":""terms[22].sourceExcerpt"",""sourceType"":""实践社区用户表达""}]"
"配解说词","","zh","创作任务","视频解说；视频理解；二次整理","实践社区用户表达","[{""url"":""https://linux.do/t/topic/894003"",""recordId"":""w3-practice-linuxdo-10"",""originalText"":""配解说词"",""field"":""terms[23].sourceExcerpt"",""sourceType"":""实践社区用户表达""}]"
"historical recreation","历史重现","en","创作任务","历史叙事；影视教学","平台策展转述","[{""url"":""https://runway.com/customers/how-sva-is-bringing-runways-tools-into-mfa-computer-arts"",""recordId"":""w3-practice-runway-01"",""originalText"":""historical recreation"",""field"":""terms[24].sourceExcerpt"",""sourceType"":""平台策展转述""}]"
"archival photos","档案照片","en","创作任务","历史叙事；影视教学","平台策展转述","[{""url"":""https://runway.com/customers/how-sva-is-bringing-runways-tools-into-mfa-computer-arts"",""recordId"":""w3-practice-runway-01"",""originalText"":""archival photos"",""field"":""terms[25].sourceExcerpt"",""sourceType"":""平台策展转述""}]"
"pitch books","提案册","en","创作任务","影视教育；角色表演；个人短片","平台策展转述","[{""url"":""https://runway.com/customers/usc-school-cinematic-arts-partnership"",""recordId"":""w3-practice-runway-02"",""originalText"":""pitch books"",""field"":""terms[26].sourceExcerpt"",""sourceType"":""平台策展转述""}]"
"directing performances","指导表演","en","创作任务","影视教育；角色表演；个人短片","平台策展转述","[{""url"":""https://runway.com/customers/usc-school-cinematic-arts-partnership"",""recordId"":""w3-practice-runway-02"",""originalText"":""directing performances"",""field"":""terms[27].sourceExcerpt"",""sourceType"":""平台策展转述""}]"
"animated memory fragments","动画化的记忆片段","en","创作任务","家庭记忆；迁移叙事；电影","平台策展转述","[{""url"":""https://runway.com/customers/behind-the-scenes-of-hanaa"",""recordId"":""w3-practice-runway-03"",""originalText"":""animated memory fragments"",""field"":""terms[28].sourceExcerpt"",""sourceType"":""平台策展转述""}]"
"live-action footage","实拍影像","en","创作任务","家庭记忆；迁移叙事；电影","平台策展转述","[{""url"":""https://runway.com/customers/behind-the-scenes-of-hanaa"",""recordId"":""w3-practice-runway-03"",""originalText"":""live-action footage"",""field"":""terms[29].sourceExcerpt"",""sourceType"":""平台策展转述""}]"
"establishing shot","建立镜头","en","创作任务","学生电影；心理叙事；镜头制作","平台策展转述","[{""url"":""https://runway.com/customers/chapman-student-filmmaker-uses-runway-wrestling-drama"",""recordId"":""w3-practice-runway-04"",""originalText"":""establishing shot"",""field"":""terms[30].sourceExcerpt"",""sourceType"":""平台策展转述""}]"
"stock images","图库图片","en","创作任务","学生电影；心理叙事；镜头制作","平台策展转述","[{""url"":""https://runway.com/customers/chapman-student-filmmaker-uses-runway-wrestling-drama"",""recordId"":""w3-practice-runway-04"",""originalText"":""stock images"",""field"":""terms[31].sourceExcerpt"",""sourceType"":""平台策展转述""}]"
"try multiple speeches","尝试多段演讲","en","消费题材","历史体验；互动影像；展览","平台策展转述","[{""url"":""https://runway.com/customers/behind-the-scenes-of-the-great-dictator-with-creator-gabo-arora"",""recordId"":""w3-practice-runway-05"",""originalText"":""try multiple speeches"",""field"":""terms[32].sourceExcerpt"",""sourceType"":""平台策展转述""}]"
"audience becomes the subject","观众成为作品主体","en","创作任务","历史体验；互动影像；展览","平台策展转述","[{""url"":""https://runway.com/customers/behind-the-scenes-of-the-great-dictator-with-creator-gabo-arora"",""recordId"":""w3-practice-runway-05"",""originalText"":""audience becomes the subject"",""field"":""terms[33].sourceExcerpt"",""sourceType"":""平台策展转述""}]"
"Generative Systems","生成系统","en","消费题材","艺术教育；实验影像","平台策展转述","[{""url"":""https://runway.com/customers/integrating-generative-ai-art-education-risd-daniel-lefcourt"",""recordId"":""w3-practice-runway-06"",""originalText"":""Generative Systems"",""field"":""terms[34].sourceExcerpt"",""sourceType"":""平台策展转述""}]"
"archival research","档案研究","en","创作任务","公益传播；体育叙事；人物记忆","平台策展转述","[{""url"":""https://runway.com/customers/how-upperfast-brought-unhcrs-fifa-world-cup-film-to-life-with-runway"",""recordId"":""w3-practice-runway-07"",""originalText"":""archival research"",""field"":""terms[35].sourceExcerpt"",""sourceType"":""平台策展转述""}]"
"collaborative visibility","协作过程可见性","en","创作任务","公益传播；体育叙事；人物记忆","平台策展转述","[{""url"":""https://runway.com/customers/how-upperfast-brought-unhcrs-fifa-world-cup-film-to-life-with-runway"",""recordId"":""w3-practice-runway-07"",""originalText"":""collaborative visibility"",""field"":""terms[36].sourceExcerpt"",""sourceType"":""平台策展转述""}]"
"Documentary B-Roll Generation","纪录片补充镜头生成","en","创作任务","纪录片；历史可视化；影视作业","教学材料用词","[{""url"":""https://runwayml.com/assets/runway-education-curriculum-packet-dec-2025.pdf"",""recordId"":""w3-practice-runway-08"",""originalText"":""Documentary B-Roll Generation"",""field"":""terms[37].sourceExcerpt"",""sourceType"":""教学材料用词""}]"
"before/after edit comparisons","剪辑前后对比","en","创作任务","纪录片；历史可视化；影视作业","教学材料用词","[{""url"":""https://runwayml.com/assets/runway-education-curriculum-packet-dec-2025.pdf"",""recordId"":""w3-practice-runway-08"",""originalText"":""before/after edit comparisons"",""field"":""terms[38].sourceExcerpt"",""sourceType"":""教学材料用词""}]"
"finalist films","入围影片","en","其他","AI电影观看；线下展映","平台活动或内容说明","[{""url"":""https://runway.com/news/runway-imax-aiff-presentation"",""recordId"":""w3-practice-runway-09"",""originalText"":""finalist films"",""field"":""terms[40].sourceExcerpt"",""sourceType"":""平台活动或内容说明""}]"
"inconsistent source material","不一致的来源素材","en","创作任务","人物故事；品牌传播；人像动画","平台策展转述","[{""url"":""https://runway.com/news/customers/chime"",""recordId"":""w3-practice-runway-10"",""originalText"":""inconsistent source material"",""field"":""terms[41].sourceExcerpt"",""sourceType"":""平台策展转述""}]"
"tweaking prompts","调整提示词","en","创作任务","人物故事；品牌传播；人像动画","平台策展转述","[{""url"":""https://runway.com/news/customers/chime"",""recordId"":""w3-practice-runway-10"",""originalText"":""tweaking prompts"",""field"":""terms[42].sourceExcerpt"",""sourceType"":""平台策展转述""}]"
"学习卡片","","zh","其他","课程视频；知识整理；学习卡片","实践供给者说明","[{""url"":""https://github.com/datawhalechina/video-devour"",""recordId"":""w3-practice-datawhale-01"",""originalText"":""学习卡片"",""field"":""terms[43].sourceExcerpt"",""sourceType"":""实践供给者说明""}]"
"知识图谱","","zh","其他","课程视频；知识整理；学习卡片","实践供给者说明","[{""url"":""https://github.com/datawhalechina/video-devour"",""recordId"":""w3-practice-datawhale-01"",""originalText"":""知识图谱"",""field"":""terms[44].sourceExcerpt"",""sourceType"":""实践供给者说明""}]"
"双语字幕","","zh","其他","AI应用学习；个人资料问答；双语课程","实践供给者说明","[{""url"":""https://github.com/datawhalechina/llm-cookbook"",""recordId"":""w3-practice-datawhale-02"",""originalText"":""双语字幕"",""field"":""terms[45].sourceExcerpt"",""sourceType"":""实践供给者说明""}]"
"学习地图","","zh","其他","AI编程学习；互动解释；应用制作","实践供给者说明","[{""url"":""https://github.com/datawhalechina/easy-vibe"",""recordId"":""w3-practice-datawhale-03"",""originalText"":""学习地图"",""field"":""terms[46].sourceExcerpt"",""sourceType"":""实践供给者说明""}]"
"Learn RAG like a game","像玩游戏一样学习RAG","en","创作任务","AI编程学习；互动解释；应用制作","实践供给者说明","[{""url"":""https://github.com/datawhalechina/easy-vibe"",""recordId"":""w3-practice-datawhale-03"",""originalText"":""Learn RAG like a game"",""field"":""terms[47].sourceExcerpt"",""sourceType"":""实践供给者说明""}]"
"只保留鼠标操作","","zh","创作任务","课堂应用；儿童编程；AI辅助制作","平台策展转述","[{""url"":""https://datawhalechina.github.io/easy-vibe/zh-cn/vibe-stories/story-1.html"",""recordId"":""w3-practice-datawhale-04"",""originalText"":""只保留鼠标操作"",""field"":""terms[49].sourceExcerpt"",""sourceType"":""平台策展转述""}]"
"校园里的二手交易","","zh","消费题材","校园应用；学习互助；AI编程","平台策展转述","[{""url"":""https://datawhalechina.github.io/easy-vibe/zh-cn/vibe-stories/story-2.html"",""recordId"":""w3-practice-datawhale-05"",""originalText"":""校园里的二手交易"",""field"":""terms[50].sourceExcerpt"",""sourceType"":""平台策展转述""}]"
"每天的任务打卡","","zh","运营热词","校园应用；学习互助；AI编程","平台策展转述","[{""url"":""https://datawhalechina.github.io/easy-vibe/zh-cn/vibe-stories/story-2.html"",""recordId"":""w3-practice-datawhale-05"",""originalText"":""每天的任务打卡"",""field"":""terms[51].sourceExcerpt"",""sourceType"":""平台策展转述""}]"
"不直接给答案","","zh","创作任务","中学教学；编程答疑；学习引导","平台策展转述","[{""url"":""https://datawhalechina.github.io/easy-vibe/zh-cn/vibe-stories/story-3.html"",""recordId"":""w3-practice-datawhale-06"",""originalText"":""不直接给答案"",""field"":""terms[52].sourceExcerpt"",""sourceType"":""平台策展转述""}]"
"学习引导","","zh","消费题材","中学教学；编程答疑；学习引导","平台策展转述","[{""url"":""https://datawhalechina.github.io/easy-vibe/zh-cn/vibe-stories/story-3.html"",""recordId"":""w3-practice-datawhale-06"",""originalText"":""学习引导"",""field"":""terms[53].sourceExcerpt"",""sourceType"":""平台策展转述""}]"
"帮我做个贪吃蛇","","zh","创作任务","兴趣学习；物流可视化；照片修复；AI工具制作","平台策展转述","[{""url"":""https://datawhalechina.github.io/easy-vibe/zh-cn/vibe-stories/story-4.html"",""recordId"":""w3-practice-datawhale-07"",""originalText"":""帮我做个贪吃蛇"",""field"":""terms[54].sourceExcerpt"",""sourceType"":""平台策展转述""}]"
"生成个动态地图","","zh","创作任务","兴趣学习；物流可视化；照片修复；AI工具制作","平台策展转述","[{""url"":""https://datawhalechina.github.io/easy-vibe/zh-cn/vibe-stories/story-4.html"",""recordId"":""w3-practice-datawhale-07"",""originalText"":""生成个动态地图"",""field"":""terms[55].sourceExcerpt"",""sourceType"":""平台策展转述""}]"
"老照片修复","","zh","创作任务","兴趣学习；物流可视化；照片修复；AI工具制作","平台策展转述","[{""url"":""https://datawhalechina.github.io/easy-vibe/zh-cn/vibe-stories/story-4.html"",""recordId"":""w3-practice-datawhale-07"",""originalText"":""老照片修复"",""field"":""terms[56].sourceExcerpt"",""sourceType"":""平台策展转述""}]"
"需要添加分词处理中文","","zh","其他","知识库检索；中文资料；教程复用","实践社区用户表达","[{""url"":""https://github.com/datawhalechina/all-in-rag/issues/102"",""recordId"":""w3-practice-datawhale-08"",""originalText"":""需要添加分词处理中文"",""field"":""terms[57].sourceExcerpt"",""sourceType"":""实践社区用户表达""}]"
"推导不出来","","zh","消费题材","机器学习学习；数学解释；资料查阅","实践供给者说明","[{""url"":""https://github.com/datawhalechina/pumpkin-book"",""recordId"":""w3-practice-datawhale-09"",""originalText"":""推导不出来"",""field"":""terms[58].sourceExcerpt"",""sourceType"":""实践供给者说明""}]"
"看不懂的公式","","zh","消费题材","机器学习学习；数学解释；资料查阅","实践供给者说明","[{""url"":""https://github.com/datawhalechina/pumpkin-book"",""recordId"":""w3-practice-datawhale-09"",""originalText"":""看不懂的公式"",""field"":""terms[59].sourceExcerpt"",""sourceType"":""实践供给者说明""}]"
"智能旅行助手","","zh","创作任务","Agent学习；旅行规划；资料研究","实践供给者说明","[{""url"":""https://github.com/datawhalechina/hello-agents"",""recordId"":""w3-practice-datawhale-10"",""originalText"":""智能旅行助手"",""field"":""terms[60].sourceExcerpt"",""sourceType"":""实践供给者说明""}]"
"自动化深度研究智能体","","zh","创作任务","Agent学习；旅行规划；资料研究","实践供给者说明","[{""url"":""https://github.com/datawhalechina/hello-agents"",""recordId"":""w3-practice-datawhale-10"",""originalText"":""自动化深度研究智能体"",""field"":""terms[61].sourceExcerpt"",""sourceType"":""实践供给者说明""}]"
"KINEMATIC RECONSTRUCTION","运动学重建","en","创作任务","机器人科普；互动结构教学","平台界面或演示用词","[{""url"":""https://mishig-microduck-anatomy.hf.space/"",""recordId"":""w3-practice-huggingface-01"",""originalText"":""KINEMATIC RECONSTRUCTION"",""field"":""terms[62].sourceExcerpt"",""sourceType"":""平台界面或演示用词""}]"
"Paint neurons","涂选神经元","en","创作任务","神经科学科普；互动模拟","平台界面或演示用词","[{""url"":""https://xenova-fruit-fly-simulation.static.hf.space/index.html"",""recordId"":""w3-practice-huggingface-03"",""originalText"":""Paint neurons"",""field"":""terms[64].sourceExcerpt"",""sourceType"":""平台界面或演示用词""}]"
"Data in 3D is confusing","三维数据容易令人困惑","en","创作任务","3D科普；图形学学习","实践供给者说明","[{""url"":""https://suvadityamuk-3d-representations-guide.static.hf.space/index.html"",""recordId"":""w3-practice-huggingface-04"",""originalText"":""Data in 3D is confusing"",""field"":""terms[66].sourceExcerpt"",""sourceType"":""实践供给者说明""}]"
"Write your own interactive articles","写自己的互动文章","en","创作任务","模型科普；架构阅读；互动写作","平台界面或演示用词","[{""url"":""https://embedl-hfviewer.static.hf.space/index.html"",""recordId"":""w3-practice-huggingface-05"",""originalText"":""Write your own interactive articles"",""field"":""terms[69].sourceExcerpt"",""sourceType"":""平台界面或演示用词""}]"
"Speech Content Editing","语音内容编辑","en","创作任务","配音；声音编辑；解说制作","平台界面或演示用词","[{""url"":""https://tencent-auk.hf.space/?__theme=system"",""recordId"":""w3-practice-huggingface-06"",""originalText"":""Speech Content Editing"",""field"":""terms[70].sourceExcerpt"",""sourceType"":""平台界面或演示用词""}]"
"Speed Editing","语速编辑","en","创作任务","配音；声音编辑；解说制作","平台界面或演示用词","[{""url"":""https://tencent-auk.hf.space/?__theme=system"",""recordId"":""w3-practice-huggingface-06"",""originalText"":""Speed Editing"",""field"":""terms[71].sourceExcerpt"",""sourceType"":""平台界面或演示用词""}]"
"Voice Direction","声音指导","en","创作任务","中英配音；角色声音；声音克隆","平台界面或演示用词","[{""url"":""https://breezeblue-breeze-tts-2-demo.hf.space/?__theme=system"",""recordId"":""w3-practice-huggingface-08"",""originalText"":""Voice Direction"",""field"":""terms[72].sourceExcerpt"",""sourceType"":""平台界面或演示用词""}]"
"Reference transcript (exact)","精确参考转写","en","创作任务","中英配音；角色声音；声音克隆","平台界面或演示用词","[{""url"":""https://breezeblue-breeze-tts-2-demo.hf.space/?__theme=system"",""recordId"":""w3-practice-huggingface-08"",""originalText"":""Reference transcript (exact)"",""field"":""terms[73].sourceExcerpt"",""sourceType"":""平台界面或演示用词""}]"
"怎样保持名胜古迹的原貌","","zh","创作任务","历史叙事；文旅；音乐视频","创作者使用经历","[{""url"":""https://articles.waytoagi.com/docs/K5duwFRnciNmsDklW8UcRzmGnCb/"",""recordId"":""w3-practice-waytoagi-01"",""originalText"":""怎样保持名胜古迹的原貌"",""field"":""terms[74].sourceExcerpt"",""sourceType"":""创作者使用经历""}]"
"导演知识的缺乏","","zh","创作任务","历史叙事；文旅；音乐视频","创作者使用经历","[{""url"":""https://articles.waytoagi.com/docs/K5duwFRnciNmsDklW8UcRzmGnCb/"",""recordId"":""w3-practice-waytoagi-01"",""originalText"":""导演知识的缺乏"",""field"":""terms[75].sourceExcerpt"",""sourceType"":""创作者使用经历""}]"
"设计小说的角色","","zh","创作任务","小说创作；故事结构","实践供给者说明","[{""url"":""https://articles.waytoagi.com/docs/JErnwDnhCiwofxkXHMocLQ33ndd/"",""recordId"":""w3-practice-waytoagi-02"",""originalText"":""设计小说的角色"",""field"":""terms[76].sourceExcerpt"",""sourceType"":""实践供给者说明""}]"
"创作穿越故事","","zh","创作任务","文学人物；历史题材虚构；短片制作","实践供给者说明","[{""url"":""https://articles.waytoagi.com/docs/Fohuwdz2Bi2NOzkQOJ8cHpmWnvf/"",""recordId"":""w3-practice-waytoagi-03"",""originalText"":""创作穿越故事"",""field"":""terms[77].sourceExcerpt"",""sourceType"":""实践供给者说明""}]"
"具象元素列表","","zh","创作任务","视频制作；提示词；镜头语言","实践供给者说明","[{""url"":""https://articles.waytoagi.com/docs/DWtswN8hciY278k5MohcHgyanvd/"",""recordId"":""w3-practice-waytoagi-04"",""originalText"":""具象元素列表"",""field"":""terms[78].sourceExcerpt"",""sourceType"":""实践供给者说明""}]"
"镜头移动速度","","zh","创作任务","视频制作；提示词；镜头语言","实践供给者说明","[{""url"":""https://articles.waytoagi.com/docs/DWtswN8hciY278k5MohcHgyanvd/"",""recordId"":""w3-practice-waytoagi-04"",""originalText"":""镜头移动速度"",""field"":""terms[79].sourceExcerpt"",""sourceType"":""实践供给者说明""}]"
"影视二创长剪短","","zh","创作任务","解说制作；视频分析；长剪短","实践供给者说明","[{""url"":""https://articles.waytoagi.com/docs/N853wDwkEifSEKktALVcDNEPnCf/"",""recordId"":""w3-practice-waytoagi-05"",""originalText"":""影视二创长剪短"",""field"":""terms[80].sourceExcerpt"",""sourceType"":""实践供给者说明""}]"
"相机运动方式+场景+细节","","zh","创作任务","视频提示；共测；文字画面","实践供给者说明","[{""url"":""https://articles.waytoagi.com/docs/KcuUwpdUViEiVLkWoY9cbnngnxg"",""recordId"":""w3-practice-waytoagi-06"",""originalText"":""相机运动方式+场景+细节"",""field"":""terms[81].sourceExcerpt"",""sourceType"":""实践供给者说明""}]"
"同一个提示词","","zh","创作任务","图生视频；表情与小故事；视频入门","实践供给者说明","[{""url"":""https://articles.waytoagi.com/docs/K0bJwL0JiiRv4okHHiKcY8PTn8g"",""recordId"":""w3-practice-waytoagi-07"",""originalText"":""同一个提示词"",""field"":""terms[82].sourceExcerpt"",""sourceType"":""实践供给者说明""}]"
"主体运动","","zh","创作任务","图生视频；表情与小故事；视频入门","实践供给者说明","[{""url"":""https://articles.waytoagi.com/docs/K0bJwL0JiiRv4okHHiKcY8PTn8g"",""recordId"":""w3-practice-waytoagi-07"",""originalText"":""主体运动"",""field"":""terms[83].sourceExcerpt"",""sourceType"":""实践供给者说明""}]"
"工作流模板","","zh","创作任务","视频共创；项目协作；学习活动","实践供给者说明","[{""url"":""https://articles.waytoagi.com/docs/QiuXwnh8LiUj12kzKVNcs7h4ncd/"",""recordId"":""w3-practice-waytoagi-08"",""originalText"":""工作流模板"",""field"":""terms[84].sourceExcerpt"",""sourceType"":""实践供给者说明""}]"
"模板复制权限","","zh","创作任务","视频共创；项目协作；学习活动","实践供给者说明","[{""url"":""https://articles.waytoagi.com/docs/QiuXwnh8LiUj12kzKVNcs7h4ncd/"",""recordId"":""w3-practice-waytoagi-08"",""originalText"":""模板复制权限"",""field"":""terms[85].sourceExcerpt"",""sourceType"":""实践供给者说明""}]"
"运镜幅度","","zh","创作任务","视频运镜；镜头控制","实践供给者说明","[{""url"":""https://articles.waytoagi.com/docs/YaXwwq5qti57MOkH5cJcsTyznyf"",""recordId"":""w3-practice-waytoagi-09"",""originalText"":""运镜幅度"",""field"":""terms[86].sourceExcerpt"",""sourceType"":""实践供给者说明""}]"
"单镜头画面要素","","zh","创作任务","分镜分析；视觉叙事；提示模板","实践供给者说明","[{""url"":""https://articles.waytoagi.com/docs/UZddwLua0idtgukpvcFcsaaOnwh/"",""recordId"":""w3-practice-waytoagi-10"",""originalText"":""单镜头画面要素"",""field"":""terms[87].sourceExcerpt"",""sourceType"":""实践供给者说明""}]"
"描述要素之间的关系","","zh","创作任务","分镜分析；视觉叙事；提示模板","实践供给者说明","[{""url"":""https://articles.waytoagi.com/docs/UZddwLua0idtgukpvcFcsaaOnwh/"",""recordId"":""w3-practice-waytoagi-10"",""originalText"":""描述要素之间的关系"",""field"":""terms[88].sourceExcerpt"",""sourceType"":""实践供给者说明""}]"
"批量生成长文本","","zh","创作任务","配音；长文音频；声音控制","实践供给者说明","[{""url"":""https://www.modelscope.cn/skills/%40diegosouzapw/qwen3-tts"",""recordId"":""w3-practice-modelscope-01"",""originalText"":""批量生成长文本"",""field"":""terms[89].sourceExcerpt"",""sourceType"":""实践供给者说明""}]"
"调整语速","","zh","创作任务","配音；长文音频；声音控制","实践供给者说明","[{""url"":""https://www.modelscope.cn/skills/%40diegosouzapw/qwen3-tts"",""recordId"":""w3-practice-modelscope-01"",""originalText"":""调整语速"",""field"":""terms[90].sourceExcerpt"",""sourceType"":""实践供给者说明""}]"
"时间节点和对应文字","","zh","创作任务","字幕配音；时间轴；语音生成","搜索索引中的用户表达","[{""url"":""https://www.modelscope.cn/models/OpenBMB/VoxCPM2/pretrained_models/VoxCPM2"",""recordId"":""w3-practice-modelscope-02"",""originalText"":""时间节点和对应文字"",""field"":""terms[91].sourceExcerpt"",""sourceType"":""搜索索引中的用户表达""}]"
"一直显示繁忙","","zh","创作任务","字幕配音；时间轴；语音生成","搜索索引中的用户表达","[{""url"":""https://www.modelscope.cn/models/OpenBMB/VoxCPM2/pretrained_models/VoxCPM2"",""recordId"":""w3-practice-modelscope-02"",""originalText"":""一直显示繁忙"",""field"":""terms[92].sourceExcerpt"",""sourceType"":""搜索索引中的用户表达""}]"
"同一句话每次生成都不一样","","zh","创作任务","语音生成；一致性；配音","搜索索引中的用户表达","[{""url"":""https://www.modelscope.cn/models/Qwen/Qwen3-TTS-12Hz-1.7B-CustomVoice/feedback?type=default"",""recordId"":""w3-practice-modelscope-03"",""originalText"":""同一句话每次生成都不一样"",""field"":""terms[93].sourceExcerpt"",""sourceType"":""搜索索引中的用户表达""}]"
"语速可以调整吗","","zh","创作任务","语音生成；一致性；配音","搜索索引中的用户表达","[{""url"":""https://www.modelscope.cn/models/Qwen/Qwen3-TTS-12Hz-1.7B-CustomVoice/feedback?type=default"",""recordId"":""w3-practice-modelscope-03"",""originalText"":""语速可以调整吗"",""field"":""terms[94].sourceExcerpt"",""sourceType"":""搜索索引中的用户表达""}]"
"标题分级","","zh","创作任务","读书资料；PDF解析；知识库","搜索索引中的用户表达","[{""url"":""https://www.modelscope.cn/models/OpenDataLab/MinerU2.5-Pro-2605-1.2B/feedback"",""recordId"":""w3-practice-modelscope-04"",""originalText"":""标题分级"",""field"":""terms[95].sourceExcerpt"",""sourceType"":""搜索索引中的用户表达""}]"
"解析不一样","","zh","创作任务","读书资料；PDF解析；知识库","搜索索引中的用户表达","[{""url"":""https://www.modelscope.cn/models/OpenDataLab/MinerU2.5-Pro-2605-1.2B/feedback"",""recordId"":""w3-practice-modelscope-04"",""originalText"":""解析不一样"",""field"":""terms[96].sourceExcerpt"",""sourceType"":""搜索索引中的用户表达""}]"
"公式识别","","zh","创作任务","PDF整理；书籍资料；表格公式","实践供给者说明","[{""url"":""https://community.modelscope.cn/66d7d4552045de334a578f8d.html"",""recordId"":""w3-practice-modelscope-05"",""originalText"":""公式识别"",""field"":""terms[97].sourceExcerpt"",""sourceType"":""实践供给者说明""}]"
"PDF提取结果质检","","mixed","创作任务","PDF整理；书籍资料；表格公式","实践供给者说明","[{""url"":""https://community.modelscope.cn/66d7d4552045de334a578f8d.html"",""recordId"":""w3-practice-modelscope-05"",""originalText"":""PDF提取结果质检"",""field"":""terms[98].sourceExcerpt"",""sourceType"":""实践供给者说明""}]"
"影评/书评撰写","","zh","创作任务","读书写作；资料改写；讲稿","实践供给者说明","[{""url"":""https://modelscope.cn/skills/%40zai-org/glmv-doc-based-writing"",""recordId"":""w3-practice-modelscope-06"",""originalText"":""影评/书评撰写"",""field"":""terms[99].sourceExcerpt"",""sourceType"":""实践供给者说明""}]"
"发言稿撰写","","zh","创作任务","读书写作；资料改写；讲稿","实践供给者说明","[{""url"":""https://modelscope.cn/skills/%40zai-org/glmv-doc-based-writing"",""recordId"":""w3-practice-modelscope-06"",""originalText"":""发言稿撰写"",""field"":""terms[100].sourceExcerpt"",""sourceType"":""实践供给者说明""}]"
"多模态RAG评估","","mixed","创作任务","多模态知识库；文档理解；评估学习","实践供给者说明","[{""url"":""https://community.modelscope.cn/672c33092db35d1195071c61.html"",""recordId"":""w3-practice-modelscope-08"",""originalText"":""多模态RAG评估"",""field"":""terms[103].sourceExcerpt"",""sourceType"":""实践供给者说明""}]"
"Figure–Table Integration","图与表的整合","en","创作任务","信息图；科普图解；报告视觉","模型卡说明","[{""url"":""https://modelscope.cn/models/SenseNova/SenseNova-U1-8B-MoT-Infographic"",""recordId"":""w3-practice-modelscope-09"",""originalText"":""Figure–Table Integration"",""field"":""terms[104].sourceExcerpt"",""sourceType"":""模型卡说明""}]"
"unreadable text","不可辨认的文字","en","创作任务","信息图；科普图解；报告视觉","模型卡说明","[{""url"":""https://modelscope.cn/models/SenseNova/SenseNova-U1-8B-MoT-Infographic"",""recordId"":""w3-practice-modelscope-09"",""originalText"":""unreadable text"",""field"":""terms[105].sourceExcerpt"",""sourceType"":""模型卡说明""}]"
"AI人像视频多风格漫画","","mixed","创作任务","人像视频；风格化；娱乐创作","实践供给者说明","[{""url"":""https://www.modelscope.cn/models/damo/cv_unet_person-image-cartoon_compound-models/"",""recordId"":""w3-practice-modelscope-10"",""originalText"":""AI人像视频多风格漫画"",""field"":""terms[106].sourceExcerpt"",""sourceType"":""实践供给者说明""}]"
